Date,Description,Deposit Amount,Withdrawal Amount,Notes,Category Name,Category Id,Ledger Id,Ledger Name
15-08-2025,UPI-APOLLO PHARMACY-MISC-248087,,5048,,Miscellaneous,12,499,Miscellaneous Ledger
13-03-2026,UPI-DMART-COACHING FEES,,2214,,Education & Books,10,308,Education Expense Ledger
23-12-2025,UPI-AK JUICE CENTRE-CLOTHING,,9232,,Shopping & Lifestyle,6,304,Shopping Expense Ledger
04-11-2025,RELIANCE DIGITAL SUBSCRIPTION-466008,,2743,,Entertainment,8,306,Entertainment Expense Ledger
27-05-2025,UPI-ZERODHA BROKING LTD-CAB RIDE,,14631,,Transport & Travel,5,303,Travel Expense Ledger
27-05-2025,UPI-OLA CABS-MOBILE BILL,,3341,,Utilities & Bills,7,305,Utilities Expense Ledger
22-04-2025,CC BILL PAYMENT-667518127,,67707,,Credit Card Payment,11,401,Credit Card Payment Ledger
10-02-2026,UPI-ZOMATO-MOBILE BILL,,1649,,Utilities & Bills,7,305,Utilities Expense Ledger
05-11-2025,DOMINOS PIZZA SUBSCRIPTION-883441,,4360,,Entertainment,8,306,Entertainment Expense Ledger
14-12-2025,UPI-IRCTC UTS-CAB RIDE,,3770,,Transport & Travel,5,303,Travel Expense Ledger
08-04-2025,NEFT CR-SALARY-ASSET VANTAGE,58322,,,Salary Income,1,201,Salary Ledger
20-03-2026,UPI-DMART-MUMBAI TRIP,,12771,,Transport & Travel,5,303,Travel Expense Ledger
29-01-2026,UPI-DOMINOS PIZZA-PHARMACY,,6504,,Health & Medical,9,307,Medical Expense Ledger
17-06-2025,BANK TRANSFER-HOUSE RENT-229350,,33470,,Rent & Housing,4,302,Rent Expense Ledger
06-06-2025,UPI-NETFLIX-SHOPPING,,19646,,Shopping & Lifestyle,6,304,Shopping Expense Ledger
06-06-2025,RELIANCE DIGITAL SUBSCRIPTION-380618,,672,,Entertainment,8,306,Entertainment Expense Ledger
20-07-2025,UPI-NETFLIX-PHARMACY,,6766,,Health & Medical,9,307,Medical Expense Ledger
09-10-2025,OCT 2025 SALARY CREDIT,41633,,,Salary Income,1,201,Salary Ledger
05-09-2025,UPI-FLIPKART-SHOPPING,,11049,,Shopping & Lifestyle,6,304,Shopping Expense Ledger
16-07-2025,UPI-STARBUCKS-CAB RIDE,,11880,,Transport & Travel,5,303,Travel Expense Ledger
09-11-2025,UPI-CREDCLUB-PHARMACY,,3337,,Health & Medical,9,307,Medical Expense Ledger
21-05-2025,UPI-OLA CABS-JUICE,,686,,Groceries & Food,3,301,Groceries Expense Ledger
16-07-2025,BHARGAV SANDEEP DESAI SUBSCRIPTION-953695,,4766,,Entertainment,8,306,Entertainment Expense Ledger
12-08-2025,UPI-AIRTEL PAYMENTS BANK-LUNCH,,1904,,Groceries & Food,3,301,Groceries Expense Ledger
14-09-2025,UPI-AK JUICE CENTRE-CAB RIDE,,12919,,Transport & Travel,5,303,Travel Expense Ledger
11-01-2026,RENT PAYMENT-303127,,38933,,Rent & Housing,4,302,Rent Expense Ledger
12-06-2025,UPI-APOLLO PHARMACY-CONCERT TICKETS,,1849,,Entertainment,8,306,Entertainment Expense Ledger
05-10-2025,UPI-RELIANCE DIGITAL-PHARMACY,,7023,,Health & Medical,9,307,Medical Expense Ledger
02-11-2025,NOV 2025 SALARY CREDIT,69118,,,Salary Income,1,201,Salary Ledger
17-04-2025,UPI-ZOMATO-CONCERT TICKETS,,4070,,Entertainment,8,306,Entertainment Expense Ledger
08-11-2025,UPI-GOOGLEPAY-ONLINE COURSE,,9403,,Education & Books,10,308,Education Expense Ledger
02-06-2025,UPI-SPOTIFY-ELECTRICITY BILL,,2014,,Utilities & Bills,7,305,Utilities Expense Ledger
24-04-2025,UPI-CREDCLUB-CRED PAYMENT-940135434,,33658,,Credit Card Payment,11,401,Credit Card Payment Ledger
12-03-2026,UPI-OLA CABS-CONCERT TICKETS,,3757,,Entertainment,8,306,Entertainment Expense Ledger
18-03-2026,UPI-DOMINOS PIZZA-MEDICAL BILL,,2411,,Health & Medical,9,307,Medical Expense Ledger
20-01-2026,UPI-PVR CINEMAS-GAMING,,4754,,Entertainment,8,306,Entertainment Expense Ledger
20-07-2025,CRISIL LIMITED INTEREST CREDIT-577958,7021,,,Investment Income,2,202,Investment Income Ledger
06-05-2025,UPI-SPOTIFY-FOOD,,308,,Groceries & Food,3,301,Groceries Expense Ledger
06-12-2025,NEFT CR-CREDIT CARD BILL PAYMENT-704351392,,5135,,Credit Card Payment,11,401,Credit Card Payment Ledger
08-09-2025,UPI-NATURAL ICE CREAM-MISC-919812,,3250,,Miscellaneous,12,499,Miscellaneous Ledger
15-05-2025,UPI-AK JUICE CENTRE-MISC-139901,,737,,Miscellaneous,12,499,Miscellaneous Ledger
28-09-2025,UPI-ZOMATO-SHOPPING,,6106,,Shopping & Lifestyle,6,304,Shopping Expense Ledger
13-04-2025,CC BILL PAYMENT-625849588,,55400,,Credit Card Payment,11,401,Credit Card Payment Ledger
25-02-2026,OLA CABS PAYMENT-812770819,,769,,Transport & Travel,5,303,Travel Expense Ledger
04-07-2025,UPI-UBER-MISC-906527,1175,,,Miscellaneous,12,499,Miscellaneous Ledger
28-11-2025,UPI-CREDCLUB-CRED PAYMENT-499562882,,9004,,Credit Card Payment,11,401,Credit Card Payment Ledger
23-07-2025,APR JUL SALARY,66819,,,Salary Income,1,201,Salary Ledger
07-10-2025,HINDUSTAN UNILEVER LTD INTEREST CREDIT-395138,7883,,,Investment Income,2,202,Investment Income Ledger
17-10-2025,UPI-SPOTIFY-MISC-756005,314,,,Miscellaneous,12,499,Miscellaneous Ledger
07-06-2025,UPI-CROSSWORD BOOKSTORE-DINNER,,1468,,Groceries & Food,3,301,Groceries Expense Ledger
19-03-2026,UPI-OLA CABS-MISC-408449,,10141,,Miscellaneous,12,499,Miscellaneous Ledger
08-01-2026,UPI-RELIANCE DIGITAL-ELECTRONICS,,9546,,Shopping & Lifestyle,6,304,Shopping Expense Ledger
08-03-2026,UPI-ZERODHA BROKING LTD-CAB RIDE,,6399,,Transport & Travel,5,303,Travel Expense Ledger
20-02-2026,NEFT-RENT-827346,,51553,,Rent & Housing,4,302,Rent Expense Ledger
04-11-2025,DIVIDEND CREDIT HDFC BANK-970678,5483,,,Investment Income,2,202,Investment Income Ledger
02-03-2026,UPI-ZOMATO-CLOTHING,,6616,,Shopping & Lifestyle,6,304,Shopping Expense Ledger
03-05-2025,CC BILL PAYMENT-117071962,,77637,,Credit Card Payment,11,401,Credit Card Payment Ledger
11-06-2025,UPI-PVR CINEMAS-JUICE,,338,,Groceries & Food,3,301,Groceries Expense Ledger
17-04-2025,DIVIDEND CREDIT RELIANCE INDUSTRIES-765847,1139,,,Investment Income,2,202,Investment Income Ledger
28-07-2025,UPI-AMAZON INDIA-MISC-138547,,9312,,Miscellaneous,12,499,Miscellaneous Ledger
20-08-2025,UPI-UBER-MISC-846111,6194,,,Miscellaneous,12,499,Miscellaneous Ledger
08-07-2025,UPI-CROSSWORD BOOKSTORE-LUNCH,,491,,Groceries & Food,3,301,Groceries Expense Ledger
27-01-2026,UPI-BHARGAV SANDEEP DESAI-CLOTHING,,14678,,Shopping & Lifestyle,6,304,Shopping Expense Ledger
08-08-2025,UPI-APOLLO PHARMACY-MEDICAL BILL,,3900,,Health & Medical,9,307,Medical Expense Ledger
12-07-2025,NEFT-RENT-940230,,56781,,Rent & Housing,4,302,Rent Expense Ledger
15-10-2025,UPI-SWIGGY-LAB TESTS,,4138,,Health & Medical,9,307,Medical Expense Ledger
22-05-2025,ACH C- ASIAN PAINTS LTD DIVIDEND-435098,1188,,,Investment Income,2,202,Investment Income Ledger
17-01-2026,CC BILL PAYMENT-576696154,,68990,,Credit Card Payment,11,401,Credit Card Payment Ledger
28-04-2025,TCS LIMITED INTEREST CREDIT-186516,6751,,,Investment Income,2,202,Investment Income Ledger
26-03-2026,UPI-APOLLO PHARMACY-GAMING,,3718,,Entertainment,8,306,Entertainment Expense Ledger
07-01-2026,NEFT-RENT-346183,,50864,,Rent & Housing,4,302,Rent Expense Ledger
12-06-2025,GOOGLEPAY SUBSCRIPTION-134518,,4465,,Entertainment,8,306,Entertainment Expense Ledger
03-04-2025,UPI-MYNTRA-SHOPPING,,18551,,Shopping & Lifestyle,6,304,Shopping Expense Ledger
22-01-2026,UPI-AMAZON INDIA-FOOD,,1499,,Groceries & Food,3,301,Groceries Expense Ledger
14-12-2025,UPI-APOLLO PHARMACY-MISC-565982,5125,,,Miscellaneous,12,499,Miscellaneous Ledger
22-12-2025,UPI-UBER-LAB TESTS,,3010,,Health & Medical,9,307,Medical Expense Ledger
06-01-2026,UPI-CROSSWORD BOOKSTORE-DOCTOR CONSULTATION,,1731,,Health & Medical,9,307,Medical Expense Ledger
27-04-2025,BANK TRANSFER-HOUSE RENT-658516,,12493,,Rent & Housing,4,302,Rent Expense Ledger
09-08-2025,NEFT-RENT-935869,,39655,,Rent & Housing,4,302,Rent Expense Ledger
13-05-2025,UPI-OLA CABS-MEDICAL BILL,,2567,,Health & Medical,9,307,Medical Expense Ledger
09-02-2026,BANK TRANSFER-HOUSE RENT-195028,,55192,,Rent & Housing,4,302,Rent Expense Ledger
13-11-2025,UPI-AK JUICE CENTRE-LUNCH,,2431,,Groceries & Food,3,301,Groceries Expense Ledger
30-07-2025,NEFT CR-CREDIT CARD BILL PAYMENT-820715624,,9259,,Credit Card Payment,11,401,Credit Card Payment Ledger
24-04-2025,UPI-NETFLIX-CLOTHING,,19782,,Shopping & Lifestyle,6,304,Shopping Expense Ledger
23-07-2025,UPI-APOLLO PHARMACY-MISC-560244,,5204,,Miscellaneous,12,499,Miscellaneous Ledger
28-07-2025,UPI-IRCTC UTS-MUMBAI TRIP,,1448,,Transport & Travel,5,303,Travel Expense Ledger
22-12-2025,UPI-AMAZON INDIA-MISC-146403,,7206,,Miscellaneous,12,499,Miscellaneous Ledger
19-11-2025,UPI-OLA CABS-DINNER,,1026,,Groceries & Food,3,301,Groceries Expense Ledger
17-02-2026,APR FEB SALARY,86087,,,Salary Income,1,201,Salary Ledger
19-09-2025,UPI-MYNTRA-SHOPPING,,12051,,Shopping & Lifestyle,6,304,Shopping Expense Ledger
14-05-2025,UPI-NATURAL ICE CREAM-COACHING FEES,,6948,,Education & Books,10,308,Education Expense Ledger
16-12-2025,UPI-DMART-MUMBAI TRIP,,8086,,Transport & Travel,5,303,Travel Expense Ledger
02-01-2026,UPI-AK JUICE CENTRE-JUICE,,181,,Groceries & Food,3,301,Groceries Expense Ledger
22-10-2025,UPI-STARBUCKS-ONLINE SHOPPING,,16500,,Shopping & Lifestyle,6,304,Shopping Expense Ledger
06-01-2026,UPI-UBER-MISC-949256,,243,,Miscellaneous,12,499,Miscellaneous Ledger
27-09-2025,NEFT CR-SALARY-WIPRO,72327,,,Salary Income,1,201,Salary Ledger
08-10-2025,UPI-SPOTIFY-SHOPPING,,2461,,Shopping & Lifestyle,6,304,Shopping Expense Ledger
03-09-2025,SALARY CREDIT SEP 2025,46716,,,Salary Income,1,201,Salary Ledger
10-04-2025,UPI-MYNTRA-STATIONERY,,4578,,Education & Books,10,308,Education Expense Ledger
10-05-2025,UPI-SWIGGY-MISC-561552,12699,,,Miscellaneous,12,499,Miscellaneous Ledger
12-04-2025,UPI-PVR CINEMAS-FOOD,,1497,,Groceries & Food,3,301,Groceries Expense Ledger
18-11-2025,NEFT-RENT-711004,,38519,,Rent & Housing,4,302,Rent Expense Ledger
24-07-2025,UPI-NATURAL ICE CREAM-SHOPPING,,10488,,Shopping & Lifestyle,6,304,Shopping Expense Ledger
03-10-2025,UPI-CREDCLUB-CRED PAYMENT-409446576,,17724,,Credit Card Payment,11,401,Credit Card Payment Ledger
25-02-2026,UPI-AMAZON INDIA-COACHING FEES,,5682,,Education & Books,10,308,Education Expense Ledger
30-06-2025,UPI-NETFLIX-MEDICAL BILL,,5663,,Health & Medical,9,307,Medical Expense Ledger
28-08-2025,UPI-DOMINOS PIZZA-LAB TESTS,,7896,,Health & Medical,9,307,Medical Expense Ledger
01-01-2026,UPI-AIRTEL PAYMENTS BANK-LUNCH,,232,,Groceries & Food,3,301,Groceries Expense Ledger
23-06-2025,UPI-CREDCLUB-CRED PAYMENT-870631806,,22386,,Credit Card Payment,11,401,Credit Card Payment Ledger
29-04-2025,SALARY CREDIT APR 2025,84199,,,Salary Income,1,201,Salary Ledger
15-07-2025,UPI-DOMINOS PIZZA-MISC-600844,12921,,,Miscellaneous,12,499,Miscellaneous Ledger
29-05-2025,UPI-SWIGGY-MISC-819449,,6638,,Miscellaneous,12,499,Miscellaneous Ledger
05-03-2026,UPI-IRCTC UTS-MOBILE BILL,,1187,,Utilities & Bills,7,305,Utilities Expense Ledger
20-01-2026,UPI-SWIGGY-GAMING,,273,,Entertainment,8,306,Entertainment Expense Ledger
17-11-2025,SALARY CREDIT NOV 2025,62190,,,Salary Income,1,201,Salary Ledger
12-02-2026,VEDANTA LIMITED INTEREST CREDIT-880926,4083,,,Investment Income,2,202,Investment Income Ledger
18-01-2026,NEFT-RENT-853298,,24977,,Rent & Housing,4,302,Rent Expense Ledger
07-06-2025,UPI-ZERODHA BROKING LTD-MISC-903147,985,,,Miscellaneous,12,499,Miscellaneous Ledger
19-02-2026,UPI-AMAZON INDIA-ONLINE COURSE,,8122,,Education & Books,10,308,Education Expense Ledger
14-10-2025,UPI-FLIPKART-ELECTRICITY BILL,,4068,,Utilities & Bills,7,305,Utilities Expense Ledger
19-01-2026,DIVIDEND CREDIT ICICI BANK-961069,1892,,,Investment Income,2,202,Investment Income Ledger
21-02-2026,HDFC BANK INTEREST CREDIT-205848,4708,,,Investment Income,2,202,Investment Income Ledger
25-07-2025,UPI-GOOGLEPAY-WATER BILL,,970,,Utilities & Bills,7,305,Utilities Expense Ledger
11-05-2025,NEFT CR-CREDIT CARD BILL PAYMENT-228812636,,63068,,Credit Card Payment,11,401,Credit Card Payment Ledger
22-06-2025,POS-NETFLIX-MALL PURCHASE,,586,,Shopping & Lifestyle,6,304,Shopping Expense Ledger
03-09-2025,UPI-BHARGAV SANDEEP DESAI-LAB TESTS,,4293,,Health & Medical,9,307,Medical Expense Ledger
23-01-2026,CC BILL PAYMENT-431570988,,35624,,Credit Card Payment,11,401,Credit Card Payment Ledger
08-02-2026,UPI-NETFLIX-BOOKS,,5676,,Education & Books,10,308,Education Expense Ledger
03-04-2025,UPI-DMART-LAB TESTS,,7646,,Health & Medical,9,307,Medical Expense Ledger
03-10-2025,UPI-STARBUCKS-CLOTHING,,2019,,Shopping & Lifestyle,6,304,Shopping Expense Ledger
30-08-2025,CC BILL PAYMENT-282683720,,37268,,Credit Card Payment,11,401,Credit Card Payment Ledger
20-06-2025,UPI-ZOMATO-CAB RIDE,,10313,,Transport & Travel,5,303,Travel Expense Ledger
14-05-2025,UPI-ZOMATO-JUICE,,2292,,Groceries & Food,3,301,Groceries Expense Ledger
01-08-2025,UPI-NATURAL ICE CREAM-DOCTOR CONSULTATION,,3334,,Health & Medical,9,307,Medical Expense Ledger
10-03-2026,NEFT CR-CREDIT CARD BILL PAYMENT-615620858,,65047,,Credit Card Payment,11,401,Credit Card Payment Ledger
27-07-2025,UPI-ZERODHA BROKING LTD-LAB TESTS,,1341,,Health & Medical,9,307,Medical Expense Ledger
06-10-2025,OLA CABS SUBSCRIPTION-533819,,4874,,Entertainment,8,306,Entertainment Expense Ledger
12-12-2025,UPI-IRCTC UTS-MUMBAI TRIP,,106,,Transport & Travel,5,303,Travel Expense Ledger
11-08-2025,NEFT CR-SALARY-FREELANCE CLIENT,67840,,,Salary Income,1,201,Salary Ledger
20-03-2026,UPI-BHARGAV SANDEEP DESAI-JUICE,,963,,Groceries & Food,3,301,Groceries Expense Ledger
17-03-2026,CC BILL PAYMENT-279187162,,45014,,Credit Card Payment,11,401,Credit Card Payment Ledger
01-07-2025,NEFT CR-CREDIT CARD BILL PAYMENT-517210943,,12120,,Credit Card Payment,11,401,Credit Card Payment Ledger
28-09-2025,UPI-PVR CINEMAS-CAB RIDE,,13803,,Transport & Travel,5,303,Travel Expense Ledger
19-07-2025,UPI-NETFLIX-MISC-839180,,13170,,Miscellaneous,12,499,Miscellaneous Ledger
13-07-2025,RELIANCE INDUSTRIES INTEREST CREDIT-775159,7030,,,Investment Income,2,202,Investment Income Ledger
14-04-2025,NEFT CR-CREDIT CARD BILL PAYMENT-267486618,,71188,,Credit Card Payment,11,401,Credit Card Payment Ledger
08-11-2025,UPI-FLIPKART-ONLINE SHOPPING,,4658,,Shopping & Lifestyle,6,304,Shopping Expense Ledger
30-09-2025,UPI-CROSSWORD BOOKSTORE-FOOD,,1891,,Groceries & Food,3,301,Groceries Expense Ledger
19-04-2025,UPI-IRCTC UTS-CAB RIDE,,12929,,Transport & Travel,5,303,Travel Expense Ledger
11-07-2025,UPI-IRCTC UTS-MUMBAI TRIP,,6413,,Transport & Travel,5,303,Travel Expense Ledger
25-02-2026,UPI-AMAZON INDIA-ELECTRONICS,,985,,Shopping & Lifestyle,6,304,Shopping Expense Ledger
27-06-2025,APR JUN SALARY,65372,,,Salary Income,1,201,Salary Ledger
23-05-2025,NEFT-RENT-267647,,42704,,Rent & Housing,4,302,Rent Expense Ledger
26-09-2025,UPI-IRCTC UTS-CLOTHING,,12555,,Shopping & Lifestyle,6,304,Shopping Expense Ledger
25-03-2026,UPI-CREDCLUB-MEDICAL BILL,,2552,,Health & Medical,9,307,Medical Expense Ledger
28-06-2025,UPI-BHARGAV SANDEEP DESAI-ONLINE SHOPPING,,5698,,Shopping & Lifestyle,6,304,Shopping Expense Ledger
01-12-2025,UPI-SWIGGY-STATIONERY,,9769,,Education & Books,10,308,Education Expense Ledger
03-01-2026,UPI-DOMINOS PIZZA-LUNCH,,811,,Groceries & Food,3,301,Groceries Expense Ledger
26-06-2025,UPI-AIRTEL PAYMENTS BANK-MISC-743907,9798,,,Miscellaneous,12,499,Miscellaneous Ledger
22-12-2025,UPI-BHARGAV SANDEEP DESAI-BREAKFAST,,1677,,Groceries & Food,3,301,Groceries Expense Ledger
12-08-2025,ACH C- INFOSYS LIMITED DIVIDEND-906651,6702,,,Investment Income,2,202,Investment Income Ledger
17-11-2025,HDFC BANK INTEREST CREDIT-275767,2201,,,Investment Income,2,202,Investment Income Ledger
17-11-2025,UPI-AIRTEL PAYMENTS BANK-BOOKS,,3034,,Education & Books,10,308,Education Expense Ledger
13-10-2025,UPI-IRCTC UTS-MUMBAI TRIP,,2667,,Transport & Travel,5,303,Travel Expense Ledger
03-05-2025,UPI-DOMINOS PIZZA-ONLINE SHOPPING,,10438,,Shopping & Lifestyle,6,304,Shopping Expense Ledger
30-01-2026,ASIAN PAINTS LTD INTEREST CREDIT-259380,8508,,,Investment Income,2,202,Investment Income Ledger
26-07-2025,UPI-NETFLIX-CLOTHING,,17059,,Shopping & Lifestyle,6,304,Shopping Expense Ledger
07-06-2025,RELIANCE DIGITAL SUBSCRIPTION-935083,,2060,,Entertainment,8,306,Entertainment Expense Ledger
15-04-2025,UPI-RELIANCE DIGITAL-ONLINE SHOPPING,,1082,,Shopping & Lifestyle,6,304,Shopping Expense Ledger
02-11-2025,UPI-GOOGLEPAY-MISC-565918,5917,,,Miscellaneous,12,499,Miscellaneous Ledger
03-12-2025,UPI-OLA CABS-ELECTRICITY BILL,,1810,,Utilities & Bills,7,305,Utilities Expense Ledger
07-04-2025,UPI-BIG BAZAAR-GAS CYLINDER PAYMENT,,4694,,Utilities & Bills,7,305,Utilities Expense Ledger
04-10-2025,UPI-NETFLIX-PHARMACY,,6842,,Health & Medical,9,307,Medical Expense Ledger
22-06-2025,UPI-SPOTIFY-FOOD,,2022,,Groceries & Food,3,301,Groceries Expense Ledger
21-11-2025,UPI-CROSSWORD BOOKSTORE-MISC-283043,2020,,,Miscellaneous,12,499,Miscellaneous Ledger
03-06-2025,UPI-PVR CINEMAS-GAS CYLINDER PAYMENT,,564,,Utilities & Bills,7,305,Utilities Expense Ledger
08-12-2025,UPI-SWIGGY-LAB TESTS,,2063,,Health & Medical,9,307,Medical Expense Ledger
19-08-2025,APR AUG SALARY,42384,,,Salary Income,1,201,Salary Ledger
07-03-2026,UPI-SWIGGY-MOVIE TICKETS,,2590,,Entertainment,8,306,Entertainment Expense Ledger
21-05-2025,UPI-STARBUCKS-MOBILE BILL,,2967,,Utilities & Bills,7,305,Utilities Expense Ledger
03-08-2025,POS-FLIPKART-MALL PURCHASE,,4106,,Shopping & Lifestyle,6,304,Shopping Expense Ledger
12-05-2025,UPI-CREDCLUB-MUMBAI TRIP,,2099,,Transport & Travel,5,303,Travel Expense Ledger
03-03-2026,DMART SUBSCRIPTION-877949,,795,,Entertainment,8,306,Entertainment Expense Ledger
14-02-2026,UPI-NATURAL ICE CREAM-DINNER,,68,,Groceries & Food,3,301,Groceries Expense Ledger
03-07-2025,UPI-AIRTEL PAYMENTS BANK-STATIONERY,,4408,,Education & Books,10,308,Education Expense Ledger
27-11-2025,UPI-AK JUICE CENTRE-ELECTRICITY BILL,,4874,,Utilities & Bills,7,305,Utilities Expense Ledger
23-01-2026,UPI-CROSSWORD BOOKSTORE-MEDICAL BILL,,1772,,Health & Medical,9,307,Medical Expense Ledger
20-10-2025,OLA CABS PAYMENT-169217406,,4336,,Transport & Travel,5,303,Travel Expense Ledger
10-10-2025,NEFT CR-SALARY-HDFC BANK,60131,,,Salary Income,1,201,Salary Ledger
28-06-2025,UPI-CREDCLUB-MOVIE TICKETS,,3706,,Entertainment,8,306,Entertainment Expense Ledger
04-05-2025,RENT PAYMENT-494597,,16605,,Rent & Housing,4,302,Rent Expense Ledger
21-02-2026,CC BILL PAYMENT-667321485,,20810,,Credit Card Payment,11,401,Credit Card Payment Ledger
22-02-2026,UPI-CREDCLUB-MISC-259292,12286,,,Miscellaneous,12,499,Miscellaneous Ledger
17-11-2025,UPI-NATURAL ICE CREAM-DINNER,,1196,,Groceries & Food,3,301,Groceries Expense Ledger
02-08-2025,AUG 2025 SALARY CREDIT,52449,,,Salary Income,1,201,Salary Ledger
06-08-2025,POS-CREDCLUB-MALL PURCHASE,,7555,,Shopping & Lifestyle,6,304,Shopping Expense Ledger
21-12-2025,UPI-AIRTEL PAYMENTS BANK-COACHING FEES,,2755,,Education & Books,10,308,Education Expense Ledger
21-02-2026,UPI-STARBUCKS-FOOD,,1288,,Groceries & Food,3,301,Groceries Expense Ledger
17-02-2026,UPI-NETFLIX-ELECTRICITY BILL,,1788,,Utilities & Bills,7,305,Utilities Expense Ledger
09-01-2026,UPI-SWIGGY-MEDICAL BILL,,5989,,Health & Medical,9,307,Medical Expense Ledger
20-11-2025,OLA CABS PAYMENT-734871096,,7670,,Transport & Travel,5,303,Travel Expense Ledger
01-05-2025,UPI-NETFLIX-DOCTOR CONSULTATION,,7069,,Health & Medical,9,307,Medical Expense Ledger
29-05-2025,UPI-LENSKART-WATER BILL,,1789,,Utilities & Bills,7,305,Utilities Expense Ledger
22-02-2026,TCS LIMITED INTEREST CREDIT-114743,6605,,,Investment Income,2,202,Investment Income Ledger
07-11-2025,UPI-SWIGGY-ELECTRONICS,,13541,,Shopping & Lifestyle,6,304,Shopping Expense Ledger
04-04-2025,NEFT CR-CREDIT CARD BILL PAYMENT-750454027,,72126,,Credit Card Payment,11,401,Credit Card Payment Ledger
07-05-2025,UPI-SPOTIFY-MOBILE BILL,,4245,,Utilities & Bills,7,305,Utilities Expense Ledger
28-11-2025,UPI-BIG BAZAAR-GAMING,,4549,,Entertainment,8,306,Entertainment Expense Ledger
02-04-2025,UPI-NETFLIX-MISC-713369,,7808,,Miscellaneous,12,499,Miscellaneous Ledger
29-05-2025,UPI-STARBUCKS-STATIONERY,,2009,,Education & Books,10,308,Education Expense Ledger
17-10-2025,UPI-GOOGLEPAY-SHOPPING,,14287,,Shopping & Lifestyle,6,304,Shopping Expense Ledger
08-12-2025,OLA CABS PAYMENT-429486968,,9180,,Transport & Travel,5,303,Travel Expense Ledger
24-11-2025,NEFT CR-SALARY-ASSET VANTAGE,45738,,,Salary Income,1,201,Salary Ledger
21-06-2025,NEFT CR-CREDIT CARD BILL PAYMENT-709336206,,6793,,Credit Card Payment,11,401,Credit Card Payment Ledger
16-12-2025,UPI-NETFLIX-FOOD,,2238,,Groceries & Food,3,301,Groceries Expense Ledger
26-06-2025,UPI-MYNTRA-ELECTRONICS,,16127,,Shopping & Lifestyle,6,304,Shopping Expense Ledger
28-07-2025,UPI-UBER-CAB RIDE,,10740,,Transport & Travel,5,303,Travel Expense Ledger
28-12-2025,NEFT CR-SALARY-ASSET VANTAGE,84859,,,Salary Income,1,201,Salary Ledger
23-11-2025,UPI-DOMINOS PIZZA-MOVIE TICKETS,,4218,,Entertainment,8,306,Entertainment Expense Ledger
04-02-2026,UPI-BIG BAZAAR-MUMBAI TRIP,,9220,,Transport & Travel,5,303,Travel Expense Ledger
26-11-2025,NEFT-RENT-961789,,53486,,Rent & Housing,4,302,Rent Expense Ledger
24-10-2025,UPI-MYNTRA-LAB TESTS,,4828,,Health & Medical,9,307,Medical Expense Ledger
05-05-2025,UPI-FLIPKART-BREAKFAST,,1725,,Groceries & Food,3,301,Groceries Expense Ledger
12-08-2025,AUG 2025 SALARY CREDIT,57508,,,Salary Income,1,201,Salary Ledger
06-07-2025,UPI-PVR CINEMAS-DOCTOR CONSULTATION,,1578,,Health & Medical,9,307,Medical Expense Ledger
28-06-2025,INFOSYS LIMITED INTEREST CREDIT-891787,7985,,,Investment Income,2,202,Investment Income Ledger
21-03-2026,UPI-AMAZON INDIA-DOCTOR CONSULTATION,,1091,,Health & Medical,9,307,Medical Expense Ledger
22-08-2025,DIVIDEND CREDIT CRISIL LIMITED-443567,8638,,,Investment Income,2,202,Investment Income Ledger
19-02-2026,UPI-BIG BAZAAR-PHARMACY,,4624,,Health & Medical,9,307,Medical Expense Ledger
16-11-2025,UPI-AK JUICE CENTRE-SHOPPING,,2205,,Shopping & Lifestyle,6,304,Shopping Expense Ledger
15-01-2026,UPI-CREDCLUB-BROADBAND BILL,,1396,,Utilities & Bills,7,305,Utilities Expense Ledger
30-09-2025,UPI-AIRTEL PAYMENTS BANK-LAB TESTS,,1951,,Health & Medical,9,307,Medical Expense Ledger
27-10-2025,RENT PAYMENT-948923,,55377,,Rent & Housing,4,302,Rent Expense Ledger
27-09-2025,UPI-DOMINOS PIZZA-ELECTRONICS,,16563,,Shopping & Lifestyle,6,304,Shopping Expense Ledger
11-06-2025,UPI-ZERODHA BROKING LTD-MISC-436227,,14873,,Miscellaneous,12,499,Miscellaneous Ledger
19-12-2025,UPI-BHARGAV SANDEEP DESAI-GOA TRIP EXPENSES,,11615,,Transport & Travel,5,303,Travel Expense Ledger
12-07-2025,UPI-STARBUCKS-PHARMACY,,2296,,Health & Medical,9,307,Medical Expense Ledger
09-04-2025,UPI-CROSSWORD BOOKSTORE-STATIONERY,,6908,,Education & Books,10,308,Education Expense Ledger
21-11-2025,OLA CABS PAYMENT-791784805,,11949,,Transport & Travel,5,303,Travel Expense Ledger
04-06-2025,NETFLIX SUBSCRIPTION-532995,,3941,,Entertainment,8,306,Entertainment Expense Ledger
09-03-2026,UPI-BHARGAV SANDEEP DESAI-BOOKS,,874,,Education & Books,10,308,Education Expense Ledger
14-03-2026,UPI-STARBUCKS-ELECTRONICS,,2264,,Shopping & Lifestyle,6,304,Shopping Expense Ledger
28-02-2026,NEFT-RENT-983096,,32087,,Rent & Housing,4,302,Rent Expense Ledger
13-08-2025,BANK TRANSFER-HOUSE RENT-323461,,9401,,Rent & Housing,4,302,Rent Expense Ledger
06-04-2025,NEFT CR-SALARY-FREELANCE CLIENT,60307,,,Salary Income,1,201,Salary Ledger
04-03-2026,SALARY CREDIT MAR 2026,83111,,,Salary Income,1,201,Salary Ledger
03-09-2025,UPI-FLIPKART-MISC-695642,3916,,,Miscellaneous,12,499,Miscellaneous Ledger
18-03-2026,UPI-GOOGLEPAY-MEDICAL BILL,,1897,,Health & Medical,9,307,Medical Expense Ledger
17-03-2026,UPI-DMART-BROADBAND BILL,,4263,,Utilities & Bills,7,305,Utilities Expense Ledger
05-02-2026,NEFT CR-SALARY-FREELANCE CLIENT,44025,,,Salary Income,1,201,Salary Ledger
17-07-2025,UPI-PVR CINEMAS-LAB TESTS,,3909,,Health & Medical,9,307,Medical Expense Ledger
19-08-2025,UPI-CREDCLUB-CRED PAYMENT-655146467,,56668,,Credit Card Payment,11,401,Credit Card Payment Ledger
04-02-2026,UPI-NATURAL ICE CREAM-FOOD,,506,,Groceries & Food,3,301,Groceries Expense Ledger
25-07-2025,APR JUL SALARY,67606,,,Salary Income,1,201,Salary Ledger
01-06-2025,UPI-AMAZON INDIA-ONLINE SHOPPING,,13103,,Shopping & Lifestyle,6,304,Shopping Expense Ledger
20-10-2025,ACH C- TATA POWER CO LTD DIVIDEND-149067,5395,,,Investment Income,2,202,Investment Income Ledger
07-03-2026,UPI-NATURAL ICE CREAM-COACHING FEES,,8907,,Education & Books,10,308,Education Expense Ledger
10-12-2025,UPI-OLA CABS-MEDICAL BILL,,830,,Health & Medical,9,307,Medical Expense Ledger
25-10-2025,RENT PAYMENT-623406,,20721,,Rent & Housing,4,302,Rent Expense Ledger
06-05-2025,UPI-RELIANCE DIGITAL-MISC-238731,,327,,Miscellaneous,12,499,Miscellaneous Ledger
10-11-2025,UPI-RELIANCE DIGITAL-ELECTRICITY BILL,,2609,,Utilities & Bills,7,305,Utilities Expense Ledger
27-03-2026,UPI-SWIGGY-DOCTOR CONSULTATION,,5713,,Health & Medical,9,307,Medical Expense Ledger
21-05-2025,UPI-DOMINOS PIZZA-BREAKFAST,,2364,,Groceries & Food,3,301,Groceries Expense Ledger
06-10-2025,UPI-CROSSWORD BOOKSTORE-CONCERT TICKETS,,3531,,Entertainment,8,306,Entertainment Expense Ledger
14-02-2026,UPI-NETFLIX-MISC-656718,,2044,,Miscellaneous,12,499,Miscellaneous Ledger
26-12-2025,BANK TRANSFER-HOUSE RENT-175451,,40983,,Rent & Housing,4,302,Rent Expense Ledger
10-12-2025,UPI-AMAZON INDIA-DOCTOR CONSULTATION,,2806,,Health & Medical,9,307,Medical Expense Ledger
12-12-2025,ACH C- RELIANCE INDUSTRIES DIVIDEND-593216,7813,,,Investment Income,2,202,Investment Income Ledger
09-08-2025,ICICI BANK INTEREST CREDIT-860084,1996,,,Investment Income,2,202,Investment Income Ledger
16-07-2025,UPI-APOLLO PHARMACY-CAB RIDE,,7657,,Transport & Travel,5,303,Travel Expense Ledger
20-01-2026,UPI-NATURAL ICE CREAM-BREAKFAST,,1039,,Groceries & Food,3,301,Groceries Expense Ledger
20-01-2026,UPI-ZERODHA BROKING LTD-MISC-255344,,542,,Miscellaneous,12,499,Miscellaneous Ledger
10-02-2026,CC BILL PAYMENT-709276766,,48153,,Credit Card Payment,11,401,Credit Card Payment Ledger
27-02-2026,UPI-PVR CINEMAS-MISC-375011,11805,,,Miscellaneous,12,499,Miscellaneous Ledger
04-10-2025,UPI-RELIANCE DIGITAL-FOOD,,1325,,Groceries & Food,3,301,Groceries Expense Ledger
30-09-2025,UPI-IRCTC UTS-DOCTOR CONSULTATION,,5651,,Health & Medical,9,307,Medical Expense Ledger
16-01-2026,UPI-UBER-DOCTOR CONSULTATION,,6617,,Health & Medical,9,307,Medical Expense Ledger
23-11-2025,UPI-RELIANCE DIGITAL-MOBILE BILL,,1069,,Utilities & Bills,7,305,Utilities Expense Ledger
12-12-2025,UPI-CREDCLUB-ONLINE SHOPPING,,819,,Shopping & Lifestyle,6,304,Shopping Expense Ledger
15-01-2026,NEFT CR-SALARY-TCS,69290,,,Salary Income,1,201,Salary Ledger
18-02-2026,DIVIDEND CREDIT RELIANCE INDUSTRIES-316204,979,,,Investment Income,2,202,Investment Income Ledger
02-08-2025,UPI-AK JUICE CENTRE-COACHING FEES,,8399,,Education & Books,10,308,Education Expense Ledger
15-08-2025,APR AUG SALARY,61542,,,Salary Income,1,201,Salary Ledger
05-05-2025,BANK TRANSFER-HOUSE RENT-712181,,36247,,Rent & Housing,4,302,Rent Expense Ledger
28-10-2025,UPI-FLIPKART-CLOTHING,,12624,,Shopping & Lifestyle,6,304,Shopping Expense Ledger
14-04-2025,BANK TRANSFER-HOUSE RENT-381854,,26020,,Rent & Housing,4,302,Rent Expense Ledger
17-09-2025,NEFT CR-CREDIT CARD BILL PAYMENT-407820283,,25532,,Credit Card Payment,11,401,Credit Card Payment Ledger
15-10-2025,UPI-NATURAL ICE CREAM-GAMING,,2469,,Entertainment,8,306,Entertainment Expense Ledger
14-07-2025,UPI-CREDCLUB-CRED PAYMENT-225283192,,28413,,Credit Card Payment,11,401,Credit Card Payment Ledger
02-11-2025,UPI-FLIPKART-BREAKFAST,,1726,,Groceries & Food,3,301,Groceries Expense Ledger
12-04-2025,BANK TRANSFER-HOUSE RENT-664983,,31816,,Rent & Housing,4,302,Rent Expense Ledger
14-04-2025,UPI-MYNTRA-MOBILE BILL,,866,,Utilities & Bills,7,305,Utilities Expense Ledger
25-01-2026,APR JAN SALARY,60127,,,Salary Income,1,201,Salary Ledger
10-08-2025,UPI-LENSKART-GAS CYLINDER PAYMENT,,4024,,Utilities & Bills,7,305,Utilities Expense Ledger
17-05-2025,BANK TRANSFER-HOUSE RENT-468226,,41396,,Rent & Housing,4,302,Rent Expense Ledger
08-10-2025,OCT 2025 SALARY CREDIT,60058,,,Salary Income,1,201,Salary Ledger
06-01-2026,SALARY CREDIT JAN 2026,85740,,,Salary Income,1,201,Salary Ledger
18-06-2025,RENT PAYMENT-428785,,25076,,Rent & Housing,4,302,Rent Expense Ledger
13-11-2025,NEFT-RENT-901849,,59313,,Rent & Housing,4,302,Rent Expense Ledger
02-05-2025,UPI-FLIPKART-ONLINE COURSE,,3899,,Education & Books,10,308,Education Expense Ledger
19-04-2025,UPI-CREDCLUB-CRED PAYMENT-254699641,,10256,,Credit Card Payment,11,401,Credit Card Payment Ledger
11-10-2025,OCT 2025 SALARY CREDIT,61904,,,Salary Income,1,201,Salary Ledger
14-10-2025,UPI-AK JUICE CENTRE-MOVIE TICKETS,,1872,,Entertainment,8,306,Entertainment Expense Ledger
19-11-2025,CC BILL PAYMENT-862364564,,3871,,Credit Card Payment,11,401,Credit Card Payment Ledger
21-12-2025,UPI-MYNTRA-FOOD,,2379,,Groceries & Food,3,301,Groceries Expense Ledger
22-03-2026,UPI-AIRTEL PAYMENTS BANK-MISC-728889,14584,,,Miscellaneous,12,499,Miscellaneous Ledger
05-10-2025,AK JUICE CENTRE SUBSCRIPTION-799158,,4600,,Entertainment,8,306,Entertainment Expense Ledger
27-07-2025,UPI-SPOTIFY-ONLINE COURSE,,8475,,Education & Books,10,308,Education Expense Ledger
15-01-2026,NEFT-RENT-882215,,43948,,Rent & Housing,4,302,Rent Expense Ledger
08-07-2025,UPI-PVR CINEMAS-DOCTOR CONSULTATION,,1591,,Health & Medical,9,307,Medical Expense Ledger
07-09-2025,UPI-AK JUICE CENTRE-ELECTRICITY BILL,,3171,,Utilities & Bills,7,305,Utilities Expense Ledger
29-04-2025,UPI-IRCTC UTS-ONLINE COURSE,,470,,Education & Books,10,308,Education Expense Ledger
10-04-2025,NEFT CR-SALARY-INFOSYS LIMITED,55042,,,Salary Income,1,201,Salary Ledger
17-03-2026,UPI-FLIPKART-CONCERT TICKETS,,3707,,Entertainment,8,306,Entertainment Expense Ledger
30-01-2026,UPI-NETFLIX-LUNCH,,339,,Groceries & Food,3,301,Groceries Expense Ledger
10-12-2025,UPI-UBER-WATER BILL,,3452,,Utilities & Bills,7,305,Utilities Expense Ledger
27-08-2025,OLA CABS PAYMENT-100049976,,5058,,Transport & Travel,5,303,Travel Expense Ledger
03-06-2025,UPI-GOOGLEPAY-PHARMACY,,899,,Health & Medical,9,307,Medical Expense Ledger
27-05-2025,UPI-NATURAL ICE CREAM-CAB RIDE,,12188,,Transport & Travel,5,303,Travel Expense Ledger
01-07-2025,UPI-LENSKART-CLOTHING,,19740,,Shopping & Lifestyle,6,304,Shopping Expense Ledger
17-10-2025,UPI-STARBUCKS-FOOD,,433,,Groceries & Food,3,301,Groceries Expense Ledger
17-12-2025,BANK TRANSFER-HOUSE RENT-251538,,20251,,Rent & Housing,4,302,Rent Expense Ledger
27-11-2025,NEFT-RENT-253484,,27624,,Rent & Housing,4,302,Rent Expense Ledger
11-07-2025,UPI-IRCTC UTS-MOBILE BILL,,2049,,Utilities & Bills,7,305,Utilities Expense Ledger
14-03-2026,UPI-MYNTRA-DOCTOR CONSULTATION,,1335,,Health & Medical,9,307,Medical Expense Ledger
25-12-2025,UPI-CROSSWORD BOOKSTORE-LAB TESTS,,7749,,Health & Medical,9,307,Medical Expense Ledger
19-10-2025,UPI-STARBUCKS-CLOTHING,,12014,,Shopping & Lifestyle,6,304,Shopping Expense Ledger
09-11-2025,UPI-IRCTC UTS-TICKET-436965178,,2091,,Transport & Travel,5,303,Travel Expense Ledger
31-08-2025,UPI-FLIPKART-MOBILE BILL,,2022,,Utilities & Bills,7,305,Utilities Expense Ledger
30-06-2025,CC BILL PAYMENT-175575549,,31881,,Credit Card Payment,11,401,Credit Card Payment Ledger
08-08-2025,UPI-FLIPKART-DOCTOR CONSULTATION,,1176,,Health & Medical,9,307,Medical Expense Ledger
01-01-2026,UPI-PVR CINEMAS-ELECTRONICS,,3032,,Shopping & Lifestyle,6,304,Shopping Expense Ledger
06-04-2025,NEFT-RENT-351514,,21422,,Rent & Housing,4,302,Rent Expense Ledger
13-05-2025,UPI-IRCTC UTS-TICKET-995456446,,11208,,Transport & Travel,5,303,Travel Expense Ledger
17-04-2025,UPI-NETFLIX-LAB TESTS,,2810,,Health & Medical,9,307,Medical Expense Ledger
15-04-2025,UPI-CREDCLUB-LAB TESTS,,5190,,Health & Medical,9,307,Medical Expense Ledger
06-02-2026,UPI-AIRTEL PAYMENTS BANK-CONCERT TICKETS,,3954,,Entertainment,8,306,Entertainment Expense Ledger
13-12-2025,POS-AIRTEL PAYMENTS BANK-MALL PURCHASE,,19656,,Shopping & Lifestyle,6,304,Shopping Expense Ledger
20-09-2025,UPI-AMAZON INDIA-PHARMACY,,3864,,Health & Medical,9,307,Medical Expense Ledger
06-05-2025,UPI-GOOGLEPAY-PHARMACY,,5460,,Health & Medical,9,307,Medical Expense Ledger
26-09-2025,NEFT-RENT-494754,,50291,,Rent & Housing,4,302,Rent Expense Ledger
20-09-2025,SALARY CREDIT SEP 2025,81520,,,Salary Income,1,201,Salary Ledger
03-06-2025,UPI-NETFLIX-ELECTRICITY BILL,,4487,,Utilities & Bills,7,305,Utilities Expense Ledger
05-09-2025,UPI-AK JUICE CENTRE-JUICE,,1547,,Groceries & Food,3,301,Groceries Expense Ledger
24-08-2025,DIVIDEND CREDIT TCS LIMITED-595010,8610,,,Investment Income,2,202,Investment Income Ledger
11-11-2025,ZERODHA BROKING LTD SUBSCRIPTION-281517,,4273,,Entertainment,8,306,Entertainment Expense Ledger
18-11-2025,DIVIDEND CREDIT TCS LIMITED-713079,4846,,,Investment Income,2,202,Investment Income Ledger
17-04-2025,UPI-CREDCLUB-CRED PAYMENT-247276768,,71533,,Credit Card Payment,11,401,Credit Card Payment Ledger
15-08-2025,NEFT CR-SALARY-TCS,78055,,,Salary Income,1,201,Salary Ledger
14-11-2025,SALARY CREDIT NOV 2025,79194,,,Salary Income,1,201,Salary Ledger
01-10-2025,UPI-BHARGAV SANDEEP DESAI-CONCERT TICKETS,,4720,,Entertainment,8,306,Entertainment Expense Ledger
06-02-2026,UPI-FLIPKART-MISC-942840,,3713,,Miscellaneous,12,499,Miscellaneous Ledger
26-11-2025,RENT PAYMENT-715937,,24835,,Rent & Housing,4,302,Rent Expense Ledger
30-05-2025,UPI-DMART-GAMING,,3193,,Entertainment,8,306,Entertainment Expense Ledger
26-04-2025,OLA CABS SUBSCRIPTION-505105,,2666,,Entertainment,8,306,Entertainment Expense Ledger
20-11-2025,UPI-SPOTIFY-GAS CYLINDER PAYMENT,,4890,,Utilities & Bills,7,305,Utilities Expense Ledger
10-04-2025,NEFT-RENT-231184,,45327,,Rent & Housing,4,302,Rent Expense Ledger
31-10-2025,UPI-IRCTC UTS-MISC-852922,,3247,,Miscellaneous,12,499,Miscellaneous Ledger
09-03-2026,UPI-IRCTC UTS-MISC-241880,1474,,,Miscellaneous,12,499,Miscellaneous Ledger
27-10-2025,UPI-OLA CABS-MISC-393946,7039,,,Miscellaneous,12,499,Miscellaneous Ledger
20-08-2025,AUG 2025 SALARY CREDIT,70013,,,Salary Income,1,201,Salary Ledger
21-11-2025,UPI-CREDCLUB-BREAKFAST,,775,,Groceries & Food,3,301,Groceries Expense Ledger
14-09-2025,UPI-SWIGGY-ELECTRICITY BILL,,651,,Utilities & Bills,7,305,Utilities Expense Ledger
16-10-2025,RENT PAYMENT-967918,,11765,,Rent & Housing,4,302,Rent Expense Ledger
09-03-2026,UPI-STARBUCKS-GAS CYLINDER PAYMENT,,1749,,Utilities & Bills,7,305,Utilities Expense Ledger
19-08-2025,UPI-DMART-MOVIE TICKETS,,2861,,Entertainment,8,306,Entertainment Expense Ledger
16-03-2026,UPI-FLIPKART-BOOKS,,5893,,Education & Books,10,308,Education Expense Ledger
24-02-2026,FEB 2026 SALARY CREDIT,50561,,,Salary Income,1,201,Salary Ledger
11-06-2025,UPI-IRCTC UTS-TICKET-915250513,,13823,,Transport & Travel,5,303,Travel Expense Ledger
26-04-2025,UPI-ZOMATO-BOOKS,,4002,,Education & Books,10,308,Education Expense Ledger
07-05-2025,UPI-CREDCLUB-MOBILE BILL,,2634,,Utilities & Bills,7,305,Utilities Expense Ledger
07-04-2025,UPI-CREDCLUB-LAB TESTS,,6122,,Health & Medical,9,307,Medical Expense Ledger
05-05-2025,UPI-RELIANCE DIGITAL-MISC-622154,10875,,,Miscellaneous,12,499,Miscellaneous Ledger
05-12-2025,UPI-CROSSWORD BOOKSTORE-GAS CYLINDER PAYMENT,,3566,,Utilities & Bills,7,305,Utilities Expense Ledger
26-04-2025,UPI-STARBUCKS-SHOPPING,,16546,,Shopping & Lifestyle,6,304,Shopping Expense Ledger
26-07-2025,RENT PAYMENT-389134,,37267,,Rent & Housing,4,302,Rent Expense Ledger
02-02-2026,INFOSYS LIMITED INTEREST CREDIT-789870,2899,,,Investment Income,2,202,Investment Income Ledger
09-04-2025,UPI-CREDCLUB-CRED PAYMENT-987468512,,4849,,Credit Card Payment,11,401,Credit Card Payment Ledger
22-01-2026,UPI-AK JUICE CENTRE-ONLINE SHOPPING,,13232,,Shopping & Lifestyle,6,304,Shopping Expense Ledger
12-07-2025,NEFT CR-CREDIT CARD BILL PAYMENT-598626972,,52707,,Credit Card Payment,11,401,Credit Card Payment Ledger
14-05-2025,RENT PAYMENT-928569,,17280,,Rent & Housing,4,302,Rent Expense Ledger
10-12-2025,UPI-CROSSWORD BOOKSTORE-MEDICAL BILL,,6609,,Health & Medical,9,307,Medical Expense Ledger
15-11-2025,UPI-CREDCLUB-CRED PAYMENT-970300538,,3994,,Credit Card Payment,11,401,Credit Card Payment Ledger
14-02-2026,UPI-CREDCLUB-CONCERT TICKETS,,1913,,Entertainment,8,306,Entertainment Expense Ledger
24-12-2025,UPI-ZERODHA BROKING LTD-LAB TESTS,,6324,,Health & Medical,9,307,Medical Expense Ledger
18-01-2026,SALARY CREDIT JAN 2026,77164,,,Salary Income,1,201,Salary Ledger
12-07-2025,UPI-ZERODHA BROKING LTD-DOCTOR CONSULTATION,,7531,,Health & Medical,9,307,Medical Expense Ledger
04-06-2025,UPI-GOOGLEPAY-COACHING FEES,,2293,,Education & Books,10,308,Education Expense Ledger
30-12-2025,POS-SPOTIFY-MALL PURCHASE,,11096,,Shopping & Lifestyle,6,304,Shopping Expense Ledger
19-01-2026,CC BILL PAYMENT-701540339,,79513,,Credit Card Payment,11,401,Credit Card Payment Ledger
27-03-2026,CC BILL PAYMENT-345626264,,51516,,Credit Card Payment,11,401,Credit Card Payment Ledger
29-08-2025,UPI-AMAZON INDIA-MISC-755258,,12704,,Miscellaneous,12,499,Miscellaneous Ledger
14-08-2025,UPI-NETFLIX-STATIONERY,,3162,,Education & Books,10,308,Education Expense Ledger
08-01-2026,NEFT CR-CREDIT CARD BILL PAYMENT-976279276,,76945,,Credit Card Payment,11,401,Credit Card Payment Ledger
03-08-2025,UPI-DOMINOS PIZZA-MOVIE TICKETS,,2186,,Entertainment,8,306,Entertainment Expense Ledger
05-03-2026,RENT PAYMENT-160128,,45887,,Rent & Housing,4,302,Rent Expense Ledger
07-02-2026,UPI-BIG BAZAAR-MEDICAL BILL,,5685,,Health & Medical,9,307,Medical Expense Ledger
04-09-2025,INFOSYS LIMITED INTEREST CREDIT-153053,8302,,,Investment Income,2,202,Investment Income Ledger
30-12-2025,UPI-PVR CINEMAS-ONLINE COURSE,,1384,,Education & Books,10,308,Education Expense Ledger
31-12-2025,DIVIDEND CREDIT ICICI BANK-953329,1679,,,Investment Income,2,202,Investment Income Ledger
08-05-2025,UPI-SWIGGY-ELECTRONICS,,4570,,Shopping & Lifestyle,6,304,Shopping Expense Ledger
23-02-2026,UPI-FLIPKART-GAMING,,3857,,Entertainment,8,306,Entertainment Expense Ledger
01-10-2025,SALARY CREDIT OCT 2025,41014,,,Salary Income,1,201,Salary Ledger
26-01-2026,FLIPKART SUBSCRIPTION-123248,,790,,Entertainment,8,306,Entertainment Expense Ledger
26-07-2025,UPI-BIG BAZAAR-PHARMACY,,2756,,Health & Medical,9,307,Medical Expense Ledger
20-02-2026,UPI-ZERODHA BROKING LTD-MEDICAL BILL,,494,,Health & Medical,9,307,Medical Expense Ledger
20-08-2025,UPI-DOMINOS PIZZA-ONLINE SHOPPING,,18457,,Shopping & Lifestyle,6,304,Shopping Expense Ledger
04-04-2025,ASIAN PAINTS LTD INTEREST CREDIT-577177,8686,,,Investment Income,2,202,Investment Income Ledger
24-02-2026,BIG BAZAAR SUBSCRIPTION-105668,,2567,,Entertainment,8,306,Entertainment Expense Ledger
04-05-2025,UPI-STARBUCKS-MISC-897183,7747,,,Miscellaneous,12,499,Miscellaneous Ledger
26-07-2025,UPI-CREDCLUB-CRED PAYMENT-319241219,,8352,,Credit Card Payment,11,401,Credit Card Payment Ledger
12-03-2026,UPI-BIG BAZAAR-CLOTHING,,8526,,Shopping & Lifestyle,6,304,Shopping Expense Ledger
13-03-2026,UPI-CROSSWORD BOOKSTORE-ELECTRONICS,,8203,,Shopping & Lifestyle,6,304,Shopping Expense Ledger
26-10-2025,NEFT CR-SALARY-WIPRO,65398,,,Salary Income,1,201,Salary Ledger
16-11-2025,UPI-GOOGLEPAY-SHOPPING,,8512,,Shopping & Lifestyle,6,304,Shopping Expense Ledger
11-09-2025,UPI-IRCTC UTS-CLOTHING,,13852,,Shopping & Lifestyle,6,304,Shopping Expense Ledger
16-07-2025,SALARY CREDIT JUL 2025,75529,,,Salary Income,1,201,Salary Ledger
29-07-2025,DIVIDEND CREDIT TCS LIMITED-771314,2718,,,Investment Income,2,202,Investment Income Ledger
01-12-2025,UPI-ZERODHA BROKING LTD-BREAKFAST,,1013,,Groceries & Food,3,301,Groceries Expense Ledger
30-12-2025,RENT PAYMENT-585687,,10187,,Rent & Housing,4,302,Rent Expense Ledger
14-01-2026,UPI-DOMINOS PIZZA-BOOKS,,3806,,Education & Books,10,308,Education Expense Ledger
13-01-2026,UPI-SWIGGY-BOOKS,,4127,,Education & Books,10,308,Education Expense Ledger
04-05-2025,UPI-AK JUICE CENTRE-BROADBAND BILL,,2791,,Utilities & Bills,7,305,Utilities Expense Ledger
27-09-2025,UPI-RELIANCE DIGITAL-COACHING FEES,,1400,,Education & Books,10,308,Education Expense Ledger
21-04-2025,UPI-NETFLIX-ELECTRICITY BILL,,3095,,Utilities & Bills,7,305,Utilities Expense Ledger
18-10-2025,UPI-IRCTC UTS-TICKET-329227506,,7072,,Transport & Travel,5,303,Travel Expense Ledger
08-09-2025,UPI-STARBUCKS-LUNCH,,711,,Groceries & Food,3,301,Groceries Expense Ledger
18-02-2026,UPI-IRCTC UTS-TICKET-567139030,,186,,Transport & Travel,5,303,Travel Expense Ledger
06-08-2025,UPI-UBER-BREAKFAST,,1358,,Groceries & Food,3,301,Groceries Expense Ledger
13-05-2025,RENT PAYMENT-809676,,58799,,Rent & Housing,4,302,Rent Expense Ledger
23-05-2025,SALARY CREDIT MAY 2025,84278,,,Salary Income,1,201,Salary Ledger
03-01-2026,CRISIL LIMITED INTEREST CREDIT-769277,8726,,,Investment Income,2,202,Investment Income Ledger
12-11-2025,UPI-NETFLIX-SHOPPING,,13245,,Shopping & Lifestyle,6,304,Shopping Expense Ledger
07-05-2025,CC BILL PAYMENT-621818745,,73617,,Credit Card Payment,11,401,Credit Card Payment Ledger
01-05-2025,UPI-CREDCLUB-STATIONERY,,8506,,Education & Books,10,308,Education Expense Ledger
12-12-2025,UPI-BIG BAZAAR-LAB TESTS,,5553,,Health & Medical,9,307,Medical Expense Ledger
27-04-2025,UPI-STARBUCKS-GAS CYLINDER PAYMENT,,2494,,Utilities & Bills,7,305,Utilities Expense Ledger
25-01-2026,UPI-AMAZON INDIA-MISC-115534,5833,,,Miscellaneous,12,499,Miscellaneous Ledger
14-12-2025,APR DEC SALARY,59389,,,Salary Income,1,201,Salary Ledger
30-04-2025,UPI-ZERODHA BROKING LTD-DINNER,,2427,,Groceries & Food,3,301,Groceries Expense Ledger
01-05-2025,ACH C- ASIAN PAINTS LTD DIVIDEND-406081,5668,,,Investment Income,2,202,Investment Income Ledger
26-03-2026,SALARY CREDIT MAR 2026,68916,,,Salary Income,1,201,Salary Ledger
15-08-2025,UPI-NETFLIX-MOBILE BILL,,2887,,Utilities & Bills,7,305,Utilities Expense Ledger
13-08-2025,UPI-NETFLIX-MOBILE BILL,,1548,,Utilities & Bills,7,305,Utilities Expense Ledger
21-01-2026,UPI-NETFLIX-DINNER,,1080,,Groceries & Food,3,301,Groceries Expense Ledger
11-03-2026,UPI-NETFLIX-ELECTRICITY BILL,,1020,,Utilities & Bills,7,305,Utilities Expense Ledger
25-03-2026,APR MAR SALARY,79082,,,Salary Income,1,201,Salary Ledger
31-12-2025,UPI-PVR CINEMAS-DINNER,,2076,,Groceries & Food,3,301,Groceries Expense Ledger
15-08-2025,UPI-AMAZON INDIA-LAB TESTS,,4093,,Health & Medical,9,307,Medical Expense Ledger
01-05-2025,UPI-DMART-MOVIE TICKETS,,1947,,Entertainment,8,306,Entertainment Expense Ledger
08-01-2026,UPI-MYNTRA-LAB TESTS,,2746,,Health & Medical,9,307,Medical Expense Ledger
21-10-2025,UPI-MYNTRA-CLOTHING,,4016,,Shopping & Lifestyle,6,304,Shopping Expense Ledger
02-09-2025,UPI-SWIGGY-LUNCH,,1011,,Groceries & Food,3,301,Groceries Expense Ledger
24-02-2026,UPI-APOLLO PHARMACY-BREAKFAST,,188,,Groceries & Food,3,301,Groceries Expense Ledger
11-05-2025,UPI-MYNTRA-PHARMACY,,1455,,Health & Medical,9,307,Medical Expense Ledger
27-09-2025,ASIAN PAINTS LTD INTEREST CREDIT-102763,3769,,,Investment Income,2,202,Investment Income Ledger
05-04-2025,UPI-CROSSWORD BOOKSTORE-LAB TESTS,,6191,,Health & Medical,9,307,Medical Expense Ledger
18-09-2025,UPI-SWIGGY-MISC-268017,14501,,,Miscellaneous,12,499,Miscellaneous Ledger
21-04-2025,ACH C- ASIAN PAINTS LTD DIVIDEND-626670,6526,,,Investment Income,2,202,Investment Income Ledger
14-05-2025,NEFT-RENT-585097,,30463,,Rent & Housing,4,302,Rent Expense Ledger
13-05-2025,UPI-STARBUCKS-FOOD,,1924,,Groceries & Food,3,301,Groceries Expense Ledger
23-11-2025,UPI-LENSKART-CONCERT TICKETS,,2721,,Entertainment,8,306,Entertainment Expense Ledger
28-12-2025,UPI-BIG BAZAAR-ONLINE COURSE,,6439,,Education & Books,10,308,Education Expense Ledger
30-10-2025,ACH C- HDFC BANK DIVIDEND-901115,9327,,,Investment Income,2,202,Investment Income Ledger
17-03-2026,UPI-CROSSWORD BOOKSTORE-MISC-416463,1555,,,Miscellaneous,12,499,Miscellaneous Ledger
15-08-2025,UPI-AMAZON INDIA-LAB TESTS,,2155,,Health & Medical,9,307,Medical Expense Ledger
13-07-2025,UPI-PVR CINEMAS-BOOKS,,6657,,Education & Books,10,308,Education Expense Ledger
11-02-2026,UPI-LENSKART-MOBILE BILL,,1703,,Utilities & Bills,7,305,Utilities Expense Ledger
21-06-2025,APR JUN SALARY,84386,,,Salary Income,1,201,Salary Ledger
17-03-2026,UPI-AMAZON INDIA-MISC-266782,,3662,,Miscellaneous,12,499,Miscellaneous Ledger
05-04-2025,UPI-NETFLIX-MISC-848943,1975,,,Miscellaneous,12,499,Miscellaneous Ledger
20-03-2026,UPI-DOMINOS PIZZA-GAS CYLINDER PAYMENT,,1190,,Utilities & Bills,7,305,Utilities Expense Ledger
16-04-2025,UPI-IRCTC UTS-COACHING FEES,,9195,,Education & Books,10,308,Education Expense Ledger
19-02-2026,UPI-ZOMATO-CAB RIDE,,9785,,Transport & Travel,5,303,Travel Expense Ledger
10-10-2025,CC BILL PAYMENT-896170040,,33821,,Credit Card Payment,11,401,Credit Card Payment Ledger
28-03-2026,ZOMATO SUBSCRIPTION-735274,,1054,,Entertainment,8,306,Entertainment Expense Ledger
27-04-2025,APR 2025 SALARY CREDIT,58945,,,Salary Income,1,201,Salary Ledger
19-10-2025,UPI-NETFLIX-DINNER,,907,,Groceries & Food,3,301,Groceries Expense Ledger
19-03-2026,UPI-GOOGLEPAY-ONLINE SHOPPING,,10944,,Shopping & Lifestyle,6,304,Shopping Expense Ledger
08-10-2025,UPI-SWIGGY-LUNCH,,2158,,Groceries & Food,3,301,Groceries Expense Ledger
16-11-2025,UPI-SWIGGY-MISC-821818,12230,,,Miscellaneous,12,499,Miscellaneous Ledger
10-12-2025,BANK TRANSFER-HOUSE RENT-752873,,35526,,Rent & Housing,4,302,Rent Expense Ledger
13-09-2025,UPI-UBER-WATER BILL,,1174,,Utilities & Bills,7,305,Utilities Expense Ledger
15-11-2025,UPI-IRCTC UTS-MOBILE BILL,,1563,,Utilities & Bills,7,305,Utilities Expense Ledger
30-10-2025,NEFT-RENT-915495,,8203,,Rent & Housing,4,302,Rent Expense Ledger
23-02-2026,NEFT CR-SALARY-WIPRO,43748,,,Salary Income,1,201,Salary Ledger
17-04-2025,UPI-BHARGAV SANDEEP DESAI-CLOTHING,,15428,,Shopping & Lifestyle,6,304,Shopping Expense Ledger
12-07-2025,UPI-PVR CINEMAS-CAB RIDE,,2975,,Transport & Travel,5,303,Travel Expense Ledger
12-03-2026,UPI-OLA CABS-PHARMACY,,2303,,Health & Medical,9,307,Medical Expense Ledger
19-02-2026,UPI-SWIGGY-CONCERT TICKETS,,4650,,Entertainment,8,306,Entertainment Expense Ledger
13-09-2025,ACH C- ASIAN PAINTS LTD DIVIDEND-317980,2428,,,Investment Income,2,202,Investment Income Ledger
12-11-2025,UPI-LENSKART-ONLINE SHOPPING,,2935,,Shopping & Lifestyle,6,304,Shopping Expense Ledger
10-07-2025,UPI-FLIPKART-MISC-543842,8540,,,Miscellaneous,12,499,Miscellaneous Ledger
08-06-2025,CC BILL PAYMENT-273305486,,47754,,Credit Card Payment,11,401,Credit Card Payment Ledger
16-09-2025,SALARY CREDIT SEP 2025,75618,,,Salary Income,1,201,Salary Ledger
07-08-2025,NEFT CR-CREDIT CARD BILL PAYMENT-384243914,,71130,,Credit Card Payment,11,401,Credit Card Payment Ledger
30-10-2025,UPI-STARBUCKS-MISC-357438,,13665,,Miscellaneous,12,499,Miscellaneous Ledger
29-04-2025,UPI-AK JUICE CENTRE-MOVIE TICKETS,,213,,Entertainment,8,306,Entertainment Expense Ledger
21-03-2026,UPI-RELIANCE DIGITAL-GAS CYLINDER PAYMENT,,4039,,Utilities & Bills,7,305,Utilities Expense Ledger
25-03-2026,UPI-DOMINOS PIZZA-BREAKFAST,,564,,Groceries & Food,3,301,Groceries Expense Ledger
11-12-2025,UPI-MYNTRA-BOOKS,,267,,Education & Books,10,308,Education Expense Ledger
13-10-2025,NEFT CR-CREDIT CARD BILL PAYMENT-694575932,,37289,,Credit Card Payment,11,401,Credit Card Payment Ledger
22-07-2025,CC BILL PAYMENT-608570454,,57984,,Credit Card Payment,11,401,Credit Card Payment Ledger
22-01-2026,CREDCLUB SUBSCRIPTION-565590,,750,,Entertainment,8,306,Entertainment Expense Ledger
06-12-2025,UPI-IRCTC UTS-MISC-210130,7926,,,Miscellaneous,12,499,Miscellaneous Ledger
30-05-2025,UPI-AK JUICE CENTRE-CAB RIDE,,2927,,Transport & Travel,5,303,Travel Expense Ledger
26-02-2026,SALARY CREDIT FEB 2026,42217,,,Salary Income,1,201,Salary Ledger
25-01-2026,UPI-BIG BAZAAR-DOCTOR CONSULTATION,,1237,,Health & Medical,9,307,Medical Expense Ledger
12-03-2026,DIVIDEND CREDIT ASIAN PAINTS LTD-425329,3276,,,Investment Income,2,202,Investment Income Ledger
21-12-2025,UPI-ZOMATO-MOVIE TICKETS,,1198,,Entertainment,8,306,Entertainment Expense Ledger
10-11-2025,UPI-DMART-GAS CYLINDER PAYMENT,,1648,,Utilities & Bills,7,305,Utilities Expense Ledger
31-08-2025,UPI-STARBUCKS-PHARMACY,,5501,,Health & Medical,9,307,Medical Expense Ledger
06-03-2026,UPI-ZERODHA BROKING LTD-JUICE,,882,,Groceries & Food,3,301,Groceries Expense Ledger
10-02-2026,SPOTIFY SUBSCRIPTION-254542,,4601,,Entertainment,8,306,Entertainment Expense Ledger
17-04-2025,APR 2025 SALARY CREDIT,85148,,,Salary Income,1,201,Salary Ledger
10-04-2025,ACH C- TATA POWER CO LTD DIVIDEND-303834,4579,,,Investment Income,2,202,Investment Income Ledger
16-08-2025,NEFT CR-CREDIT CARD BILL PAYMENT-897577747,,35087,,Credit Card Payment,11,401,Credit Card Payment Ledger
21-01-2026,UPI-OLA CABS-ELECTRONICS,,2890,,Shopping & Lifestyle,6,304,Shopping Expense Ledger
26-03-2026,UPI-SWIGGY-BOOKS,,5413,,Education & Books,10,308,Education Expense Ledger
25-05-2025,ACH C- ASIAN PAINTS LTD DIVIDEND-808387,9046,,,Investment Income,2,202,Investment Income Ledger
03-11-2025,UPI-NATURAL ICE CREAM-ELECTRONICS,,10002,,Shopping & Lifestyle,6,304,Shopping Expense Ledger
17-08-2025,UPI-CREDCLUB-CRED PAYMENT-844468775,,77949,,Credit Card Payment,11,401,Credit Card Payment Ledger
20-03-2026,UPI-LENSKART-BOOKS,,5221,,Education & Books,10,308,Education Expense Ledger
01-02-2026,BANK TRANSFER-HOUSE RENT-571869,,47350,,Rent & Housing,4,302,Rent Expense Ledger
31-01-2026,CC BILL PAYMENT-315063766,,67798,,Credit Card Payment,11,401,Credit Card Payment Ledger
18-09-2025,UPI-AMAZON INDIA-GAMING,,3427,,Entertainment,8,306,Entertainment Expense Ledger
29-08-2025,UPI-FLIPKART-BREAKFAST,,2309,,Groceries & Food,3,301,Groceries Expense Ledger
09-07-2025,NEFT CR-SALARY-ASSET VANTAGE,86830,,,Salary Income,1,201,Salary Ledger
21-04-2025,UPI-DOMINOS PIZZA-GAMING,,1330,,Entertainment,8,306,Entertainment Expense Ledger
09-02-2026,RENT PAYMENT-490452,,22715,,Rent & Housing,4,302,Rent Expense Ledger
21-01-2026,UPI-MYNTRA-MOBILE BILL,,4056,,Utilities & Bills,7,305,Utilities Expense Ledger
30-03-2026,NEFT CR-CREDIT CARD BILL PAYMENT-813901126,,49225,,Credit Card Payment,11,401,Credit Card Payment Ledger
29-03-2026,UPI-LENSKART-MISC-300753,,2667,,Miscellaneous,12,499,Miscellaneous Ledger
20-10-2025,POS-LENSKART-MALL PURCHASE,,2975,,Shopping & Lifestyle,6,304,Shopping Expense Ledger
05-01-2026,UPI-IRCTC UTS-GOA TRIP EXPENSES,,3255,,Transport & Travel,5,303,Travel Expense Ledger
10-03-2026,UPI-NATURAL ICE CREAM-LAB TESTS,,6127,,Health & Medical,9,307,Medical Expense Ledger
04-02-2026,UPI-BIG BAZAAR-MISC-452365,,10345,,Miscellaneous,12,499,Miscellaneous Ledger
30-06-2025,UPI-FLIPKART-CONCERT TICKETS,,961,,Entertainment,8,306,Entertainment Expense Ledger
11-09-2025,UPI-AK JUICE CENTRE-MISC-347908,7637,,,Miscellaneous,12,499,Miscellaneous Ledger
18-05-2025,UPI-GOOGLEPAY-STATIONERY,,5657,,Education & Books,10,308,Education Expense Ledger
14-03-2026,UPI-UBER-CONCERT TICKETS,,4066,,Entertainment,8,306,Entertainment Expense Ledger
07-11-2025,DIVIDEND CREDIT HINDUSTAN UNILEVER LTD-669829,7592,,,Investment Income,2,202,Investment Income Ledger
23-06-2025,UPI-APOLLO PHARMACY-STATIONERY,,1647,,Education & Books,10,308,Education Expense Ledger
01-12-2025,UPI-UBER-CONCERT TICKETS,,3283,,Entertainment,8,306,Entertainment Expense Ledger
11-11-2025,UPI-DMART-MOBILE BILL,,2982,,Utilities & Bills,7,305,Utilities Expense Ledger
09-08-2025,UPI-OLA CABS-BROADBAND BILL,,2353,,Utilities & Bills,7,305,Utilities Expense Ledger
12-05-2025,HDFC BANK INTEREST CREDIT-395599,826,,,Investment Income,2,202,Investment Income Ledger
01-12-2025,ACH C- ICICI BANK DIVIDEND-764846,5117,,,Investment Income,2,202,Investment Income Ledger
07-10-2025,UPI-NETFLIX-BROADBAND BILL,,4974,,Utilities & Bills,7,305,Utilities Expense Ledger
07-01-2026,UPI-RELIANCE DIGITAL-LAB TESTS,,4335,,Health & Medical,9,307,Medical Expense Ledger
07-10-2025,UPI-CREDCLUB-CRED PAYMENT-770251208,,55353,,Credit Card Payment,11,401,Credit Card Payment Ledger
05-02-2026,UPI-AIRTEL PAYMENTS BANK-MISC-393624,3159,,,Miscellaneous,12,499,Miscellaneous Ledger
18-10-2025,UPI-PVR CINEMAS-DINNER,,97,,Groceries & Food,3,301,Groceries Expense Ledger
22-10-2025,UPI-DMART-WATER BILL,,2030,,Utilities & Bills,7,305,Utilities Expense Ledger
14-02-2026,UPI-NETFLIX-MOVIE TICKETS,,2032,,Entertainment,8,306,Entertainment Expense Ledger
25-08-2025,UPI-DMART-CLOTHING,,5274,,Shopping & Lifestyle,6,304,Shopping Expense Ledger
19-05-2025,UPI-STARBUCKS-MISC-488227,1931,,,Miscellaneous,12,499,Miscellaneous Ledger
11-04-2025,UPI-SWIGGY-MISC-298303,1624,,,Miscellaneous,12,499,Miscellaneous Ledger
31-12-2025,NEFT CR-CREDIT CARD BILL PAYMENT-549697911,,4262,,Credit Card Payment,11,401,Credit Card Payment Ledger
12-11-2025,UPI-BHARGAV SANDEEP DESAI-MISC-369045,,102,,Miscellaneous,12,499,Miscellaneous Ledger
13-12-2025,ASIAN PAINTS LTD INTEREST CREDIT-958823,769,,,Investment Income,2,202,Investment Income Ledger
17-06-2025,UPI-GOOGLEPAY-ELECTRICITY BILL,,271,,Utilities & Bills,7,305,Utilities Expense Ledger
20-05-2025,UPI-ZOMATO-FOOD,,436,,Groceries & Food,3,301,Groceries Expense Ledger
06-04-2025,NEFT CR-SALARY-TCS,49018,,,Salary Income,1,201,Salary Ledger
06-08-2025,UPI-DMART-MUMBAI TRIP,,7969,,Transport & Travel,5,303,Travel Expense Ledger
01-11-2025,UPI-DOMINOS PIZZA-PHARMACY,,2534,,Health & Medical,9,307,Medical Expense Ledger
21-08-2025,UPI-STARBUCKS-ONLINE COURSE,,3758,,Education & Books,10,308,Education Expense Ledger
07-09-2025,RENT PAYMENT-889417,,23916,,Rent & Housing,4,302,Rent Expense Ledger
24-02-2026,ACH C- VEDANTA LIMITED DIVIDEND-929365,8162,,,Investment Income,2,202,Investment Income Ledger
05-08-2025,NEFT-RENT-723502,,53536,,Rent & Housing,4,302,Rent Expense Ledger
05-10-2025,OCT 2025 SALARY CREDIT,56279,,,Salary Income,1,201,Salary Ledger
11-01-2026,CC BILL PAYMENT-253814126,,78485,,Credit Card Payment,11,401,Credit Card Payment Ledger
23-08-2025,CC BILL PAYMENT-127639012,,55028,,Credit Card Payment,11,401,Credit Card Payment Ledger
13-11-2025,APR NOV SALARY,81115,,,Salary Income,1,201,Salary Ledger
08-02-2026,UPI-NETFLIX-MOBILE BILL,,3273,,Utilities & Bills,7,305,Utilities Expense Ledger
12-03-2026,UPI-APOLLO PHARMACY-MOBILE BILL,,4308,,Utilities & Bills,7,305,Utilities Expense Ledger
24-05-2025,DIVIDEND CREDIT HINDUSTAN UNILEVER LTD-950525,2878,,,Investment Income,2,202,Investment Income Ledger
04-03-2026,UPI-IRCTC UTS-TICKET-594475891,,1747,,Transport & Travel,5,303,Travel Expense Ledger
27-09-2025,UPI-ZOMATO-PHARMACY,,7547,,Health & Medical,9,307,Medical Expense Ledger
04-07-2025,UPI-ZERODHA BROKING LTD-MUMBAI TRIP,,14906,,Transport & Travel,5,303,Travel Expense Ledger
15-09-2025,BANK TRANSFER-HOUSE RENT-359438,,43464,,Rent & Housing,4,302,Rent Expense Ledger
23-03-2026,NEFT CR-SALARY-INFOSYS LIMITED,49259,,,Salary Income,1,201,Salary Ledger
27-09-2025,ACH C- VEDANTA LIMITED DIVIDEND-906124,3841,,,Investment Income,2,202,Investment Income Ledger
29-07-2025,UPI-NATURAL ICE CREAM-LAB TESTS,,5248,,Health & Medical,9,307,Medical Expense Ledger
17-11-2025,UPI-CREDCLUB-CRED PAYMENT-575756650,,16549,,Credit Card Payment,11,401,Credit Card Payment Ledger
27-06-2025,MYNTRA SUBSCRIPTION-259882,,3213,,Entertainment,8,306,Entertainment Expense Ledger
28-04-2025,UPI-DOMINOS PIZZA-MOBILE BILL,,1704,,Utilities & Bills,7,305,Utilities Expense Ledger
17-05-2025,UPI-GOOGLEPAY-CAB RIDE,,8715,,Transport & Travel,5,303,Travel Expense Ledger
17-05-2025,UPI-NETFLIX-LUNCH,,871,,Groceries & Food,3,301,Groceries Expense Ledger
26-05-2025,UPI-OLA CABS-FOOD,,1444,,Groceries & Food,3,301,Groceries Expense Ledger
21-05-2025,NEFT CR-SALARY-HDFC BANK,67796,,,Salary Income,1,201,Salary Ledger
20-11-2025,UPI-NETFLIX-GAMING,,1974,,Entertainment,8,306,Entertainment Expense Ledger
06-06-2025,UPI-CREDCLUB-JUICE,,2281,,Groceries & Food,3,301,Groceries Expense Ledger
04-08-2025,UPI-MYNTRA-CLOTHING,,11582,,Shopping & Lifestyle,6,304,Shopping Expense Ledger
21-02-2026,BANK TRANSFER-HOUSE RENT-619385,,40323,,Rent & Housing,4,302,Rent Expense Ledger
20-09-2025,SEP 2025 SALARY CREDIT,51939,,,Salary Income,1,201,Salary Ledger
29-11-2025,NEFT-RENT-922376,,11359,,Rent & Housing,4,302,Rent Expense Ledger
02-06-2025,BANK TRANSFER-HOUSE RENT-302834,,46134,,Rent & Housing,4,302,Rent Expense Ledger
09-06-2025,UPI-NATURAL ICE CREAM-COACHING FEES,,9770,,Education & Books,10,308,Education Expense Ledger
15-04-2025,UPI-FLIPKART-MOVIE TICKETS,,4991,,Entertainment,8,306,Entertainment Expense Ledger
01-06-2025,UPI-ZOMATO-GAMING,,2756,,Entertainment,8,306,Entertainment Expense Ledger
11-07-2025,UPI-AMAZON INDIA-CONCERT TICKETS,,4105,,Entertainment,8,306,Entertainment Expense Ledger
04-06-2025,UPI-UBER-CONCERT TICKETS,,3458,,Entertainment,8,306,Entertainment Expense Ledger
03-05-2025,UPI-BHARGAV SANDEEP DESAI-PHARMACY,,7878,,Health & Medical,9,307,Medical Expense Ledger
14-05-2025,UPI-FLIPKART-COACHING FEES,,6853,,Education & Books,10,308,Education Expense Ledger
15-09-2025,UPI-NATURAL ICE CREAM-LAB TESTS,,1505,,Health & Medical,9,307,Medical Expense Ledger
15-06-2025,UPI-IRCTC UTS-STATIONERY,,8202,,Education & Books,10,308,Education Expense Ledger
11-08-2025,UPI-PVR CINEMAS-FOOD,,2027,,Groceries & Food,3,301,Groceries Expense Ledger
01-10-2025,NEFT CR-SALARY-FREELANCE CLIENT,89422,,,Salary Income,1,201,Salary Ledger
08-12-2025,UPI-RELIANCE DIGITAL-LAB TESTS,,3964,,Health & Medical,9,307,Medical Expense Ledger
15-04-2025,TCS LIMITED INTEREST CREDIT-702251,2448,,,Investment Income,2,202,Investment Income Ledger
16-01-2026,UPI-STARBUCKS-ELECTRICITY BILL,,4382,,Utilities & Bills,7,305,Utilities Expense Ledger
15-11-2025,UPI-BHARGAV SANDEEP DESAI-PHARMACY,,1801,,Health & Medical,9,307,Medical Expense Ledger
30-04-2025,UPI-STARBUCKS-STATIONERY,,5752,,Education & Books,10,308,Education Expense Ledger
12-02-2026,OLA CABS PAYMENT-602182771,,6689,,Transport & Travel,5,303,Travel Expense Ledger
02-03-2026,POS-RELIANCE DIGITAL-MALL PURCHASE,,6084,,Shopping & Lifestyle,6,304,Shopping Expense Ledger
23-04-2025,BANK TRANSFER-HOUSE RENT-778936,,58126,,Rent & Housing,4,302,Rent Expense Ledger
10-07-2025,UPI-IRCTC UTS-TICKET-300556420,,9275,,Transport & Travel,5,303,Travel Expense Ledger
19-01-2026,UPI-PVR CINEMAS-ONLINE SHOPPING,,2872,,Shopping & Lifestyle,6,304,Shopping Expense Ledger
29-12-2025,UPI-SPOTIFY-MISC-702772,,9568,,Miscellaneous,12,499,Miscellaneous Ledger
07-06-2025,UPI-UBER-MISC-929378,13076,,,Miscellaneous,12,499,Miscellaneous Ledger
16-06-2025,UPI-LENSKART-MOVIE TICKETS,,2285,,Entertainment,8,306,Entertainment Expense Ledger
13-08-2025,UPI-IRCTC UTS-MOVIE TICKETS,,4398,,Entertainment,8,306,Entertainment Expense Ledger
24-09-2025,OLA CABS PAYMENT-495858362,,410,,Transport & Travel,5,303,Travel Expense Ledger
12-11-2025,UPI-PVR CINEMAS-SHOPPING,,11660,,Shopping & Lifestyle,6,304,Shopping Expense Ledger
13-08-2025,DIVIDEND CREDIT TATA POWER CO LTD-789753,7666,,,Investment Income,2,202,Investment Income Ledger
16-09-2025,UPI-CREDCLUB-CRED PAYMENT-395237045,,7078,,Credit Card Payment,11,401,Credit Card Payment Ledger
29-12-2025,UPI-AIRTEL PAYMENTS BANK-MISC-393561,4011,,,Miscellaneous,12,499,Miscellaneous Ledger
14-04-2025,UPI-UBER-CAB RIDE,,1819,,Transport & Travel,5,303,Travel Expense Ledger
01-07-2025,NEFT-RENT-810070,,50571,,Rent & Housing,4,302,Rent Expense Ledger
16-12-2025,UPI-ZERODHA BROKING LTD-SHOPPING,,10550,,Shopping & Lifestyle,6,304,Shopping Expense Ledger
20-02-2026,UPI-STARBUCKS-PHARMACY,,3462,,Health & Medical,9,307,Medical Expense Ledger
04-10-2025,UPI-NETFLIX-ONLINE COURSE,,4700,,Education & Books,10,308,Education Expense Ledger
11-10-2025,UPI-SWIGGY-ONLINE SHOPPING,,9069,,Shopping & Lifestyle,6,304,Shopping Expense Ledger
10-05-2025,UPI-NETFLIX-MOVIE TICKETS,,3858,,Entertainment,8,306,Entertainment Expense Ledger
10-09-2025,UPI-NETFLIX-COACHING FEES,,9048,,Education & Books,10,308,Education Expense Ledger
11-10-2025,UPI-CROSSWORD BOOKSTORE-CLOTHING,,6709,,Shopping & Lifestyle,6,304,Shopping Expense Ledger
28-06-2025,UPI-DOMINOS PIZZA-SHOPPING,,16852,,Shopping & Lifestyle,6,304,Shopping Expense Ledger
08-07-2025,UPI-GOOGLEPAY-CONCERT TICKETS,,2822,,Entertainment,8,306,Entertainment Expense Ledger
16-08-2025,UPI-DMART-ONLINE COURSE,,8184,,Education & Books,10,308,Education Expense Ledger
08-04-2025,DIVIDEND CREDIT HINDUSTAN UNILEVER LTD-248441,6219,,,Investment Income,2,202,Investment Income Ledger
27-07-2025,BANK TRANSFER-HOUSE RENT-561370,,12485,,Rent & Housing,4,302,Rent Expense Ledger
16-06-2025,ACH C- HDFC BANK DIVIDEND-759981,6339,,,Investment Income,2,202,Investment Income Ledger
29-07-2025,UPI-BIG BAZAAR-GAS CYLINDER PAYMENT,,4851,,Utilities & Bills,7,305,Utilities Expense Ledger
14-05-2025,UPI-MYNTRA-MISC-249395,,10708,,Miscellaneous,12,499,Miscellaneous Ledger
19-02-2026,BANK TRANSFER-HOUSE RENT-735311,,17890,,Rent & Housing,4,302,Rent Expense Ledger
03-11-2025,UPI-NETFLIX-MISC-488422,,1945,,Miscellaneous,12,499,Miscellaneous Ledger
04-12-2025,UPI-CREDCLUB-CRED PAYMENT-933718626,,51225,,Credit Card Payment,11,401,Credit Card Payment Ledger
13-01-2026,BANK TRANSFER-HOUSE RENT-279001,,52172,,Rent & Housing,4,302,Rent Expense Ledger
29-09-2025,UPI-NATURAL ICE CREAM-MUMBAI TRIP,,7123,,Transport & Travel,5,303,Travel Expense Ledger
02-05-2025,UPI-SWIGGY-MISC-606713,,14273,,Miscellaneous,12,499,Miscellaneous Ledger
13-10-2025,UPI-BHARGAV SANDEEP DESAI-MISC-870805,2334,,,Miscellaneous,12,499,Miscellaneous Ledger
31-10-2025,UPI-BIG BAZAAR-GAMING,,4987,,Entertainment,8,306,Entertainment Expense Ledger
28-12-2025,UPI-CREDCLUB-MEDICAL BILL,,3758,,Health & Medical,9,307,Medical Expense Ledger
05-09-2025,UPI-MYNTRA-CONCERT TICKETS,,3675,,Entertainment,8,306,Entertainment Expense Ledger
17-05-2025,UPI-FLIPKART-DOCTOR CONSULTATION,,7319,,Health & Medical,9,307,Medical Expense Ledger
13-07-2025,UPI-AIRTEL PAYMENTS BANK-CLOTHING,,5516,,Shopping & Lifestyle,6,304,Shopping Expense Ledger
11-08-2025,UPI-SWIGGY-MISC-512310,11923,,,Miscellaneous,12,499,Miscellaneous Ledger
22-11-2025,UPI-APOLLO PHARMACY-CAB RIDE,,10689,,Transport & Travel,5,303,Travel Expense Ledger
25-10-2025,RENT PAYMENT-927679,,11164,,Rent & Housing,4,302,Rent Expense Ledger
08-08-2025,UPI-NATURAL ICE CREAM-ONLINE COURSE,,3417,,Education & Books,10,308,Education Expense Ledger
26-03-2026,UPI-IRCTC UTS-BOOKS,,807,,Education & Books,10,308,Education Expense Ledger
07-11-2025,UPI-PVR CINEMAS-COACHING FEES,,9627,,Education & Books,10,308,Education Expense Ledger
26-06-2025,UPI-BHARGAV SANDEEP DESAI-GAMING,,4062,,Entertainment,8,306,Entertainment Expense Ledger
08-05-2025,UPI-CREDCLUB-CRED PAYMENT-944799071,,71442,,Credit Card Payment,11,401,Credit Card Payment Ledger
26-05-2025,NEFT-RENT-526792,,29438,,Rent & Housing,4,302,Rent Expense Ledger
29-06-2025,UPI-STARBUCKS-FOOD,,775,,Groceries & Food,3,301,Groceries Expense Ledger
29-05-2025,MAY 2025 SALARY CREDIT,60435,,,Salary Income,1,201,Salary Ledger
07-06-2025,CC BILL PAYMENT-544652859,,32721,,Credit Card Payment,11,401,Credit Card Payment Ledger
13-07-2025,UPI-SPOTIFY-MISC-212752,,8840,,Miscellaneous,12,499,Miscellaneous Ledger
03-06-2025,CC BILL PAYMENT-382145481,,26416,,Credit Card Payment,11,401,Credit Card Payment Ledger
21-02-2026,UPI-CROSSWORD BOOKSTORE-BREAKFAST,,174,,Groceries & Food,3,301,Groceries Expense Ledger
30-04-2025,RENT PAYMENT-964285,,54335,,Rent & Housing,4,302,Rent Expense Ledger
08-10-2025,UPI-SWIGGY-PHARMACY,,3171,,Health & Medical,9,307,Medical Expense Ledger
28-08-2025,UPI-DMART-GAMING,,2515,,Entertainment,8,306,Entertainment Expense Ledger
24-03-2026,UPI-RELIANCE DIGITAL-COACHING FEES,,9408,,Education & Books,10,308,Education Expense Ledger
11-05-2025,UPI-APOLLO PHARMACY-ELECTRICITY BILL,,2160,,Utilities & Bills,7,305,Utilities Expense Ledger
23-08-2025,UPI-FLIPKART-DINNER,,165,,Groceries & Food,3,301,Groceries Expense Ledger
19-03-2026,UPI-DOMINOS PIZZA-FOOD,,1532,,Groceries & Food,3,301,Groceries Expense Ledger
10-02-2026,OLA CABS PAYMENT-681794294,,7481,,Transport & Travel,5,303,Travel Expense Ledger
23-01-2026,SALARY CREDIT JAN 2026,42941,,,Salary Income,1,201,Salary Ledger
03-07-2025,UPI-STARBUCKS-MISC-422554,,14506,,Miscellaneous,12,499,Miscellaneous Ledger
02-06-2025,CC BILL PAYMENT-713729809,,25816,,Credit Card Payment,11,401,Credit Card Payment Ledger
30-11-2025,UPI-RELIANCE DIGITAL-FOOD,,1062,,Groceries & Food,3,301,Groceries Expense Ledger
05-03-2026,UPI-CROSSWORD BOOKSTORE-ONLINE SHOPPING,,13875,,Shopping & Lifestyle,6,304,Shopping Expense Ledger
20-10-2025,UPI-SWIGGY-STATIONERY,,275,,Education & Books,10,308,Education Expense Ledger
26-10-2025,BANK TRANSFER-HOUSE RENT-607353,,13877,,Rent & Housing,4,302,Rent Expense Ledger
11-07-2025,CC BILL PAYMENT-106240327,,5686,,Credit Card Payment,11,401,Credit Card Payment Ledger
06-01-2026,UPI-ZOMATO-WATER BILL,,2102,,Utilities & Bills,7,305,Utilities Expense Ledger
08-06-2025,CC BILL PAYMENT-390144720,,66552,,Credit Card Payment,11,401,Credit Card Payment Ledger
27-07-2025,UPI-NATURAL ICE CREAM-MOVIE TICKETS,,1927,,Entertainment,8,306,Entertainment Expense Ledger
02-09-2025,BANK TRANSFER-HOUSE RENT-323068,,10843,,Rent & Housing,4,302,Rent Expense Ledger
02-10-2025,UPI-APOLLO PHARMACY-MISC-215657,,9167,,Miscellaneous,12,499,Miscellaneous Ledger
28-06-2025,UPI-IRCTC UTS-BROADBAND BILL,,3395,,Utilities & Bills,7,305,Utilities Expense Ledger
12-05-2025,UPI-MYNTRA-JUICE,,277,,Groceries & Food,3,301,Groceries Expense Ledger
09-11-2025,UPI-IRCTC UTS-STATIONERY,,3292,,Education & Books,10,308,Education Expense Ledger
15-07-2025,UPI-CREDCLUB-CRED PAYMENT-741021587,,24862,,Credit Card Payment,11,401,Credit Card Payment Ledger
29-10-2025,UPI-AK JUICE CENTRE-DOCTOR CONSULTATION,,5133,,Health & Medical,9,307,Medical Expense Ledger
27-05-2025,HINDUSTAN UNILEVER LTD INTEREST CREDIT-993877,3015,,,Investment Income,2,202,Investment Income Ledger
23-09-2025,RENT PAYMENT-710774,,24428,,Rent & Housing,4,302,Rent Expense Ledger
11-10-2025,TCS LIMITED INTEREST CREDIT-528565,9071,,,Investment Income,2,202,Investment Income Ledger
19-04-2025,NEFT-RENT-157062,,38062,,Rent & Housing,4,302,Rent Expense Ledger
01-08-2025,UPI-CROSSWORD BOOKSTORE-JUICE,,1988,,Groceries & Food,3,301,Groceries Expense Ledger
19-05-2025,UPI-AK JUICE CENTRE-MEDICAL BILL,,347,,Health & Medical,9,307,Medical Expense Ledger
24-04-2025,ACH C- TCS LIMITED DIVIDEND-683510,1923,,,Investment Income,2,202,Investment Income Ledger
27-03-2026,NEFT CR-CREDIT CARD BILL PAYMENT-835602617,,4748,,Credit Card Payment,11,401,Credit Card Payment Ledger
27-07-2025,BANK TRANSFER-HOUSE RENT-744905,,52331,,Rent & Housing,4,302,Rent Expense Ledger
20-01-2026,UPI-AIRTEL PAYMENTS BANK-DOCTOR CONSULTATION,,4913,,Health & Medical,9,307,Medical Expense Ledger
02-07-2025,BANK TRANSFER-HOUSE RENT-602237,,9170,,Rent & Housing,4,302,Rent Expense Ledger
05-12-2025,UPI-MYNTRA-BREAKFAST,,1926,,Groceries & Food,3,301,Groceries Expense Ledger
02-01-2026,UPI-LENSKART-CAB RIDE,,387,,Transport & Travel,5,303,Travel Expense Ledger
03-11-2025,ACH C- TATA POWER CO LTD DIVIDEND-558996,6387,,,Investment Income,2,202,Investment Income Ledger
19-09-2025,UPI-CREDCLUB-CRED PAYMENT-654800010,,32831,,Credit Card Payment,11,401,Credit Card Payment Ledger
28-08-2025,UPI-AIRTEL PAYMENTS BANK-WATER BILL,,540,,Utilities & Bills,7,305,Utilities Expense Ledger
05-08-2025,UPI-NETFLIX-STATIONERY,,8697,,Education & Books,10,308,Education Expense Ledger
05-03-2026,SALARY CREDIT MAR 2026,57755,,,Salary Income,1,201,Salary Ledger
28-01-2026,UPI-CREDCLUB-MISC-851209,5350,,,Miscellaneous,12,499,Miscellaneous Ledger
18-03-2026,UPI-RELIANCE DIGITAL-GAMING,,1231,,Entertainment,8,306,Entertainment Expense Ledger
16-05-2025,ACH C- INFOSYS LIMITED DIVIDEND-575147,7548,,,Investment Income,2,202,Investment Income Ledger
23-12-2025,UPI-NETFLIX-DINNER,,2279,,Groceries & Food,3,301,Groceries Expense Ledger
08-03-2026,HDFC BANK INTEREST CREDIT-424703,2127,,,Investment Income,2,202,Investment Income Ledger
05-06-2025,UPI-NATURAL ICE CREAM-COACHING FEES,,8835,,Education & Books,10,308,Education Expense Ledger
25-04-2025,SALARY CREDIT APR 2025,81804,,,Salary Income,1,201,Salary Ledger
26-12-2025,UPI-STARBUCKS-CLOTHING,,8945,,Shopping & Lifestyle,6,304,Shopping Expense Ledger
27-10-2025,POS-DMART-MALL PURCHASE,,10601,,Shopping & Lifestyle,6,304,Shopping Expense Ledger
01-02-2026,ACH C- ICICI BANK DIVIDEND-145256,6205,,,Investment Income,2,202,Investment Income Ledger
21-05-2025,UPI-LENSKART-STATIONERY,,4009,,Education & Books,10,308,Education Expense Ledger
15-01-2026,UPI-ZERODHA BROKING LTD-MOBILE BILL,,4355,,Utilities & Bills,7,305,Utilities Expense Ledger
13-06-2025,UPI-CREDCLUB-FOOD,,2087,,Groceries & Food,3,301,Groceries Expense Ledger
30-05-2025,UPI-CROSSWORD BOOKSTORE-PHARMACY,,5397,,Health & Medical,9,307,Medical Expense Ledger
30-05-2025,UPI-AIRTEL PAYMENTS BANK-MISC-247735,10902,,,Miscellaneous,12,499,Miscellaneous Ledger
22-01-2026,OLA CABS PAYMENT-647546839,,4077,,Transport & Travel,5,303,Travel Expense Ledger
29-11-2025,ASIAN PAINTS LTD INTEREST CREDIT-236645,5297,,,Investment Income,2,202,Investment Income Ledger
08-10-2025,BANK TRANSFER-HOUSE RENT-442221,,21731,,Rent & Housing,4,302,Rent Expense Ledger
09-08-2025,NEFT-RENT-651852,,10776,,Rent & Housing,4,302,Rent Expense Ledger
14-02-2026,BANK TRANSFER-HOUSE RENT-829282,,15697,,Rent & Housing,4,302,Rent Expense Ledger
21-08-2025,UPI-PVR CINEMAS-BROADBAND BILL,,679,,Utilities & Bills,7,305,Utilities Expense Ledger
23-01-2026,UPI-CREDCLUB-CRED PAYMENT-674286951,,6060,,Credit Card Payment,11,401,Credit Card Payment Ledger
07-09-2025,UPI-PVR CINEMAS-JUICE,,1535,,Groceries & Food,3,301,Groceries Expense Ledger
16-08-2025,NEFT CR-SALARY-WIPRO,47148,,,Salary Income,1,201,Salary Ledger
16-09-2025,UPI-NETFLIX-WATER BILL,,3829,,Utilities & Bills,7,305,Utilities Expense Ledger
19-07-2025,UPI-ZOMATO-DOCTOR CONSULTATION,,5629,,Health & Medical,9,307,Medical Expense Ledger
29-12-2025,ACH C- TCS LIMITED DIVIDEND-647670,7990,,,Investment Income,2,202,Investment Income Ledger
30-09-2025,UPI-BIG BAZAAR-GAMING,,2353,,Entertainment,8,306,Entertainment Expense Ledger
24-06-2025,UPI-NETFLIX-GOA TRIP EXPENSES,,7554,,Transport & Travel,5,303,Travel Expense Ledger
22-02-2026,UPI-LENSKART-BREAKFAST,,1183,,Groceries & Food,3,301,Groceries Expense Ledger
18-08-2025,UPI-GOOGLEPAY-LUNCH,,1718,,Groceries & Food,3,301,Groceries Expense Ledger
15-10-2025,UPI-CREDCLUB-PHARMACY,,7974,,Health & Medical,9,307,Medical Expense Ledger
24-02-2026,UPI-DMART-GOA TRIP EXPENSES,,4703,,Transport & Travel,5,303,Travel Expense Ledger
14-11-2025,UPI-ZOMATO-WATER BILL,,840,,Utilities & Bills,7,305,Utilities Expense Ledger
13-05-2025,UPI-AIRTEL PAYMENTS BANK-GAS CYLINDER PAYMENT,,4903,,Utilities & Bills,7,305,Utilities Expense Ledger
09-03-2026,UPI-STARBUCKS-ONLINE SHOPPING,,17951,,Shopping & Lifestyle,6,304,Shopping Expense Ledger
15-11-2025,UPI-LENSKART-ONLINE COURSE,,2775,,Education & Books,10,308,Education Expense Ledger
31-07-2025,UPI-DOMINOS PIZZA-DINNER,,2290,,Groceries & Food,3,301,Groceries Expense Ledger
21-05-2025,MAY 2025 SALARY CREDIT,78736,,,Salary Income,1,201,Salary Ledger
15-01-2026,NEFT-RENT-416527,,15493,,Rent & Housing,4,302,Rent Expense Ledger
12-11-2025,UPI-BHARGAV SANDEEP DESAI-JUICE,,2228,,Groceries & Food,3,301,Groceries Expense Ledger
12-10-2025,UPI-ZOMATO-MUMBAI TRIP,,5694,,Transport & Travel,5,303,Travel Expense Ledger
20-02-2026,RENT PAYMENT-343459,,43912,,Rent & Housing,4,302,Rent Expense Ledger
13-01-2026,UPI-SWIGGY-BREAKFAST,,220,,Groceries & Food,3,301,Groceries Expense Ledger
26-05-2025,UPI-LENSKART-MISC-577294,,3562,,Miscellaneous,12,499,Miscellaneous Ledger
23-07-2025,UPI-MYNTRA-GOA TRIP EXPENSES,,12217,,Transport & Travel,5,303,Travel Expense Ledger
30-06-2025,UPI-MYNTRA-CONCERT TICKETS,,957,,Entertainment,8,306,Entertainment Expense Ledger
27-12-2025,UPI-MYNTRA-MISC-709007,,4282,,Miscellaneous,12,499,Miscellaneous Ledger
13-04-2025,UPI-RELIANCE DIGITAL-GAS CYLINDER PAYMENT,,4262,,Utilities & Bills,7,305,Utilities Expense Ledger
25-10-2025,UPI-MYNTRA-ONLINE COURSE,,2857,,Education & Books,10,308,Education Expense Ledger
03-01-2026,UPI-GOOGLEPAY-ELECTRONICS,,1141,,Shopping & Lifestyle,6,304,Shopping Expense Ledger
14-02-2026,SALARY CREDIT FEB 2026,64489,,,Salary Income,1,201,Salary Ledger
03-08-2025,UPI-LENSKART-FOOD,,1305,,Groceries & Food,3,301,Groceries Expense Ledger
24-01-2026,UPI-AIRTEL PAYMENTS BANK-ONLINE SHOPPING,,18550,,Shopping & Lifestyle,6,304,Shopping Expense Ledger
11-05-2025,BANK TRANSFER-HOUSE RENT-888325,,50904,,Rent & Housing,4,302,Rent Expense Ledger
03-02-2026,UPI-IRCTC UTS-MISC-882381,8156,,,Miscellaneous,12,499,Miscellaneous Ledger
17-05-2025,UPI-IRCTC UTS-TICKET-170984280,,699,,Transport & Travel,5,303,Travel Expense Ledger
23-08-2025,UPI-LENSKART-SHOPPING,,3837,,Shopping & Lifestyle,6,304,Shopping Expense Ledger
16-01-2026,UPI-AIRTEL PAYMENTS BANK-SHOPPING,,9490,,Shopping & Lifestyle,6,304,Shopping Expense Ledger
25-05-2025,UPI-UBER-BOOKS,,7582,,Education & Books,10,308,Education Expense Ledger
23-06-2025,DIVIDEND CREDIT HDFC BANK-759993,7757,,,Investment Income,2,202,Investment Income Ledger
19-12-2025,UPI-MYNTRA-MEDICAL BILL,,1277,,Health & Medical,9,307,Medical Expense Ledger
19-12-2025,DEC 2025 SALARY CREDIT,88291,,,Salary Income,1,201,Salary Ledger
20-11-2025,UPI-NETFLIX-JUICE,,847,,Groceries & Food,3,301,Groceries Expense Ledger
09-12-2025,UPI-SWIGGY-JUICE,,769,,Groceries & Food,3,301,Groceries Expense Ledger
15-10-2025,FLIPKART SUBSCRIPTION-195790,,1046,,Entertainment,8,306,Entertainment Expense Ledger
01-07-2025,UPI-RELIANCE DIGITAL-MUMBAI TRIP,,6819,,Transport & Travel,5,303,Travel Expense Ledger
04-08-2025,UPI-SPOTIFY-ELECTRICITY BILL,,3790,,Utilities & Bills,7,305,Utilities Expense Ledger
06-06-2025,JUN 2025 SALARY CREDIT,57576,,,Salary Income,1,201,Salary Ledger
25-02-2026,UPI-SPOTIFY-LAB TESTS,,590,,Health & Medical,9,307,Medical Expense Ledger
30-10-2025,UPI-ZERODHA BROKING LTD-SHOPPING,,13307,,Shopping & Lifestyle,6,304,Shopping Expense Ledger
24-08-2025,UPI-NETFLIX-MISC-510243,,1261,,Miscellaneous,12,499,Miscellaneous Ledger
16-09-2025,NEFT CR-CREDIT CARD BILL PAYMENT-324910848,,75229,,Credit Card Payment,11,401,Credit Card Payment Ledger
11-03-2026,UPI-BHARGAV SANDEEP DESAI-BROADBAND BILL,,4752,,Utilities & Bills,7,305,Utilities Expense Ledger
26-05-2025,UPI-MYNTRA-CONCERT TICKETS,,3936,,Entertainment,8,306,Entertainment Expense Ledger
31-10-2025,DIVIDEND CREDIT HDFC BANK-410929,8997,,,Investment Income,2,202,Investment Income Ledger
02-10-2025,UPI-BHARGAV SANDEEP DESAI-MISC-436430,557,,,Miscellaneous,12,499,Miscellaneous Ledger
09-11-2025,CC BILL PAYMENT-510941699,,8354,,Credit Card Payment,11,401,Credit Card Payment Ledger
07-04-2025,UPI-PVR CINEMAS-CAB RIDE,,13940,,Transport & Travel,5,303,Travel Expense Ledger
12-02-2026,UPI-STARBUCKS-PHARMACY,,3915,,Health & Medical,9,307,Medical Expense Ledger
06-03-2026,NEFT CR-CREDIT CARD BILL PAYMENT-571562019,,72947,,Credit Card Payment,11,401,Credit Card Payment Ledger
23-10-2025,DIVIDEND CREDIT TATA POWER CO LTD-204700,742,,,Investment Income,2,202,Investment Income Ledger
10-12-2025,DEC 2025 SALARY CREDIT,83390,,,Salary Income,1,201,Salary Ledger
02-03-2026,UPI-NATURAL ICE CREAM-WATER BILL,,4020,,Utilities & Bills,7,305,Utilities Expense Ledger
14-12-2025,UPI-IRCTC UTS-GAMING,,2745,,Entertainment,8,306,Entertainment Expense Ledger
26-05-2025,UPI-IRCTC UTS-TICKET-740554953,,13953,,Transport & Travel,5,303,Travel Expense Ledger
27-10-2025,UPI-AIRTEL PAYMENTS BANK-GOA TRIP EXPENSES,,9839,,Transport & Travel,5,303,Travel Expense Ledger
07-11-2025,OLA CABS PAYMENT-387302378,,9135,,Transport & Travel,5,303,Travel Expense Ledger
02-09-2025,UPI-LENSKART-CAB RIDE,,8562,,Transport & Travel,5,303,Travel Expense Ledger
25-12-2025,UPI-BHARGAV SANDEEP DESAI-CAB RIDE,,271,,Transport & Travel,5,303,Travel Expense Ledger
07-03-2026,NEFT CR-CREDIT CARD BILL PAYMENT-768034233,,49849,,Credit Card Payment,11,401,Credit Card Payment Ledger
03-03-2026,NEFT CR-SALARY-HDFC BANK,72698,,,Salary Income,1,201,Salary Ledger
12-09-2025,CC BILL PAYMENT-477959121,,71211,,Credit Card Payment,11,401,Credit Card Payment Ledger
12-05-2025,NEFT-RENT-773217,,37793,,Rent & Housing,4,302,Rent Expense Ledger
25-03-2026,UPI-DMART-MISC-417942,12720,,,Miscellaneous,12,499,Miscellaneous Ledger
31-01-2026,UPI-PVR CINEMAS-DOCTOR CONSULTATION,,3356,,Health & Medical,9,307,Medical Expense Ledger
16-05-2025,UPI-MYNTRA-WATER BILL,,1635,,Utilities & Bills,7,305,Utilities Expense Ledger
02-03-2026,UPI-RELIANCE DIGITAL-ELECTRICITY BILL,,4728,,Utilities & Bills,7,305,Utilities Expense Ledger
11-02-2026,UPI-UBER-CLOTHING,,6759,,Shopping & Lifestyle,6,304,Shopping Expense Ledger
06-10-2025,OLA CABS PAYMENT-284675578,,5773,,Transport & Travel,5,303,Travel Expense Ledger
02-11-2025,UPI-CROSSWORD BOOKSTORE-BROADBAND BILL,,1089,,Utilities & Bills,7,305,Utilities Expense Ledger
24-08-2025,UPI-CROSSWORD BOOKSTORE-DINNER,,1412,,Groceries & Food,3,301,Groceries Expense Ledger
20-04-2025,UPI-MYNTRA-BREAKFAST,,1469,,Groceries & Food,3,301,Groceries Expense Ledger
01-08-2025,UPI-LENSKART-DINNER,,953,,Groceries & Food,3,301,Groceries Expense Ledger
18-01-2026,NEFT-RENT-850018,,50674,,Rent & Housing,4,302,Rent Expense Ledger
02-04-2025,UPI-BHARGAV SANDEEP DESAI-MOVIE TICKETS,,3187,,Entertainment,8,306,Entertainment Expense Ledger
31-07-2025,UPI-SWIGGY-PHARMACY,,4099,,Health & Medical,9,307,Medical Expense Ledger
23-08-2025,UPI-AMAZON INDIA-CAB RIDE,,1116,,Transport & Travel,5,303,Travel Expense Ledger
13-10-2025,UPI-FLIPKART-MOVIE TICKETS,,1551,,Entertainment,8,306,Entertainment Expense Ledger
01-03-2026,UPI-DMART-MOVIE TICKETS,,3099,,Entertainment,8,306,Entertainment Expense Ledger
05-08-2025,UPI-APOLLO PHARMACY-MISC-130063,11778,,,Miscellaneous,12,499,Miscellaneous Ledger
05-08-2025,UPI-UBER-MEDICAL BILL,,619,,Health & Medical,9,307,Medical Expense Ledger
25-12-2025,UPI-CREDCLUB-CRED PAYMENT-712275729,,27026,,Credit Card Payment,11,401,Credit Card Payment Ledger
12-09-2025,NEFT CR-CREDIT CARD BILL PAYMENT-840408634,,60213,,Credit Card Payment,11,401,Credit Card Payment Ledger
21-06-2025,UPI-MYNTRA-MISC-494295,1392,,,Miscellaneous,12,499,Miscellaneous Ledger
12-09-2025,CC BILL PAYMENT-802994568,,47751,,Credit Card Payment,11,401,Credit Card Payment Ledger
22-05-2025,UPI-ZERODHA BROKING LTD-CONCERT TICKETS,,4663,,Entertainment,8,306,Entertainment Expense Ledger
04-06-2025,UPI-BHARGAV SANDEEP DESAI-LAB TESTS,,5289,,Health & Medical,9,307,Medical Expense Ledger
29-09-2025,UPI-PVR CINEMAS-COACHING FEES,,9295,,Education & Books,10,308,Education Expense Ledger
31-08-2025,UPI-SWIGGY-GAMING,,3603,,Entertainment,8,306,Entertainment Expense Ledger
28-02-2026,UPI-CROSSWORD BOOKSTORE-CAB RIDE,,12535,,Transport & Travel,5,303,Travel Expense Ledger
10-08-2025,DIVIDEND CREDIT CRISIL LIMITED-956238,4091,,,Investment Income,2,202,Investment Income Ledger
29-10-2025,UPI-CROSSWORD BOOKSTORE-MISC-462232,,544,,Miscellaneous,12,499,Miscellaneous Ledger
17-11-2025,UPI-BHARGAV SANDEEP DESAI-GAS CYLINDER PAYMENT,,3986,,Utilities & Bills,7,305,Utilities Expense Ledger
05-04-2025,UPI-ZOMATO-BROADBAND BILL,,4669,,Utilities & Bills,7,305,Utilities Expense Ledger
28-11-2025,UPI-MYNTRA-MOVIE TICKETS,,2380,,Entertainment,8,306,Entertainment Expense Ledger
04-06-2025,UPI-SPOTIFY-GAS CYLINDER PAYMENT,,3934,,Utilities & Bills,7,305,Utilities Expense Ledger
16-03-2026,UPI-ZERODHA BROKING LTD-MISC-496178,,4584,,Miscellaneous,12,499,Miscellaneous Ledger
25-05-2025,UPI-NETFLIX-MISC-811716,,2988,,Miscellaneous,12,499,Miscellaneous Ledger
29-08-2025,UPI-BHARGAV SANDEEP DESAI-COACHING FEES,,5930,,Education & Books,10,308,Education Expense Ledger
02-05-2025,SWIGGY SUBSCRIPTION-967965,,2739,,Entertainment,8,306,Entertainment Expense Ledger
29-03-2026,UPI-PVR CINEMAS-WATER BILL,,1219,,Utilities & Bills,7,305,Utilities Expense Ledger
30-09-2025,UPI-APOLLO PHARMACY-BREAKFAST,,493,,Groceries & Food,3,301,Groceries Expense Ledger
03-11-2025,UPI-STARBUCKS-GAMING,,1562,,Entertainment,8,306,Entertainment Expense Ledger
25-04-2025,UPI-ZERODHA BROKING LTD-BOOKS,,6240,,Education & Books,10,308,Education Expense Ledger
29-12-2025,UPI-UBER-ONLINE SHOPPING,,4958,,Shopping & Lifestyle,6,304,Shopping Expense Ledger
16-06-2025,CC BILL PAYMENT-482338399,,50002,,Credit Card Payment,11,401,Credit Card Payment Ledger
21-02-2026,CC BILL PAYMENT-793456096,,4729,,Credit Card Payment,11,401,Credit Card Payment Ledger
14-06-2025,UPI-SWIGGY-GOA TRIP EXPENSES,,12700,,Transport & Travel,5,303,Travel Expense Ledger
09-06-2025,UPI-FLIPKART-FOOD,,1376,,Groceries & Food,3,301,Groceries Expense Ledger
14-04-2025,UPI-GOOGLEPAY-WATER BILL,,1273,,Utilities & Bills,7,305,Utilities Expense Ledger
19-09-2025,UPI-CREDCLUB-CRED PAYMENT-389441900,,30320,,Credit Card Payment,11,401,Credit Card Payment Ledger
23-10-2025,UPI-NATURAL ICE CREAM-PHARMACY,,2780,,Health & Medical,9,307,Medical Expense Ledger
24-04-2025,SALARY CREDIT APR 2025,54678,,,Salary Income,1,201,Salary Ledger
08-01-2026,UPI-NETFLIX-ELECTRONICS,,6972,,Shopping & Lifestyle,6,304,Shopping Expense Ledger
12-09-2025,UPI-RELIANCE DIGITAL-MISC-601233,,7130,,Miscellaneous,12,499,Miscellaneous Ledger
08-10-2025,UPI-DMART-DOCTOR CONSULTATION,,2381,,Health & Medical,9,307,Medical Expense Ledger
08-09-2025,UPI-BIG BAZAAR-CLOTHING,,1101,,Shopping & Lifestyle,6,304,Shopping Expense Ledger
24-08-2025,ACH C- INFOSYS LIMITED DIVIDEND-576384,5672,,,Investment Income,2,202,Investment Income Ledger
21-10-2025,UPI-NETFLIX-CONCERT TICKETS,,4341,,Entertainment,8,306,Entertainment Expense Ledger
27-05-2025,ZERODHA BROKING LTD SUBSCRIPTION-122499,,1158,,Entertainment,8,306,Entertainment Expense Ledger
06-06-2025,UPI-BIG BAZAAR-MEDICAL BILL,,2676,,Health & Medical,9,307,Medical Expense Ledger
08-02-2026,DIVIDEND CREDIT TATA POWER CO LTD-418488,270,,,Investment Income,2,202,Investment Income Ledger
11-03-2026,UPI-ZERODHA BROKING LTD-SHOPPING,,5818,,Shopping & Lifestyle,6,304,Shopping Expense Ledger
14-08-2025,UPI-PVR CINEMAS-COACHING FEES,,4776,,Education & Books,10,308,Education Expense Ledger
08-07-2025,UPI-DMART-MISC-968220,,1512,,Miscellaneous,12,499,Miscellaneous Ledger
21-11-2025,POS-GOOGLEPAY-MALL PURCHASE,,2268,,Shopping & Lifestyle,6,304,Shopping Expense Ledger
27-08-2025,UPI-AIRTEL PAYMENTS BANK-DOCTOR CONSULTATION,,6391,,Health & Medical,9,307,Medical Expense Ledger
10-04-2025,UPI-DMART-COACHING FEES,,1233,,Education & Books,10,308,Education Expense Ledger
27-05-2025,NEFT-RENT-523240,,29435,,Rent & Housing,4,302,Rent Expense Ledger
17-12-2025,NEFT-RENT-995596,,53246,,Rent & Housing,4,302,Rent Expense Ledger
26-11-2025,UPI-NETFLIX-LAB TESTS,,6497,,Health & Medical,9,307,Medical Expense Ledger
10-04-2025,UPI-IRCTC UTS-JUICE,,1962,,Groceries & Food,3,301,Groceries Expense Ledger
20-06-2025,UPI-CROSSWORD BOOKSTORE-WATER BILL,,3532,,Utilities & Bills,7,305,Utilities Expense Ledger
24-06-2025,TCS LIMITED INTEREST CREDIT-629321,672,,,Investment Income,2,202,Investment Income Ledger
01-12-2025,UPI-NATURAL ICE CREAM-BOOKS,,5414,,Education & Books,10,308,Education Expense Ledger
08-04-2025,UPI-DOMINOS PIZZA-LUNCH,,240,,Groceries & Food,3,301,Groceries Expense Ledger
08-05-2025,UPI-CREDCLUB-CRED PAYMENT-693243644,,39498,,Credit Card Payment,11,401,Credit Card Payment Ledger
17-01-2026,UPI-SWIGGY-STATIONERY,,9579,,Education & Books,10,308,Education Expense Ledger
04-06-2025,UPI-OLA CABS-MISC-124648,,598,,Miscellaneous,12,499,Miscellaneous Ledger
24-11-2025,BANK TRANSFER-HOUSE RENT-355733,,40966,,Rent & Housing,4,302,Rent Expense Ledger
26-06-2025,UPI-AIRTEL PAYMENTS BANK-GAMING,,671,,Entertainment,8,306,Entertainment Expense Ledger
07-05-2025,UPI-APOLLO PHARMACY-BROADBAND BILL,,1374,,Utilities & Bills,7,305,Utilities Expense Ledger
28-06-2025,UPI-UBER-BOOKS,,378,,Education & Books,10,308,Education Expense Ledger
19-12-2025,UPI-LENSKART-PHARMACY,,998,,Health & Medical,9,307,Medical Expense Ledger
06-02-2026,UPI-DMART-MISC-365228,,12546,,Miscellaneous,12,499,Miscellaneous Ledger
28-01-2026,UPI-UBER-COACHING FEES,,931,,Education & Books,10,308,Education Expense Ledger
23-08-2025,POS-BHARGAV SANDEEP DESAI-MALL PURCHASE,,12170,,Shopping & Lifestyle,6,304,Shopping Expense Ledger
30-11-2025,ACH C- INFOSYS LIMITED DIVIDEND-474485,2983,,,Investment Income,2,202,Investment Income Ledger
14-06-2025,CC BILL PAYMENT-200533117,,40867,,Credit Card Payment,11,401,Credit Card Payment Ledger
16-07-2025,UPI-CROSSWORD BOOKSTORE-CONCERT TICKETS,,3532,,Entertainment,8,306,Entertainment Expense Ledger
21-02-2026,UPI-MYNTRA-MISC-869565,,6376,,Miscellaneous,12,499,Miscellaneous Ledger
05-04-2025,UPI-PVR CINEMAS-LUNCH,,2402,,Groceries & Food,3,301,Groceries Expense Ledger
02-05-2025,UPI-PVR CINEMAS-ELECTRONICS,,3993,,Shopping & Lifestyle,6,304,Shopping Expense Ledger
15-06-2025,BANK TRANSFER-HOUSE RENT-207792,,31122,,Rent & Housing,4,302,Rent Expense Ledger
10-04-2025,UPI-DMART-WATER BILL,,2793,,Utilities & Bills,7,305,Utilities Expense Ledger
06-06-2025,UPI-DMART-CLOTHING,,17497,,Shopping & Lifestyle,6,304,Shopping Expense Ledger
30-10-2025,UPI-MYNTRA-MOBILE BILL,,2578,,Utilities & Bills,7,305,Utilities Expense Ledger
01-09-2025,DIVIDEND CREDIT ASIAN PAINTS LTD-154460,9549,,,Investment Income,2,202,Investment Income Ledger
19-02-2026,UPI-STARBUCKS-BREAKFAST,,737,,Groceries & Food,3,301,Groceries Expense Ledger
23-01-2026,NATURAL ICE CREAM SUBSCRIPTION-778066,,1994,,Entertainment,8,306,Entertainment Expense Ledger
03-08-2025,BANK TRANSFER-HOUSE RENT-563930,,40479,,Rent & Housing,4,302,Rent Expense Ledger
04-07-2025,UPI-NATURAL ICE CREAM-ELECTRICITY BILL,,1844,,Utilities & Bills,7,305,Utilities Expense Ledger
17-08-2025,UPI-BHARGAV SANDEEP DESAI-GAMING,,4903,,Entertainment,8,306,Entertainment Expense Ledger
01-11-2025,UPI-PVR CINEMAS-MOVIE TICKETS,,2430,,Entertainment,8,306,Entertainment Expense Ledger
07-07-2025,UPI-BIG BAZAAR-MISC-662473,,3208,,Miscellaneous,12,499,Miscellaneous Ledger
14-11-2025,UPI-IRCTC UTS-MUMBAI TRIP,,8981,,Transport & Travel,5,303,Travel Expense Ledger
28-08-2025,UPI-CREDCLUB-CRED PAYMENT-284954287,,17766,,Credit Card Payment,11,401,Credit Card Payment Ledger
18-10-2025,UPI-LENSKART-GOA TRIP EXPENSES,,9875,,Transport & Travel,5,303,Travel Expense Ledger
06-09-2025,UPI-NETFLIX-BREAKFAST,,165,,Groceries & Food,3,301,Groceries Expense Ledger
17-07-2025,UPI-SPOTIFY-MISC-371409,,13385,,Miscellaneous,12,499,Miscellaneous Ledger
12-03-2026,UPI-CROSSWORD BOOKSTORE-ONLINE SHOPPING,,5654,,Shopping & Lifestyle,6,304,Shopping Expense Ledger
03-01-2026,DIVIDEND CREDIT RELIANCE INDUSTRIES-611566,6997,,,Investment Income,2,202,Investment Income Ledger
22-05-2025,UPI-AMAZON INDIA-BREAKFAST,,751,,Groceries & Food,3,301,Groceries Expense Ledger
11-02-2026,ACH C- TCS LIMITED DIVIDEND-391568,1033,,,Investment Income,2,202,Investment Income Ledger
25-09-2025,SEP 2025 SALARY CREDIT,81505,,,Salary Income,1,201,Salary Ledger
20-02-2026,UPI-SPOTIFY-PHARMACY,,7716,,Health & Medical,9,307,Medical Expense Ledger
17-01-2026,UPI-UBER-CLOTHING,,2190,,Shopping & Lifestyle,6,304,Shopping Expense Ledger
02-09-2025,UPI-NATURAL ICE CREAM-PHARMACY,,4845,,Health & Medical,9,307,Medical Expense Ledger
09-04-2025,NEFT CR-CREDIT CARD BILL PAYMENT-415096272,,15645,,Credit Card Payment,11,401,Credit Card Payment Ledger
07-07-2025,UPI-IRCTC UTS-TICKET-229117277,,13361,,Transport & Travel,5,303,Travel Expense Ledger
15-10-2025,NEFT-RENT-752020,,59796,,Rent & Housing,4,302,Rent Expense Ledger
17-11-2025,UPI-PVR CINEMAS-CLOTHING,,14826,,Shopping & Lifestyle,6,304,Shopping Expense Ledger
03-07-2025,ACH C- VEDANTA LIMITED DIVIDEND-162287,2731,,,Investment Income,2,202,Investment Income Ledger
21-05-2025,UPI-AK JUICE CENTRE-COACHING FEES,,2750,,Education & Books,10,308,Education Expense Ledger
29-01-2026,UPI-GOOGLEPAY-CAB RIDE,,6154,,Transport & Travel,5,303,Travel Expense Ledger
25-03-2026,UPI-AMAZON INDIA-GAS CYLINDER PAYMENT,,3931,,Utilities & Bills,7,305,Utilities Expense Ledger
09-10-2025,UPI-IRCTC UTS-TICKET-581363369,,13899,,Transport & Travel,5,303,Travel Expense Ledger
02-06-2025,UPI-BIG BAZAAR-MEDICAL BILL,,6153,,Health & Medical,9,307,Medical Expense Ledger
09-07-2025,BANK TRANSFER-HOUSE RENT-549813,,48277,,Rent & Housing,4,302,Rent Expense Ledger
07-04-2025,ACH C- ASIAN PAINTS LTD DIVIDEND-929690,9704,,,Investment Income,2,202,Investment Income Ledger
27-02-2026,APR FEB SALARY,66950,,,Salary Income,1,201,Salary Ledger
13-05-2025,SALARY CREDIT MAY 2025,40215,,,Salary Income,1,201,Salary Ledger
27-10-2025,DIVIDEND CREDIT VEDANTA LIMITED-634633,7500,,,Investment Income,2,202,Investment Income Ledger
09-07-2025,UPI-GOOGLEPAY-LAB TESTS,,3710,,Health & Medical,9,307,Medical Expense Ledger
19-10-2025,ICICI BANK INTEREST CREDIT-497783,5768,,,Investment Income,2,202,Investment Income Ledger
24-11-2025,STARBUCKS SUBSCRIPTION-873068,,3611,,Entertainment,8,306,Entertainment Expense Ledger
28-01-2026,NEFT CR-SALARY-TCS,40228,,,Salary Income,1,201,Salary Ledger
15-06-2025,UPI-STARBUCKS-ONLINE COURSE,,7001,,Education & Books,10,308,Education Expense Ledger
05-04-2025,UPI-CREDCLUB-DINNER,,1871,,Groceries & Food,3,301,Groceries Expense Ledger
20-05-2025,UPI-AIRTEL PAYMENTS BANK-ONLINE COURSE,,3979,,Education & Books,10,308,Education Expense Ledger
22-02-2026,AIRTEL PAYMENTS BANK SUBSCRIPTION-850887,,245,,Entertainment,8,306,Entertainment Expense Ledger
13-02-2026,POS-ZERODHA BROKING LTD-MALL PURCHASE,,4765,,Shopping & Lifestyle,6,304,Shopping Expense Ledger
04-11-2025,NEFT-RENT-566995,,47405,,Rent & Housing,4,302,Rent Expense Ledger
05-11-2025,ACH C- HINDUSTAN UNILEVER LTD DIVIDEND-617965,2460,,,Investment Income,2,202,Investment Income Ledger
29-11-2025,UPI-ZOMATO-DOCTOR CONSULTATION,,6082,,Health & Medical,9,307,Medical Expense Ledger
03-06-2025,UPI-MYNTRA-STATIONERY,,7802,,Education & Books,10,308,Education Expense Ledger
27-02-2026,UPI-OLA CABS-ELECTRONICS,,19783,,Shopping & Lifestyle,6,304,Shopping Expense Ledger
31-08-2025,UPI-CREDCLUB-CRED PAYMENT-964992949,,78733,,Credit Card Payment,11,401,Credit Card Payment Ledger
18-08-2025,SALARY CREDIT AUG 2025,44631,,,Salary Income,1,201,Salary Ledger
06-10-2025,UPI-BHARGAV SANDEEP DESAI-ELECTRONICS,,3968,,Shopping & Lifestyle,6,304,Shopping Expense Ledger
18-04-2025,UPI-MYNTRA-ELECTRONICS,,12946,,Shopping & Lifestyle,6,304,Shopping Expense Ledger
31-05-2025,UPI-ZERODHA BROKING LTD-PHARMACY,,2801,,Health & Medical,9,307,Medical Expense Ledger
25-12-2025,VEDANTA LIMITED INTEREST CREDIT-854981,3880,,,Investment Income,2,202,Investment Income Ledger
01-05-2025,UPI-OLA CABS-GAS CYLINDER PAYMENT,,1430,,Utilities & Bills,7,305,Utilities Expense Ledger
06-11-2025,UPI-SPOTIFY-GAS CYLINDER PAYMENT,,1705,,Utilities & Bills,7,305,Utilities Expense Ledger
29-06-2025,APR JUN SALARY,69491,,,Salary Income,1,201,Salary Ledger
20-08-2025,UPI-ZERODHA BROKING LTD-ONLINE SHOPPING,,6664,,Shopping & Lifestyle,6,304,Shopping Expense Ledger
15-07-2025,CC BILL PAYMENT-546431292,,75219,,Credit Card Payment,11,401,Credit Card Payment Ledger
08-08-2025,UPI-ZERODHA BROKING LTD-ELECTRONICS,,3095,,Shopping & Lifestyle,6,304,Shopping Expense Ledger
18-12-2025,RENT PAYMENT-292376,,57737,,Rent & Housing,4,302,Rent Expense Ledger
18-07-2025,CC BILL PAYMENT-955642027,,34302,,Credit Card Payment,11,401,Credit Card Payment Ledger
24-10-2025,UPI-CROSSWORD BOOKSTORE-MUMBAI TRIP,,3498,,Transport & Travel,5,303,Travel Expense Ledger
21-09-2025,BANK TRANSFER-HOUSE RENT-703151,,29709,,Rent & Housing,4,302,Rent Expense Ledger
28-11-2025,UPI-CREDCLUB-GAS CYLINDER PAYMENT,,4903,,Utilities & Bills,7,305,Utilities Expense Ledger
08-03-2026,UPI-IRCTC UTS-BOOKS,,8516,,Education & Books,10,308,Education Expense Ledger
23-12-2025,UPI-AMAZON INDIA-MISC-214003,1911,,,Miscellaneous,12,499,Miscellaneous Ledger
18-06-2025,NEFT CR-SALARY-TCS,89589,,,Salary Income,1,201,Salary Ledger
12-04-2025,UPI-SPOTIFY-ONLINE COURSE,,9613,,Education & Books,10,308,Education Expense Ledger
05-07-2025,UPI-UBER-SHOPPING,,14580,,Shopping & Lifestyle,6,304,Shopping Expense Ledger
03-11-2025,UPI-RELIANCE DIGITAL-WATER BILL,,4686,,Utilities & Bills,7,305,Utilities Expense Ledger
19-04-2025,SALARY CREDIT APR 2025,79886,,,Salary Income,1,201,Salary Ledger
28-09-2025,UPI-DMART-GAS CYLINDER PAYMENT,,903,,Utilities & Bills,7,305,Utilities Expense Ledger
04-11-2025,UPI-UBER-CAB RIDE,,8096,,Transport & Travel,5,303,Travel Expense Ledger
31-07-2025,NEFT CR-SALARY-WIPRO,77711,,,Salary Income,1,201,Salary Ledger
06-01-2026,UPI-RELIANCE DIGITAL-BROADBAND BILL,,3991,,Utilities & Bills,7,305,Utilities Expense Ledger
09-05-2025,UPI-UBER-FOOD,,2176,,Groceries & Food,3,301,Groceries Expense Ledger
28-04-2025,DIVIDEND CREDIT TATA POWER CO LTD-176290,2778,,,Investment Income,2,202,Investment Income Ledger
22-12-2025,UPI-BIG BAZAAR-COACHING FEES,,6630,,Education & Books,10,308,Education Expense Ledger
28-09-2025,UPI-APOLLO PHARMACY-ELECTRICITY BILL,,816,,Utilities & Bills,7,305,Utilities Expense Ledger
07-12-2025,BANK TRANSFER-HOUSE RENT-103174,,50719,,Rent & Housing,4,302,Rent Expense Ledger
06-09-2025,UPI-CREDCLUB-COACHING FEES,,2830,,Education & Books,10,308,Education Expense Ledger
29-06-2025,BANK TRANSFER-HOUSE RENT-696923,,53972,,Rent & Housing,4,302,Rent Expense Ledger
24-01-2026,JAN 2026 SALARY CREDIT,51360,,,Salary Income,1,201,Salary Ledger
16-01-2026,UPI-AMAZON INDIA-STATIONERY,,4351,,Education & Books,10,308,Education Expense Ledger
09-12-2025,NEFT CR-CREDIT CARD BILL PAYMENT-318780145,,72376,,Credit Card Payment,11,401,Credit Card Payment Ledger
09-07-2025,UPI-AK JUICE CENTRE-ONLINE COURSE,,8521,,Education & Books,10,308,Education Expense Ledger
01-11-2025,ACH C- HDFC BANK DIVIDEND-238454,7416,,,Investment Income,2,202,Investment Income Ledger
10-08-2025,UPI-BIG BAZAAR-MISC-429801,10736,,,Miscellaneous,12,499,Miscellaneous Ledger
04-05-2025,UPI-BIG BAZAAR-LAB TESTS,,4396,,Health & Medical,9,307,Medical Expense Ledger
28-02-2026,UPI-IRCTC UTS-TICKET-295379543,,3337,,Transport & Travel,5,303,Travel Expense Ledger
20-05-2025,UPI-ZERODHA BROKING LTD-CONCERT TICKETS,,4561,,Entertainment,8,306,Entertainment Expense Ledger
12-03-2026,UPI-CREDCLUB-MOVIE TICKETS,,2376,,Entertainment,8,306,Entertainment Expense Ledger
10-09-2025,UPI-OLA CABS-PHARMACY,,2243,,Health & Medical,9,307,Medical Expense Ledger
07-06-2025,UPI-NETFLIX-MEDICAL BILL,,3083,,Health & Medical,9,307,Medical Expense Ledger
15-10-2025,UPI-BIG BAZAAR-CAB RIDE,,7061,,Transport & Travel,5,303,Travel Expense Ledger
12-02-2026,VEDANTA LIMITED INTEREST CREDIT-724913,974,,,Investment Income,2,202,Investment Income Ledger
23-12-2025,UPI-IRCTC UTS-STATIONERY,,695,,Education & Books,10,308,Education Expense Ledger
19-01-2026,ACH C- VEDANTA LIMITED DIVIDEND-788284,1602,,,Investment Income,2,202,Investment Income Ledger
26-11-2025,RENT PAYMENT-678963,,31889,,Rent & Housing,4,302,Rent Expense Ledger
08-12-2025,UPI-ZOMATO-GAMING,,4754,,Entertainment,8,306,Entertainment Expense Ledger
04-02-2026,UPI-CREDCLUB-CRED PAYMENT-626674166,,41718,,Credit Card Payment,11,401,Credit Card Payment Ledger
30-06-2025,UPI-DMART-DINNER,,2021,,Groceries & Food,3,301,Groceries Expense Ledger
26-09-2025,UPI-NETFLIX-COACHING FEES,,353,,Education & Books,10,308,Education Expense Ledger
20-06-2025,ACH C- INFOSYS LIMITED DIVIDEND-475233,5649,,,Investment Income,2,202,Investment Income Ledger
26-03-2026,NEFT CR-SALARY-ASSET VANTAGE,51049,,,Salary Income,1,201,Salary Ledger
10-03-2026,UPI-OLA CABS-MISC-324062,,8146,,Miscellaneous,12,499,Miscellaneous Ledger
15-04-2025,UPI-UBER-LUNCH,,1948,,Groceries & Food,3,301,Groceries Expense Ledger
13-12-2025,UPI-LENSKART-STATIONERY,,3626,,Education & Books,10,308,Education Expense Ledger
03-03-2026,RENT PAYMENT-568013,,28085,,Rent & Housing,4,302,Rent Expense Ledger
05-06-2025,NEFT-RENT-942549,,37079,,Rent & Housing,4,302,Rent Expense Ledger
24-10-2025,APR OCT SALARY,79472,,,Salary Income,1,201,Salary Ledger
28-02-2026,POS-NATURAL ICE CREAM-MALL PURCHASE,,19095,,Shopping & Lifestyle,6,304,Shopping Expense Ledger
13-04-2025,UPI-PVR CINEMAS-WATER BILL,,3405,,Utilities & Bills,7,305,Utilities Expense Ledger
10-12-2025,UPI-RELIANCE DIGITAL-GAS CYLINDER PAYMENT,,3504,,Utilities & Bills,7,305,Utilities Expense Ledger
18-07-2025,UPI-ZERODHA BROKING LTD-ONLINE COURSE,,9749,,Education & Books,10,308,Education Expense Ledger
03-03-2026,UPI-LENSKART-BOOKS,,3392,,Education & Books,10,308,Education Expense Ledger
20-03-2026,UPI-RELIANCE DIGITAL-JUICE,,1509,,Groceries & Food,3,301,Groceries Expense Ledger
10-03-2026,NEFT CR-CREDIT CARD BILL PAYMENT-313325360,,50549,,Credit Card Payment,11,401,Credit Card Payment Ledger
20-09-2025,UPI-SWIGGY-MISC-644333,4875,,,Miscellaneous,12,499,Miscellaneous Ledger
08-02-2026,ZOMATO SUBSCRIPTION-782265,,3041,,Entertainment,8,306,Entertainment Expense Ledger
02-02-2026,UPI-NATURAL ICE CREAM-MUMBAI TRIP,,7167,,Transport & Travel,5,303,Travel Expense Ledger
26-07-2025,UPI-CROSSWORD BOOKSTORE-ONLINE COURSE,,1680,,Education & Books,10,308,Education Expense Ledger
27-01-2026,UPI-APOLLO PHARMACY-GAS CYLINDER PAYMENT,,1499,,Utilities & Bills,7,305,Utilities Expense Ledger
14-04-2025,UPI-NATURAL ICE CREAM-JUICE,,1256,,Groceries & Food,3,301,Groceries Expense Ledger
04-11-2025,INFOSYS LIMITED INTEREST CREDIT-479553,9777,,,Investment Income,2,202,Investment Income Ledger
23-06-2025,UPI-SWIGGY-MISC-875359,1582,,,Miscellaneous,12,499,Miscellaneous Ledger
14-05-2025,BANK TRANSFER-HOUSE RENT-985259,,57429,,Rent & Housing,4,302,Rent Expense Ledger
29-04-2025,BANK TRANSFER-HOUSE RENT-720253,,53178,,Rent & Housing,4,302,Rent Expense Ledger
10-12-2025,UPI-GOOGLEPAY-GOA TRIP EXPENSES,,3222,,Transport & Travel,5,303,Travel Expense Ledger
02-08-2025,CC BILL PAYMENT-518963898,,23884,,Credit Card Payment,11,401,Credit Card Payment Ledger
20-12-2025,UPI-RELIANCE DIGITAL-GOA TRIP EXPENSES,,6766,,Transport & Travel,5,303,Travel Expense Ledger
24-04-2025,UPI-IRCTC UTS-TICKET-703645314,,3464,,Transport & Travel,5,303,Travel Expense Ledger
24-07-2025,UPI-NATURAL ICE CREAM-CLOTHING,,13665,,Shopping & Lifestyle,6,304,Shopping Expense Ledger
14-10-2025,UPI-GOOGLEPAY-GOA TRIP EXPENSES,,9180,,Transport & Travel,5,303,Travel Expense Ledger
13-01-2026,UPI-BHARGAV SANDEEP DESAI-BOOKS,,671,,Education & Books,10,308,Education Expense Ledger
26-07-2025,UPI-ZOMATO-MOBILE BILL,,3797,,Utilities & Bills,7,305,Utilities Expense Ledger
14-11-2025,POS-AMAZON INDIA-MALL PURCHASE,,563,,Shopping & Lifestyle,6,304,Shopping Expense Ledger
17-02-2026,UPI-BHARGAV SANDEEP DESAI-BOOKS,,2136,,Education & Books,10,308,Education Expense Ledger
11-11-2025,UPI-FLIPKART-JUICE,,920,,Groceries & Food,3,301,Groceries Expense Ledger
24-06-2025,HDFC BANK INTEREST CREDIT-496419,5254,,,Investment Income,2,202,Investment Income Ledger
09-04-2025,DIVIDEND CREDIT CRISIL LIMITED-430763,2294,,,Investment Income,2,202,Investment Income Ledger
11-02-2026,FEB 2026 SALARY CREDIT,48521,,,Salary Income,1,201,Salary Ledger
08-04-2025,UPI-BIG BAZAAR-GAMING,,4832,,Entertainment,8,306,Entertainment Expense Ledger
13-02-2026,UPI-AMAZON INDIA-LAB TESTS,,3142,,Health & Medical,9,307,Medical Expense Ledger
10-10-2025,HINDUSTAN UNILEVER LTD INTEREST CREDIT-298153,2617,,,Investment Income,2,202,Investment Income Ledger
08-03-2026,UPI-FLIPKART-MUMBAI TRIP,,10551,,Transport & Travel,5,303,Travel Expense Ledger
16-01-2026,UPI-ZOMATO-CLOTHING,,9245,,Shopping & Lifestyle,6,304,Shopping Expense Ledger
30-03-2026,DIVIDEND CREDIT TCS LIMITED-262007,8719,,,Investment Income,2,202,Investment Income Ledger
06-08-2025,UPI-ZERODHA BROKING LTD-ELECTRICITY BILL,,4430,,Utilities & Bills,7,305,Utilities Expense Ledger
05-01-2026,UPI-ZOMATO-COACHING FEES,,5613,,Education & Books,10,308,Education Expense Ledger
25-08-2025,POS-UBER-MALL PURCHASE,,19187,,Shopping & Lifestyle,6,304,Shopping Expense Ledger
22-09-2025,UPI-MYNTRA-BOOKS,,7757,,Education & Books,10,308,Education Expense Ledger
15-11-2025,DIVIDEND CREDIT ICICI BANK-738071,9161,,,Investment Income,2,202,Investment Income Ledger
13-02-2026,UPI-DMART-MOVIE TICKETS,,169,,Entertainment,8,306,Entertainment Expense Ledger
25-03-2026,UPI-SPOTIFY-ELECTRICITY BILL,,2207,,Utilities & Bills,7,305,Utilities Expense Ledger
05-01-2026,UPI-LENSKART-MOVIE TICKETS,,2879,,Entertainment,8,306,Entertainment Expense Ledger
31-08-2025,UPI-FLIPKART-MISC-222989,,5985,,Miscellaneous,12,499,Miscellaneous Ledger
01-09-2025,UPI-FLIPKART-PHARMACY,,7547,,Health & Medical,9,307,Medical Expense Ledger
25-12-2025,UPI-UBER-ONLINE COURSE,,8416,,Education & Books,10,308,Education Expense Ledger
26-06-2025,TATA POWER CO LTD INTEREST CREDIT-325756,6250,,,Investment Income,2,202,Investment Income Ledger
11-05-2025,UPI-CREDCLUB-BROADBAND BILL,,4584,,Utilities & Bills,7,305,Utilities Expense Ledger
08-08-2025,ACH C- CRISIL LIMITED DIVIDEND-157939,7122,,,Investment Income,2,202,Investment Income Ledger
14-07-2025,UPI-STARBUCKS-DINNER,,484,,Groceries & Food,3,301,Groceries Expense Ledger
17-07-2025,ACH C- HINDUSTAN UNILEVER LTD DIVIDEND-655913,7983,,,Investment Income,2,202,Investment Income Ledger
25-06-2025,UPI-BIG BAZAAR-ELECTRICITY BILL,,635,,Utilities & Bills,7,305,Utilities Expense Ledger
16-04-2025,TCS LIMITED INTEREST CREDIT-211776,3307,,,Investment Income,2,202,Investment Income Ledger
07-04-2025,UPI-SPOTIFY-GAMING,,3213,,Entertainment,8,306,Entertainment Expense Ledger
26-03-2026,UPI-STARBUCKS-FOOD,,1003,,Groceries & Food,3,301,Groceries Expense Ledger
03-09-2025,SEP 2025 SALARY CREDIT,61271,,,Salary Income,1,201,Salary Ledger
18-08-2025,UPI-DMART-PHARMACY,,2127,,Health & Medical,9,307,Medical Expense Ledger
04-12-2025,OLA CABS PAYMENT-500615196,,11773,,Transport & Travel,5,303,Travel Expense Ledger
19-06-2025,UPI-RELIANCE DIGITAL-FOOD,,2187,,Groceries & Food,3,301,Groceries Expense Ledger
12-03-2026,UPI-CREDCLUB-STATIONERY,,3526,,Education & Books,10,308,Education Expense Ledger
12-01-2026,NEFT CR-CREDIT CARD BILL PAYMENT-645401420,,5763,,Credit Card Payment,11,401,Credit Card Payment Ledger
03-05-2025,UPI-CREDCLUB-MUMBAI TRIP,,11321,,Transport & Travel,5,303,Travel Expense Ledger
30-08-2025,UPI-RELIANCE DIGITAL-CAB RIDE,,6122,,Transport & Travel,5,303,Travel Expense Ledger
14-02-2026,UPI-AMAZON INDIA-MISC-815295,,6209,,Miscellaneous,12,499,Miscellaneous Ledger
10-03-2026,OLA CABS PAYMENT-741019209,,9712,,Transport & Travel,5,303,Travel Expense Ledger
18-09-2025,NEFT-RENT-892244,,10892,,Rent & Housing,4,302,Rent Expense Ledger
10-11-2025,RELIANCE INDUSTRIES INTEREST CREDIT-680222,704,,,Investment Income,2,202,Investment Income Ledger
31-05-2025,UPI-CROSSWORD BOOKSTORE-GAS CYLINDER PAYMENT,,3171,,Utilities & Bills,7,305,Utilities Expense Ledger
27-03-2026,BANK TRANSFER-HOUSE RENT-258272,,59028,,Rent & Housing,4,302,Rent Expense Ledger
24-06-2025,BANK TRANSFER-HOUSE RENT-602716,,30538,,Rent & Housing,4,302,Rent Expense Ledger
10-03-2026,OLA CABS PAYMENT-110867948,,3834,,Transport & Travel,5,303,Travel Expense Ledger
23-11-2025,NEFT CR-SALARY-TCS,60698,,,Salary Income,1,201,Salary Ledger
08-11-2025,UPI-AK JUICE CENTRE-BROADBAND BILL,,2882,,Utilities & Bills,7,305,Utilities Expense Ledger
04-10-2025,UPI-PVR CINEMAS-CONCERT TICKETS,,4552,,Entertainment,8,306,Entertainment Expense Ledger
23-06-2025,UPI-STARBUCKS-MISC-250259,7738,,,Miscellaneous,12,499,Miscellaneous Ledger
04-06-2025,UPI-IRCTC UTS-ONLINE SHOPPING,,4579,,Shopping & Lifestyle,6,304,Shopping Expense Ledger
20-06-2025,TATA POWER CO LTD INTEREST CREDIT-839945,927,,,Investment Income,2,202,Investment Income Ledger
07-06-2025,UPI-FLIPKART-ONLINE COURSE,,2837,,Education & Books,10,308,Education Expense Ledger
09-01-2026,UPI-ZERODHA BROKING LTD-CLOTHING,,3083,,Shopping & Lifestyle,6,304,Shopping Expense Ledger
06-08-2025,UPI-NATURAL ICE CREAM-ELECTRICITY BILL,,3839,,Utilities & Bills,7,305,Utilities Expense Ledger
22-04-2025,UPI-FLIPKART-GOA TRIP EXPENSES,,9059,,Transport & Travel,5,303,Travel Expense Ledger
19-03-2026,UPI-CROSSWORD BOOKSTORE-PHARMACY,,854,,Health & Medical,9,307,Medical Expense Ledger
16-02-2026,UPI-STARBUCKS-GOA TRIP EXPENSES,,8512,,Transport & Travel,5,303,Travel Expense Ledger
04-03-2026,UPI-AK JUICE CENTRE-COACHING FEES,,5715,,Education & Books,10,308,Education Expense Ledger
29-03-2026,ACH C- TATA POWER CO LTD DIVIDEND-119403,8217,,,Investment Income,2,202,Investment Income Ledger
03-06-2025,ACH C- INFOSYS LIMITED DIVIDEND-739548,9685,,,Investment Income,2,202,Investment Income Ledger
23-08-2025,UPI-BHARGAV SANDEEP DESAI-GOA TRIP EXPENSES,,4853,,Transport & Travel,5,303,Travel Expense Ledger
01-01-2026,UPI-AMAZON INDIA-PHARMACY,,4286,,Health & Medical,9,307,Medical Expense Ledger
10-12-2025,RENT PAYMENT-583761,,56552,,Rent & Housing,4,302,Rent Expense Ledger
27-05-2025,UPI-LENSKART-MISC-635620,10971,,,Miscellaneous,12,499,Miscellaneous Ledger
22-01-2026,ACH C- TATA POWER CO LTD DIVIDEND-823807,2843,,,Investment Income,2,202,Investment Income Ledger
21-06-2025,UPI-OLA CABS-STATIONERY,,8152,,Education & Books,10,308,Education Expense Ledger
21-06-2025,UPI-NETFLIX-DINNER,,1243,,Groceries & Food,3,301,Groceries Expense Ledger
13-10-2025,UPI-NETFLIX-ELECTRONICS,,1373,,Shopping & Lifestyle,6,304,Shopping Expense Ledger
02-11-2025,CC BILL PAYMENT-127543766,,1835,,Credit Card Payment,11,401,Credit Card Payment Ledger
29-10-2025,DIVIDEND CREDIT RELIANCE INDUSTRIES-823503,4617,,,Investment Income,2,202,Investment Income Ledger
04-05-2025,UPI-UBER-DINNER,,1884,,Groceries & Food,3,301,Groceries Expense Ledger
14-02-2026,UPI-RELIANCE DIGITAL-CONCERT TICKETS,,4884,,Entertainment,8,306,Entertainment Expense Ledger
06-07-2025,UPI-CROSSWORD BOOKSTORE-MEDICAL BILL,,3638,,Health & Medical,9,307,Medical Expense Ledger
18-05-2025,NEFT CR-CREDIT CARD BILL PAYMENT-684334315,,41387,,Credit Card Payment,11,401,Credit Card Payment Ledger
18-02-2026,BANK TRANSFER-HOUSE RENT-771088,,8706,,Rent & Housing,4,302,Rent Expense Ledger
14-03-2026,UPI-SPOTIFY-SHOPPING,,5433,,Shopping & Lifestyle,6,304,Shopping Expense Ledger
08-02-2026,UPI-OLA CABS-BROADBAND BILL,,787,,Utilities & Bills,7,305,Utilities Expense Ledger
20-01-2026,RENT PAYMENT-140633,,20126,,Rent & Housing,4,302,Rent Expense Ledger
25-11-2025,UPI-LENSKART-BROADBAND BILL,,3517,,Utilities & Bills,7,305,Utilities Expense Ledger
18-10-2025,UPI-CROSSWORD BOOKSTORE-BROADBAND BILL,,364,,Utilities & Bills,7,305,Utilities Expense Ledger
02-05-2025,APR MAY SALARY,43057,,,Salary Income,1,201,Salary Ledger
27-08-2025,UPI-SPOTIFY-BREAKFAST,,463,,Groceries & Food,3,301,Groceries Expense Ledger
14-08-2025,RENT PAYMENT-919564,,41635,,Rent & Housing,4,302,Rent Expense Ledger
04-07-2025,UPI-AK JUICE CENTRE-MISC-615578,,12074,,Miscellaneous,12,499,Miscellaneous Ledger
20-12-2025,DIVIDEND CREDIT ICICI BANK-905855,6518,,,Investment Income,2,202,Investment Income Ledger
28-09-2025,UPI-FLIPKART-COACHING FEES,,652,,Education & Books,10,308,Education Expense Ledger
30-04-2025,UPI-MYNTRA-ONLINE COURSE,,1581,,Education & Books,10,308,Education Expense Ledger
20-06-2025,UPI-IRCTC UTS-TICKET-236687334,,14827,,Transport & Travel,5,303,Travel Expense Ledger
05-12-2025,OLA CABS PAYMENT-193830920,,13441,,Transport & Travel,5,303,Travel Expense Ledger
28-04-2025,APR 2025 SALARY CREDIT,85124,,,Salary Income,1,201,Salary Ledger
04-02-2026,BANK TRANSFER-HOUSE RENT-222026,,11516,,Rent & Housing,4,302,Rent Expense Ledger
28-09-2025,UPI-BIG BAZAAR-LUNCH,,1919,,Groceries & Food,3,301,Groceries Expense Ledger
22-09-2025,SEP 2025 SALARY CREDIT,76643,,,Salary Income,1,201,Salary Ledger
02-11-2025,UPI-DMART-COACHING FEES,,6438,,Education & Books,10,308,Education Expense Ledger
26-01-2026,JAN 2026 SALARY CREDIT,53382,,,Salary Income,1,201,Salary Ledger
05-08-2025,UPI-LENSKART-MUMBAI TRIP,,8383,,Transport & Travel,5,303,Travel Expense Ledger
03-12-2025,UPI-OLA CABS-CLOTHING,,8547,,Shopping & Lifestyle,6,304,Shopping Expense Ledger
23-10-2025,UPI-IRCTC UTS-TICKET-765585023,,13941,,Transport & Travel,5,303,Travel Expense Ledger
07-07-2025,NEFT CR-SALARY-HDFC BANK,87340,,,Salary Income,1,201,Salary Ledger
14-02-2026,UPI-IRCTC UTS-TICKET-763661890,,7494,,Transport & Travel,5,303,Travel Expense Ledger
16-01-2026,UPI-GOOGLEPAY-MEDICAL BILL,,4934,,Health & Medical,9,307,Medical Expense Ledger
26-11-2025,UPI-CREDCLUB-BROADBAND BILL,,2931,,Utilities & Bills,7,305,Utilities Expense Ledger
04-02-2026,UPI-DOMINOS PIZZA-GOA TRIP EXPENSES,,5403,,Transport & Travel,5,303,Travel Expense Ledger
10-02-2026,APR FEB SALARY,55958,,,Salary Income,1,201,Salary Ledger
14-12-2025,DIVIDEND CREDIT ASIAN PAINTS LTD-403806,6404,,,Investment Income,2,202,Investment Income Ledger
30-01-2026,UPI-AMAZON INDIA-STATIONERY,,514,,Education & Books,10,308,Education Expense Ledger
10-12-2025,NEFT CR-SALARY-HDFC BANK,77146,,,Salary Income,1,201,Salary Ledger
04-12-2025,NEFT-RENT-131556,,54098,,Rent & Housing,4,302,Rent Expense Ledger
12-11-2025,UPI-AIRTEL PAYMENTS BANK-GAS CYLINDER PAYMENT,,957,,Utilities & Bills,7,305,Utilities Expense Ledger
30-12-2025,SALARY CREDIT DEC 2025,45670,,,Salary Income,1,201,Salary Ledger
28-05-2025,NEFT-RENT-296292,,46885,,Rent & Housing,4,302,Rent Expense Ledger
15-02-2026,UPI-AMAZON INDIA-MISC-872291,14581,,,Miscellaneous,12,499,Miscellaneous Ledger
12-02-2026,UPI-SPOTIFY-BREAKFAST,,1737,,Groceries & Food,3,301,Groceries Expense Ledger
11-04-2025,UPI-ZOMATO-ONLINE COURSE,,5376,,Education & Books,10,308,Education Expense Ledger
26-01-2026,RELIANCE INDUSTRIES INTEREST CREDIT-324970,8770,,,Investment Income,2,202,Investment Income Ledger
17-05-2025,UPI-ZERODHA BROKING LTD-LUNCH,,1352,,Groceries & Food,3,301,Groceries Expense Ledger
31-07-2025,UPI-OLA CABS-MISC-744795,11578,,,Miscellaneous,12,499,Miscellaneous Ledger
27-12-2025,UPI-MYNTRA-FOOD,,1799,,Groceries & Food,3,301,Groceries Expense Ledger
29-05-2025,UPI-SWIGGY-MISC-565536,,3442,,Miscellaneous,12,499,Miscellaneous Ledger
23-01-2026,UPI-AIRTEL PAYMENTS BANK-ONLINE COURSE,,1270,,Education & Books,10,308,Education Expense Ledger
28-01-2026,UPI-SPOTIFY-MISC-312986,13507,,,Miscellaneous,12,499,Miscellaneous Ledger
02-10-2025,UPI-ZOMATO-MOBILE BILL,,1188,,Utilities & Bills,7,305,Utilities Expense Ledger
03-04-2025,UPI-CREDCLUB-GAMING,,2969,,Entertainment,8,306,Entertainment Expense Ledger
14-07-2025,ACH C- HDFC BANK DIVIDEND-524429,6704,,,Investment Income,2,202,Investment Income Ledger
11-11-2025,UPI-BHARGAV SANDEEP DESAI-GAMING,,1378,,Entertainment,8,306,Entertainment Expense Ledger
24-03-2026,UPI-AK JUICE CENTRE-MUMBAI TRIP,,5617,,Transport & Travel,5,303,Travel Expense Ledger
16-11-2025,NEFT-RENT-513083,,37631,,Rent & Housing,4,302,Rent Expense Ledger
04-07-2025,UPI-STARBUCKS-MISC-832318,2291,,,Miscellaneous,12,499,Miscellaneous Ledger
17-11-2025,UPI-GOOGLEPAY-BROADBAND BILL,,603,,Utilities & Bills,7,305,Utilities Expense Ledger
14-10-2025,UPI-ZERODHA BROKING LTD-ELECTRICITY BILL,,4363,,Utilities & Bills,7,305,Utilities Expense Ledger
09-01-2026,UPI-GOOGLEPAY-MOBILE BILL,,4473,,Utilities & Bills,7,305,Utilities Expense Ledger
09-05-2025,UPI-CREDCLUB-MISC-669929,5053,,,Miscellaneous,12,499,Miscellaneous Ledger
03-01-2026,UPI-AIRTEL PAYMENTS BANK-MISC-657373,14507,,,Miscellaneous,12,499,Miscellaneous Ledger
15-10-2025,UPI-UBER-DOCTOR CONSULTATION,,1702,,Health & Medical,9,307,Medical Expense Ledger
17-03-2026,UPI-GOOGLEPAY-MOBILE BILL,,318,,Utilities & Bills,7,305,Utilities Expense Ledger
03-08-2025,ACH C- ICICI BANK DIVIDEND-922450,3607,,,Investment Income,2,202,Investment Income Ledger
17-11-2025,DIVIDEND CREDIT ASIAN PAINTS LTD-370001,2653,,,Investment Income,2,202,Investment Income Ledger
06-03-2026,UPI-BHARGAV SANDEEP DESAI-GOA TRIP EXPENSES,,8277,,Transport & Travel,5,303,Travel Expense Ledger
08-05-2025,UPI-ZOMATO-ONLINE SHOPPING,,12026,,Shopping & Lifestyle,6,304,Shopping Expense Ledger
08-03-2026,APR MAR SALARY,86598,,,Salary Income,1,201,Salary Ledger
07-12-2025,NEFT-RENT-727763,,48166,,Rent & Housing,4,302,Rent Expense Ledger
25-04-2025,POS-AMAZON INDIA-MALL PURCHASE,,16908,,Shopping & Lifestyle,6,304,Shopping Expense Ledger
19-07-2025,CC BILL PAYMENT-698372628,,46772,,Credit Card Payment,11,401,Credit Card Payment Ledger
14-12-2025,UPI-OLA CABS-CONCERT TICKETS,,3657,,Entertainment,8,306,Entertainment Expense Ledger
25-04-2025,UPI-DMART-JUICE,,308,,Groceries & Food,3,301,Groceries Expense Ledger
29-10-2025,UPI-OLA CABS-GOA TRIP EXPENSES,,9483,,Transport & Travel,5,303,Travel Expense Ledger
04-08-2025,UPI-AK JUICE CENTRE-MEDICAL BILL,,3567,,Health & Medical,9,307,Medical Expense Ledger
13-11-2025,UPI-CREDCLUB-CRED PAYMENT-885397155,,64749,,Credit Card Payment,11,401,Credit Card Payment Ledger
17-04-2025,UPI-AMAZON INDIA-MOVIE TICKETS,,454,,Entertainment,8,306,Entertainment Expense Ledger
12-02-2026,UPI-CREDCLUB-LAB TESTS,,7956,,Health & Medical,9,307,Medical Expense Ledger
21-03-2026,RENT PAYMENT-667769,,20458,,Rent & Housing,4,302,Rent Expense Ledger
19-03-2026,UPI-UBER-ONLINE SHOPPING,,9782,,Shopping & Lifestyle,6,304,Shopping Expense Ledger
29-12-2025,UPI-RELIANCE DIGITAL-JUICE,,276,,Groceries & Food,3,301,Groceries Expense Ledger
18-05-2025,UPI-AIRTEL PAYMENTS BANK-MISC-373958,8969,,,Miscellaneous,12,499,Miscellaneous Ledger
02-01-2026,UPI-SWIGGY-MEDICAL BILL,,6144,,Health & Medical,9,307,Medical Expense Ledger
09-04-2025,UPI-ZERODHA BROKING LTD-MISC-361176,1598,,,Miscellaneous,12,499,Miscellaneous Ledger
09-04-2025,UPI-SWIGGY-CONCERT TICKETS,,4057,,Entertainment,8,306,Entertainment Expense Ledger
27-07-2025,UPI-BIG BAZAAR-DINNER,,566,,Groceries & Food,3,301,Groceries Expense Ledger
25-09-2025,UPI-FLIPKART-MOBILE BILL,,2364,,Utilities & Bills,7,305,Utilities Expense Ledger
06-01-2026,RENT PAYMENT-701799,,51169,,Rent & Housing,4,302,Rent Expense Ledger
05-12-2025,CC BILL PAYMENT-117750431,,4880,,Credit Card Payment,11,401,Credit Card Payment Ledger
10-09-2025,BANK TRANSFER-HOUSE RENT-319057,,51448,,Rent & Housing,4,302,Rent Expense Ledger
09-07-2025,UPI-AIRTEL PAYMENTS BANK-DOCTOR CONSULTATION,,6739,,Health & Medical,9,307,Medical Expense Ledger
29-03-2026,MAR 2026 SALARY CREDIT,87498,,,Salary Income,1,201,Salary Ledger
03-09-2025,UPI-STARBUCKS-MOBILE BILL,,1293,,Utilities & Bills,7,305,Utilities Expense Ledger
12-09-2025,NEFT-RENT-513532,,27790,,Rent & Housing,4,302,Rent Expense Ledger
30-05-2025,UPI-LENSKART-MOVIE TICKETS,,3848,,Entertainment,8,306,Entertainment Expense Ledger
15-01-2026,UPI-AIRTEL PAYMENTS BANK-CLOTHING,,14137,,Shopping & Lifestyle,6,304,Shopping Expense Ledger
09-12-2025,HINDUSTAN UNILEVER LTD INTEREST CREDIT-959613,5335,,,Investment Income,2,202,Investment Income Ledger
20-06-2025,UPI-CROSSWORD BOOKSTORE-DINNER,,528,,Groceries & Food,3,301,Groceries Expense Ledger
30-04-2025,UPI-SPOTIFY-STATIONERY,,2935,,Education & Books,10,308,Education Expense Ledger
04-12-2025,UPI-CREDCLUB-GAS CYLINDER PAYMENT,,2263,,Utilities & Bills,7,305,Utilities Expense Ledger
25-11-2025,UPI-AMAZON INDIA-MISC-332911,14899,,,Miscellaneous,12,499,Miscellaneous Ledger
09-07-2025,UPI-CREDCLUB-CRED PAYMENT-654420966,,14403,,Credit Card Payment,11,401,Credit Card Payment Ledger
13-03-2026,NEFT-RENT-458234,,15959,,Rent & Housing,4,302,Rent Expense Ledger
25-05-2025,UPI-RELIANCE DIGITAL-ONLINE COURSE,,6836,,Education & Books,10,308,Education Expense Ledger
05-09-2025,UPI-GOOGLEPAY-BROADBAND BILL,,1782,,Utilities & Bills,7,305,Utilities Expense Ledger
10-03-2026,UPI-CREDCLUB-MUMBAI TRIP,,4666,,Transport & Travel,5,303,Travel Expense Ledger
31-08-2025,UPI-AMAZON INDIA-ONLINE COURSE,,550,,Education & Books,10,308,Education Expense Ledger
19-11-2025,POS-MYNTRA-MALL PURCHASE,,4932,,Shopping & Lifestyle,6,304,Shopping Expense Ledger
23-08-2025,UPI-BIG BAZAAR-WATER BILL,,4324,,Utilities & Bills,7,305,Utilities Expense Ledger
09-07-2025,JUL 2025 SALARY CREDIT,41893,,,Salary Income,1,201,Salary Ledger
25-03-2026,UPI-CREDCLUB-CRED PAYMENT-778157862,,77768,,Credit Card Payment,11,401,Credit Card Payment Ledger
27-08-2025,POS-AK JUICE CENTRE-MALL PURCHASE,,3317,,Shopping & Lifestyle,6,304,Shopping Expense Ledger
20-02-2026,NEFT CR-CREDIT CARD BILL PAYMENT-655444346,,63574,,Credit Card Payment,11,401,Credit Card Payment Ledger
23-06-2025,NEFT CR-SALARY-INFOSYS LIMITED,65022,,,Salary Income,1,201,Salary Ledger
17-06-2025,UPI-GOOGLEPAY-MISC-757346,2994,,,Miscellaneous,12,499,Miscellaneous Ledger
12-04-2025,UPI-FLIPKART-JUICE,,259,,Groceries & Food,3,301,Groceries Expense Ledger
24-11-2025,UPI-CREDCLUB-CAB RIDE,,2924,,Transport & Travel,5,303,Travel Expense Ledger
13-08-2025,UPI-AK JUICE CENTRE-STATIONERY,,3385,,Education & Books,10,308,Education Expense Ledger
09-02-2026,UPI-BHARGAV SANDEEP DESAI-SHOPPING,,248,,Shopping & Lifestyle,6,304,Shopping Expense Ledger
20-09-2025,UPI-DOMINOS PIZZA-COACHING FEES,,9397,,Education & Books,10,308,Education Expense Ledger
19-03-2026,UPI-ZOMATO-ONLINE COURSE,,7597,,Education & Books,10,308,Education Expense Ledger
07-06-2025,UPI-CROSSWORD BOOKSTORE-BOOKS,,9999,,Education & Books,10,308,Education Expense Ledger
11-02-2026,UPI-CREDCLUB-CRED PAYMENT-699974146,,10472,,Credit Card Payment,11,401,Credit Card Payment Ledger
08-01-2026,RENT PAYMENT-690348,,38766,,Rent & Housing,4,302,Rent Expense Ledger
06-01-2026,UPI-BIG BAZAAR-GAMING,,307,,Entertainment,8,306,Entertainment Expense Ledger
02-02-2026,DIVIDEND CREDIT ASIAN PAINTS LTD-373497,487,,,Investment Income,2,202,Investment Income Ledger
03-01-2026,UPI-APOLLO PHARMACY-COACHING FEES,,8386,,Education & Books,10,308,Education Expense Ledger
14-11-2025,UPI-NATURAL ICE CREAM-LAB TESTS,,6226,,Health & Medical,9,307,Medical Expense Ledger
18-05-2025,NEFT CR-SALARY-WIPRO,52916,,,Salary Income,1,201,Salary Ledger
12-04-2025,UPI-STARBUCKS-GOA TRIP EXPENSES,,8491,,Transport & Travel,5,303,Travel Expense Ledger
02-03-2026,UPI-NATURAL ICE CREAM-MUMBAI TRIP,,9763,,Transport & Travel,5,303,Travel Expense Ledger
11-11-2025,ACH C- ICICI BANK DIVIDEND-912425,654,,,Investment Income,2,202,Investment Income Ledger
15-01-2026,UPI-SWIGGY-ELECTRONICS,,12267,,Shopping & Lifestyle,6,304,Shopping Expense Ledger
23-09-2025,UPI-NATURAL ICE CREAM-SHOPPING,,8940,,Shopping & Lifestyle,6,304,Shopping Expense Ledger
13-05-2025,UPI-ZERODHA BROKING LTD-CLOTHING,,4707,,Shopping & Lifestyle,6,304,Shopping Expense Ledger
16-05-2025,UPI-OLA CABS-MEDICAL BILL,,5392,,Health & Medical,9,307,Medical Expense Ledger
06-12-2025,UPI-NETFLIX-ONLINE COURSE,,1764,,Education & Books,10,308,Education Expense Ledger
04-09-2025,CC BILL PAYMENT-902907356,,28867,,Credit Card Payment,11,401,Credit Card Payment Ledger
12-06-2025,UPI-AK JUICE CENTRE-CAB RIDE,,6797,,Transport & Travel,5,303,Travel Expense Ledger
26-09-2025,NEFT CR-CREDIT CARD BILL PAYMENT-339717185,,67617,,Credit Card Payment,11,401,Credit Card Payment Ledger
24-04-2025,UPI-ZERODHA BROKING LTD-MEDICAL BILL,,7440,,Health & Medical,9,307,Medical Expense Ledger
29-10-2025,UPI-DMART-WATER BILL,,3697,,Utilities & Bills,7,305,Utilities Expense Ledger
07-07-2025,UPI-GOOGLEPAY-ONLINE SHOPPING,,13636,,Shopping & Lifestyle,6,304,Shopping Expense Ledger
16-01-2026,UPI-RELIANCE DIGITAL-COACHING FEES,,764,,Education & Books,10,308,Education Expense Ledger
22-07-2025,UPI-ZOMATO-COACHING FEES,,3870,,Education & Books,10,308,Education Expense Ledger
13-09-2025,UPI-AIRTEL PAYMENTS BANK-ELECTRONICS,,1004,,Shopping & Lifestyle,6,304,Shopping Expense Ledger
05-04-2025,UPI-ZERODHA BROKING LTD-CONCERT TICKETS,,1491,,Entertainment,8,306,Entertainment Expense Ledger
27-04-2025,APR APR SALARY,78784,,,Salary Income,1,201,Salary Ledger
21-08-2025,UPI-APOLLO PHARMACY-DOCTOR CONSULTATION,,6838,,Health & Medical,9,307,Medical Expense Ledger
22-09-2025,UPI-SWIGGY-WATER BILL,,1554,,Utilities & Bills,7,305,Utilities Expense Ledger
05-11-2025,UPI-OLA CABS-BOOKS,,3092,,Education & Books,10,308,Education Expense Ledger
16-07-2025,UPI-AK JUICE CENTRE-STATIONERY,,3818,,Education & Books,10,308,Education Expense Ledger
09-12-2025,UPI-NETFLIX-GAMING,,2163,,Entertainment,8,306,Entertainment Expense Ledger
08-02-2026,UPI-CREDCLUB-SHOPPING,,15766,,Shopping & Lifestyle,6,304,Shopping Expense Ledger
09-01-2026,NEFT CR-CREDIT CARD BILL PAYMENT-355389810,,25398,,Credit Card Payment,11,401,Credit Card Payment Ledger
15-04-2025,NEFT-RENT-951426,,25706,,Rent & Housing,4,302,Rent Expense Ledger
22-09-2025,UPI-CREDCLUB-COACHING FEES,,1298,,Education & Books,10,308,Education Expense Ledger
09-05-2025,UPI-SPOTIFY-MOBILE BILL,,496,,Utilities & Bills,7,305,Utilities Expense Ledger
28-06-2025,UPI-AIRTEL PAYMENTS BANK-WATER BILL,,4554,,Utilities & Bills,7,305,Utilities Expense Ledger
26-03-2026,APR MAR SALARY,51801,,,Salary Income,1,201,Salary Ledger
22-05-2025,DIVIDEND CREDIT TCS LIMITED-161715,6064,,,Investment Income,2,202,Investment Income Ledger
29-09-2025,ACH C- VEDANTA LIMITED DIVIDEND-381787,8917,,,Investment Income,2,202,Investment Income Ledger
12-11-2025,UPI-STARBUCKS-CONCERT TICKETS,,646,,Entertainment,8,306,Entertainment Expense Ledger
12-12-2025,UPI-MYNTRA-MOBILE BILL,,1952,,Utilities & Bills,7,305,Utilities Expense Ledger
21-10-2025,NEFT CR-SALARY-WIPRO,86719,,,Salary Income,1,201,Salary Ledger
04-04-2025,UPI-LENSKART-MOVIE TICKETS,,718,,Entertainment,8,306,Entertainment Expense Ledger
28-07-2025,UPI-AK JUICE CENTRE-MUMBAI TRIP,,13767,,Transport & Travel,5,303,Travel Expense Ledger
06-10-2025,BANK TRANSFER-HOUSE RENT-543855,,15633,,Rent & Housing,4,302,Rent Expense Ledger
02-05-2025,UPI-CREDCLUB-PHARMACY,,5209,,Health & Medical,9,307,Medical Expense Ledger
06-08-2025,UPI-AIRTEL PAYMENTS BANK-MUMBAI TRIP,,14023,,Transport & Travel,5,303,Travel Expense Ledger
13-04-2025,UPI-DOMINOS PIZZA-MOBILE BILL,,1508,,Utilities & Bills,7,305,Utilities Expense Ledger
29-04-2025,NEFT CR-SALARY-INFOSYS LIMITED,69883,,,Salary Income,1,201,Salary Ledger
23-08-2025,UPI-NETFLIX-PHARMACY,,6822,,Health & Medical,9,307,Medical Expense Ledger
19-05-2025,UPI-PVR CINEMAS-MUMBAI TRIP,,6757,,Transport & Travel,5,303,Travel Expense Ledger
24-10-2025,CC BILL PAYMENT-901778534,,58184,,Credit Card Payment,11,401,Credit Card Payment Ledger
07-12-2025,UPI-LENSKART-ONLINE COURSE,,2742,,Education & Books,10,308,Education Expense Ledger
17-01-2026,ACH C- INFOSYS LIMITED DIVIDEND-801562,804,,,Investment Income,2,202,Investment Income Ledger
12-06-2025,UPI-ZOMATO-MUMBAI TRIP,,11957,,Transport & Travel,5,303,Travel Expense Ledger
31-05-2025,UPI-RELIANCE DIGITAL-ELECTRICITY BILL,,3660,,Utilities & Bills,7,305,Utilities Expense Ledger
09-05-2025,UPI-NETFLIX-ONLINE COURSE,,3345,,Education & Books,10,308,Education Expense Ledger
18-11-2025,UPI-AMAZON INDIA-CAB RIDE,,13200,,Transport & Travel,5,303,Travel Expense Ledger
14-12-2025,SALARY CREDIT DEC 2025,44067,,,Salary Income,1,201,Salary Ledger
12-04-2025,UPI-SPOTIFY-MEDICAL BILL,,7941,,Health & Medical,9,307,Medical Expense Ledger
07-03-2026,UPI-OLA CABS-PHARMACY,,7510,,Health & Medical,9,307,Medical Expense Ledger
19-04-2025,UPI-SPOTIFY-STATIONERY,,4132,,Education & Books,10,308,Education Expense Ledger
15-10-2025,ACH C- TATA POWER CO LTD DIVIDEND-821615,5610,,,Investment Income,2,202,Investment Income Ledger
15-12-2025,CC BILL PAYMENT-609180529,,27498,,Credit Card Payment,11,401,Credit Card Payment Ledger
12-02-2026,UPI-SWIGGY-COACHING FEES,,8711,,Education & Books,10,308,Education Expense Ledger
16-12-2025,UPI-PVR CINEMAS-COACHING FEES,,9947,,Education & Books,10,308,Education Expense Ledger
17-01-2026,UPI-SWIGGY-PHARMACY,,7680,,Health & Medical,9,307,Medical Expense Ledger
02-08-2025,BANK TRANSFER-HOUSE RENT-857600,,49846,,Rent & Housing,4,302,Rent Expense Ledger
22-01-2026,UPI-ZOMATO-MISC-107265,1125,,,Miscellaneous,12,499,Miscellaneous Ledger
30-04-2025,UPI-SWIGGY-MISC-764607,,10166,,Miscellaneous,12,499,Miscellaneous Ledger
20-02-2026,FEB 2026 SALARY CREDIT,61058,,,Salary Income,1,201,Salary Ledger
17-10-2025,UPI-DMART-MISC-802716,9294,,,Miscellaneous,12,499,Miscellaneous Ledger
23-01-2026,UPI-BHARGAV SANDEEP DESAI-PHARMACY,,6241,,Health & Medical,9,307,Medical Expense Ledger
12-09-2025,RENT PAYMENT-248620,,42328,,Rent & Housing,4,302,Rent Expense Ledger
21-11-2025,UPI-CREDCLUB-ELECTRICITY BILL,,2922,,Utilities & Bills,7,305,Utilities Expense Ledger
09-10-2025,UPI-ZOMATO-ELECTRONICS,,1008,,Shopping & Lifestyle,6,304,Shopping Expense Ledger
23-12-2025,ACH C- HINDUSTAN UNILEVER LTD DIVIDEND-468697,5123,,,Investment Income,2,202,Investment Income Ledger
30-04-2025,UPI-OLA CABS-STATIONERY,,1553,,Education & Books,10,308,Education Expense Ledger
22-04-2025,NEFT CR-CREDIT CARD BILL PAYMENT-689708260,,43968,,Credit Card Payment,11,401,Credit Card Payment Ledger
29-06-2025,UPI-SWIGGY-GAS CYLINDER PAYMENT,,1990,,Utilities & Bills,7,305,Utilities Expense Ledger
29-05-2025,UPI-OLA CABS-LUNCH,,2123,,Groceries & Food,3,301,Groceries Expense Ledger
12-02-2026,UPI-RELIANCE DIGITAL-GOA TRIP EXPENSES,,5417,,Transport & Travel,5,303,Travel Expense Ledger
19-06-2025,UPI-CREDCLUB-STATIONERY,,2232,,Education & Books,10,308,Education Expense Ledger
22-03-2026,NEFT CR-CREDIT CARD BILL PAYMENT-818904281,,60238,,Credit Card Payment,11,401,Credit Card Payment Ledger
01-08-2025,ASIAN PAINTS LTD INTEREST CREDIT-292180,8838,,,Investment Income,2,202,Investment Income Ledger
06-06-2025,NEFT CR-CREDIT CARD BILL PAYMENT-509158122,,3013,,Credit Card Payment,11,401,Credit Card Payment Ledger
13-01-2026,UPI-DMART-MISC-528910,8783,,,Miscellaneous,12,499,Miscellaneous Ledger
26-11-2025,UPI-NATURAL ICE CREAM-LAB TESTS,,7482,,Health & Medical,9,307,Medical Expense Ledger
29-09-2025,UPI-BIG BAZAAR-MEDICAL BILL,,1498,,Health & Medical,9,307,Medical Expense Ledger
20-10-2025,UPI-NATURAL ICE CREAM-GAMING,,2358,,Entertainment,8,306,Entertainment Expense Ledger
18-12-2025,UPI-MYNTRA-COACHING FEES,,6370,,Education & Books,10,308,Education Expense Ledger
23-06-2025,ACH C- TATA POWER CO LTD DIVIDEND-451931,6875,,,Investment Income,2,202,Investment Income Ledger
29-03-2026,UPI-ZERODHA BROKING LTD-DOCTOR CONSULTATION,,4524,,Health & Medical,9,307,Medical Expense Ledger
21-03-2026,UPI-ZOMATO-MOBILE BILL,,3918,,Utilities & Bills,7,305,Utilities Expense Ledger
23-11-2025,UPI-DOMINOS PIZZA-CONCERT TICKETS,,2253,,Entertainment,8,306,Entertainment Expense Ledger
12-06-2025,APR JUN SALARY,78169,,,Salary Income,1,201,Salary Ledger
04-12-2025,UPI-ZERODHA BROKING LTD-MISC-560522,10962,,,Miscellaneous,12,499,Miscellaneous Ledger
27-04-2025,TATA POWER CO LTD INTEREST CREDIT-381504,9039,,,Investment Income,2,202,Investment Income Ledger
12-04-2025,UPI-CREDCLUB-COACHING FEES,,952,,Education & Books,10,308,Education Expense Ledger
03-07-2025,JUL 2025 SALARY CREDIT,46789,,,Salary Income,1,201,Salary Ledger
16-09-2025,POS-AMAZON INDIA-MALL PURCHASE,,305,,Shopping & Lifestyle,6,304,Shopping Expense Ledger
11-02-2026,RELIANCE DIGITAL SUBSCRIPTION-302821,,1882,,Entertainment,8,306,Entertainment Expense Ledger
21-12-2025,POS-AIRTEL PAYMENTS BANK-MALL PURCHASE,,15805,,Shopping & Lifestyle,6,304,Shopping Expense Ledger
27-12-2025,UPI-MYNTRA-MISC-481382,9364,,,Miscellaneous,12,499,Miscellaneous Ledger
02-09-2025,UPI-SWIGGY-MOVIE TICKETS,,1045,,Entertainment,8,306,Entertainment Expense Ledger
04-08-2025,UPI-UBER-MEDICAL BILL,,1617,,Health & Medical,9,307,Medical Expense Ledger
14-08-2025,NEFT CR-CREDIT CARD BILL PAYMENT-542932120,,66614,,Credit Card Payment,11,401,Credit Card Payment Ledger
26-03-2026,INFOSYS LIMITED INTEREST CREDIT-883077,1259,,,Investment Income,2,202,Investment Income Ledger
15-04-2025,UPI-MYNTRA-LUNCH,,753,,Groceries & Food,3,301,Groceries Expense Ledger
10-02-2026,UPI-LENSKART-LUNCH,,664,,Groceries & Food,3,301,Groceries Expense Ledger
28-10-2025,UPI-DMART-MISC-237821,4278,,,Miscellaneous,12,499,Miscellaneous Ledger
07-09-2025,NEFT-RENT-443130,,58116,,Rent & Housing,4,302,Rent Expense Ledger
20-12-2025,UPI-ZOMATO-MISC-157676,,5744,,Miscellaneous,12,499,Miscellaneous Ledger
25-09-2025,UPI-SWIGGY-MEDICAL BILL,,5449,,Health & Medical,9,307,Medical Expense Ledger
12-02-2026,AK JUICE CENTRE SUBSCRIPTION-718634,,3270,,Entertainment,8,306,Entertainment Expense Ledger
22-02-2026,UPI-BHARGAV SANDEEP DESAI-BROADBAND BILL,,4097,,Utilities & Bills,7,305,Utilities Expense Ledger
01-09-2025,UPI-FLIPKART-ELECTRONICS,,11094,,Shopping & Lifestyle,6,304,Shopping Expense Ledger
10-07-2025,UPI-FLIPKART-LAB TESTS,,498,,Health & Medical,9,307,Medical Expense Ledger
02-11-2025,SALARY CREDIT NOV 2025,53503,,,Salary Income,1,201,Salary Ledger
27-02-2026,DIVIDEND CREDIT CRISIL LIMITED-421701,3785,,,Investment Income,2,202,Investment Income Ledger
16-06-2025,UPI-RELIANCE DIGITAL-FOOD,,1614,,Groceries & Food,3,301,Groceries Expense Ledger
13-11-2025,UPI-DOMINOS PIZZA-MEDICAL BILL,,7671,,Health & Medical,9,307,Medical Expense Ledger
16-11-2025,UPI-DMART-BREAKFAST,,1466,,Groceries & Food,3,301,Groceries Expense Ledger
23-12-2025,DEC 2025 SALARY CREDIT,77146,,,Salary Income,1,201,Salary Ledger
18-05-2025,UPI-AK JUICE CENTRE-ELECTRONICS,,3271,,Shopping & Lifestyle,6,304,Shopping Expense Ledger
17-12-2025,UPI-NATURAL ICE CREAM-MISC-790681,11742,,,Miscellaneous,12,499,Miscellaneous Ledger
25-02-2026,RENT PAYMENT-318827,,21186,,Rent & Housing,4,302,Rent Expense Ledger
05-06-2025,TATA POWER CO LTD INTEREST CREDIT-250685,2399,,,Investment Income,2,202,Investment Income Ledger
26-06-2025,OLA CABS PAYMENT-885519684,,492,,Transport & Travel,5,303,Travel Expense Ledger
20-03-2026,UPI-CREDCLUB-LUNCH,,1420,,Groceries & Food,3,301,Groceries Expense Ledger
05-06-2025,UPI-AIRTEL PAYMENTS BANK-MOVIE TICKETS,,4098,,Entertainment,8,306,Entertainment Expense Ledger
05-02-2026,UPI-BIG BAZAAR-MUMBAI TRIP,,14550,,Transport & Travel,5,303,Travel Expense Ledger
27-09-2025,UPI-AMAZON INDIA-LAB TESTS,,5449,,Health & Medical,9,307,Medical Expense Ledger
29-06-2025,NEFT CR-CREDIT CARD BILL PAYMENT-812737638,,69322,,Credit Card Payment,11,401,Credit Card Payment Ledger
11-02-2026,UPI-IRCTC UTS-CAB RIDE,,11896,,Transport & Travel,5,303,Travel Expense Ledger
10-09-2025,UPI-GOOGLEPAY-MUMBAI TRIP,,11200,,Transport & Travel,5,303,Travel Expense Ledger
05-10-2025,HDFC BANK INTEREST CREDIT-152127,9802,,,Investment Income,2,202,Investment Income Ledger
09-08-2025,UPI-DMART-BOOKS,,653,,Education & Books,10,308,Education Expense Ledger
02-11-2025,UPI-SWIGGY-BREAKFAST,,868,,Groceries & Food,3,301,Groceries Expense Ledger
30-05-2025,UPI-MYNTRA-LUNCH,,970,,Groceries & Food,3,301,Groceries Expense Ledger
21-08-2025,UPI-CREDCLUB-BREAKFAST,,2429,,Groceries & Food,3,301,Groceries Expense Ledger
19-03-2026,UPI-DMART-CLOTHING,,16430,,Shopping & Lifestyle,6,304,Shopping Expense Ledger
03-07-2025,UPI-DOMINOS PIZZA-ELECTRONICS,,19018,,Shopping & Lifestyle,6,304,Shopping Expense Ledger
26-11-2025,NEFT-RENT-627831,,42206,,Rent & Housing,4,302,Rent Expense Ledger
28-07-2025,UPI-NATURAL ICE CREAM-MOVIE TICKETS,,1881,,Entertainment,8,306,Entertainment Expense Ledger
07-01-2026,TCS LIMITED INTEREST CREDIT-165867,261,,,Investment Income,2,202,Investment Income Ledger
18-05-2025,UPI-APOLLO PHARMACY-BOOKS,,8942,,Education & Books,10,308,Education Expense Ledger
20-03-2026,UPI-AMAZON INDIA-CONCERT TICKETS,,2962,,Entertainment,8,306,Entertainment Expense Ledger
13-09-2025,CRISIL LIMITED INTEREST CREDIT-305603,6664,,,Investment Income,2,202,Investment Income Ledger
25-06-2025,APR JUN SALARY,87934,,,Salary Income,1,201,Salary Ledger
27-04-2025,UPI-SPOTIFY-LAB TESTS,,3601,,Health & Medical,9,307,Medical Expense Ledger
01-06-2025,NEFT CR-SALARY-FREELANCE CLIENT,60625,,,Salary Income,1,201,Salary Ledger
07-10-2025,UPI-PVR CINEMAS-ONLINE COURSE,,4355,,Education & Books,10,308,Education Expense Ledger
01-08-2025,UPI-SPOTIFY-DINNER,,1073,,Groceries & Food,3,301,Groceries Expense Ledger
27-01-2026,UPI-DMART-ELECTRICITY BILL,,632,,Utilities & Bills,7,305,Utilities Expense Ledger
04-09-2025,UPI-IRCTC UTS-TICKET-960192720,,8692,,Transport & Travel,5,303,Travel Expense Ledger
30-06-2025,UPI-MYNTRA-STATIONERY,,4900,,Education & Books,10,308,Education Expense Ledger
11-11-2025,OLA CABS PAYMENT-480582333,,7626,,Transport & Travel,5,303,Travel Expense Ledger
14-12-2025,SALARY CREDIT DEC 2025,47910,,,Salary Income,1,201,Salary Ledger
31-05-2025,UPI-STARBUCKS-LAB TESTS,,1128,,Health & Medical,9,307,Medical Expense Ledger
01-06-2025,NEFT CR-SALARY-WIPRO,49746,,,Salary Income,1,201,Salary Ledger
14-04-2025,UPI-LENSKART-DINNER,,662,,Groceries & Food,3,301,Groceries Expense Ledger
25-12-2025,UPI-OLA CABS-PHARMACY,,1041,,Health & Medical,9,307,Medical Expense Ledger
28-11-2025,UPI-NETFLIX-CAB RIDE,,958,,Transport & Travel,5,303,Travel Expense Ledger
20-09-2025,UPI-RELIANCE DIGITAL-GAS CYLINDER PAYMENT,,1495,,Utilities & Bills,7,305,Utilities Expense Ledger
02-02-2026,UPI-BHARGAV SANDEEP DESAI-CONCERT TICKETS,,2145,,Entertainment,8,306,Entertainment Expense Ledger
19-01-2026,UPI-AK JUICE CENTRE-GOA TRIP EXPENSES,,12053,,Transport & Travel,5,303,Travel Expense Ledger
31-10-2025,APR OCT SALARY,49503,,,Salary Income,1,201,Salary Ledger
11-02-2026,UPI-CREDCLUB-MOVIE TICKETS,,2551,,Entertainment,8,306,Entertainment Expense Ledger
14-06-2025,UPI-BHARGAV SANDEEP DESAI-MISC-192115,,4582,,Miscellaneous,12,499,Miscellaneous Ledger
11-05-2025,UPI-UBER-SHOPPING,,12590,,Shopping & Lifestyle,6,304,Shopping Expense Ledger
08-07-2025,JUL 2025 SALARY CREDIT,82084,,,Salary Income,1,201,Salary Ledger
21-04-2025,HDFC BANK INTEREST CREDIT-951853,8478,,,Investment Income,2,202,Investment Income Ledger
11-10-2025,UPI-APOLLO PHARMACY-ONLINE COURSE,,3453,,Education & Books,10,308,Education Expense Ledger
07-03-2026,UPI-FLIPKART-STATIONERY,,7910,,Education & Books,10,308,Education Expense Ledger
15-04-2025,SALARY CREDIT APR 2025,89037,,,Salary Income,1,201,Salary Ledger
15-05-2025,UPI-SWIGGY-STATIONERY,,695,,Education & Books,10,308,Education Expense Ledger
12-09-2025,UPI-LENSKART-SHOPPING,,12322,,Shopping & Lifestyle,6,304,Shopping Expense Ledger
06-03-2026,HINDUSTAN UNILEVER LTD INTEREST CREDIT-126393,3999,,,Investment Income,2,202,Investment Income Ledger
25-07-2025,UPI-NATURAL ICE CREAM-DOCTOR CONSULTATION,,2755,,Health & Medical,9,307,Medical Expense Ledger
02-10-2025,BANK TRANSFER-HOUSE RENT-193650,,13993,,Rent & Housing,4,302,Rent Expense Ledger
16-04-2025,UPI-BIG BAZAAR-GOA TRIP EXPENSES,,3007,,Transport & Travel,5,303,Travel Expense Ledger
24-05-2025,NEFT CR-SALARY-FREELANCE CLIENT,84527,,,Salary Income,1,201,Salary Ledger
26-03-2026,UPI-IRCTC UTS-GAS CYLINDER PAYMENT,,595,,Utilities & Bills,7,305,Utilities Expense Ledger
18-03-2026,OLA CABS PAYMENT-937504618,,2610,,Transport & Travel,5,303,Travel Expense Ledger
02-04-2025,UPI-LENSKART-COACHING FEES,,3635,,Education & Books,10,308,Education Expense Ledger
13-03-2026,BANK TRANSFER-HOUSE RENT-475601,,37059,,Rent & Housing,4,302,Rent Expense Ledger
19-11-2025,POS-MYNTRA-MALL PURCHASE,,258,,Shopping & Lifestyle,6,304,Shopping Expense Ledger
10-02-2026,NEFT CR-CREDIT CARD BILL PAYMENT-565576058,,36739,,Credit Card Payment,11,401,Credit Card Payment Ledger
13-09-2025,UPI-IRCTC UTS-GAMING,,1536,,Entertainment,8,306,Entertainment Expense Ledger
05-10-2025,UPI-BHARGAV SANDEEP DESAI-MOBILE BILL,,761,,Utilities & Bills,7,305,Utilities Expense Ledger
25-09-2025,UPI-ZOMATO-DOCTOR CONSULTATION,,3754,,Health & Medical,9,307,Medical Expense Ledger
29-11-2025,UPI-APOLLO PHARMACY-MISC-490555,,12148,,Miscellaneous,12,499,Miscellaneous Ledger
21-05-2025,UPI-CREDCLUB-CRED PAYMENT-684357074,,1294,,Credit Card Payment,11,401,Credit Card Payment Ledger
11-04-2025,UPI-LENSKART-ELECTRONICS,,13660,,Shopping & Lifestyle,6,304,Shopping Expense Ledger
22-07-2025,UPI-SWIGGY-MISC-420580,,7697,,Miscellaneous,12,499,Miscellaneous Ledger
13-12-2025,NEFT-RENT-656664,,34567,,Rent & Housing,4,302,Rent Expense Ledger
13-06-2025,UPI-DOMINOS PIZZA-BREAKFAST,,1492,,Groceries & Food,3,301,Groceries Expense Ledger
02-12-2025,UPI-NETFLIX-ONLINE COURSE,,7311,,Education & Books,10,308,Education Expense Ledger
20-03-2026,MAR 2026 SALARY CREDIT,80030,,,Salary Income,1,201,Salary Ledger
05-05-2025,UPI-ZOMATO-ONLINE SHOPPING,,2965,,Shopping & Lifestyle,6,304,Shopping Expense Ledger
01-12-2025,NEFT-RENT-593377,,43851,,Rent & Housing,4,302,Rent Expense Ledger
09-09-2025,DIVIDEND CREDIT VEDANTA LIMITED-466047,1472,,,Investment Income,2,202,Investment Income Ledger
11-02-2026,UPI-APOLLO PHARMACY-WATER BILL,,2469,,Utilities & Bills,7,305,Utilities Expense Ledger
04-06-2025,UPI-APOLLO PHARMACY-MISC-507922,9423,,,Miscellaneous,12,499,Miscellaneous Ledger
09-12-2025,UPI-SPOTIFY-GAMING,,3433,,Entertainment,8,306,Entertainment Expense Ledger
31-01-2026,NATURAL ICE CREAM SUBSCRIPTION-241002,,1993,,Entertainment,8,306,Entertainment Expense Ledger
10-03-2026,UPI-SPOTIFY-SHOPPING,,3295,,Shopping & Lifestyle,6,304,Shopping Expense Ledger
05-12-2025,UPI-NATURAL ICE CREAM-MISC-765979,,4989,,Miscellaneous,12,499,Miscellaneous Ledger
28-09-2025,UPI-BIG BAZAAR-MOBILE BILL,,2204,,Utilities & Bills,7,305,Utilities Expense Ledger
11-11-2025,UPI-FLIPKART-ELECTRONICS,,13162,,Shopping & Lifestyle,6,304,Shopping Expense Ledger
11-02-2026,UPI-SPOTIFY-MISC-644475,,10668,,Miscellaneous,12,499,Miscellaneous Ledger
25-10-2025,SWIGGY SUBSCRIPTION-663508,,717,,Entertainment,8,306,Entertainment Expense Ledger
12-04-2025,UPI-CREDCLUB-MOVIE TICKETS,,1092,,Entertainment,8,306,Entertainment Expense Ledger
05-03-2026,UPI-CROSSWORD BOOKSTORE-GAMING,,3274,,Entertainment,8,306,Entertainment Expense Ledger
07-12-2025,UPI-AIRTEL PAYMENTS BANK-PHARMACY,,7660,,Health & Medical,9,307,Medical Expense Ledger
03-12-2025,UPI-APOLLO PHARMACY-GAMING,,2623,,Entertainment,8,306,Entertainment Expense Ledger
18-06-2025,CRISIL LIMITED INTEREST CREDIT-936971,4631,,,Investment Income,2,202,Investment Income Ledger
26-11-2025,UPI-IRCTC UTS-PHARMACY,,1230,,Health & Medical,9,307,Medical Expense Ledger
22-08-2025,UPI-RELIANCE DIGITAL-DINNER,,925,,Groceries & Food,3,301,Groceries Expense Ledger
24-11-2025,RENT PAYMENT-305671,,50578,,Rent & Housing,4,302,Rent Expense Ledger
09-05-2025,UPI-AIRTEL PAYMENTS BANK-BREAKFAST,,968,,Groceries & Food,3,301,Groceries Expense Ledger
26-11-2025,DIVIDEND CREDIT ICICI BANK-299176,6043,,,Investment Income,2,202,Investment Income Ledger
30-03-2026,UPI-PVR CINEMAS-LUNCH,,259,,Groceries & Food,3,301,Groceries Expense Ledger
18-04-2025,UPI-APOLLO PHARMACY-STATIONERY,,992,,Education & Books,10,308,Education Expense Ledger
22-03-2026,UPI-PVR CINEMAS-MISC-574650,,3160,,Miscellaneous,12,499,Miscellaneous Ledger
27-08-2025,UPI-MYNTRA-CONCERT TICKETS,,1314,,Entertainment,8,306,Entertainment Expense Ledger
11-02-2026,UPI-APOLLO PHARMACY-MISC-662080,262,,,Miscellaneous,12,499,Miscellaneous Ledger
10-01-2026,UPI-BHARGAV SANDEEP DESAI-COACHING FEES,,6117,,Education & Books,10,308,Education Expense Ledger
24-10-2025,UPI-BIG BAZAAR-CAB RIDE,,8396,,Transport & Travel,5,303,Travel Expense Ledger
25-12-2025,DIVIDEND CREDIT RELIANCE INDUSTRIES-523915,3895,,,Investment Income,2,202,Investment Income Ledger
14-02-2026,NEFT CR-CREDIT CARD BILL PAYMENT-866104264,,4293,,Credit Card Payment,11,401,Credit Card Payment Ledger
26-08-2025,CRISIL LIMITED INTEREST CREDIT-903051,274,,,Investment Income,2,202,Investment Income Ledger
29-07-2025,UPI-STARBUCKS-BROADBAND BILL,,911,,Utilities & Bills,7,305,Utilities Expense Ledger
30-11-2025,UPI-ZOMATO-MISC-908062,1938,,,Miscellaneous,12,499,Miscellaneous Ledger
20-01-2026,UPI-ZERODHA BROKING LTD-GAMING,,848,,Entertainment,8,306,Entertainment Expense Ledger
03-01-2026,SALARY CREDIT JAN 2026,86631,,,Salary Income,1,201,Salary Ledger
16-01-2026,SALARY CREDIT JAN 2026,51133,,,Salary Income,1,201,Salary Ledger
06-09-2025,UPI-OLA CABS-BOOKS,,7977,,Education & Books,10,308,Education Expense Ledger
23-01-2026,UPI-STARBUCKS-BROADBAND BILL,,1977,,Utilities & Bills,7,305,Utilities Expense Ledger
14-05-2025,NEFT-RENT-500706,,26161,,Rent & Housing,4,302,Rent Expense Ledger
16-10-2025,UPI-OLA CABS-MISC-722561,,8943,,Miscellaneous,12,499,Miscellaneous Ledger
03-04-2025,UPI-BHARGAV SANDEEP DESAI-ONLINE SHOPPING,,12114,,Shopping & Lifestyle,6,304,Shopping Expense Ledger
28-07-2025,SALARY CREDIT JUL 2025,76901,,,Salary Income,1,201,Salary Ledger
12-08-2025,UPI-NATURAL ICE CREAM-MUMBAI TRIP,,1342,,Transport & Travel,5,303,Travel Expense Ledger
23-08-2025,UPI-CROSSWORD BOOKSTORE-MISC-990733,,1968,,Miscellaneous,12,499,Miscellaneous Ledger
10-12-2025,NEFT-RENT-724416,,18972,,Rent & Housing,4,302,Rent Expense Ledger
20-08-2025,UPI-DOMINOS PIZZA-MISC-576857,7330,,,Miscellaneous,12,499,Miscellaneous Ledger
11-09-2025,UPI-GOOGLEPAY-CAB RIDE,,5416,,Transport & Travel,5,303,Travel Expense Ledger
26-06-2025,UPI-LENSKART-LUNCH,,1726,,Groceries & Food,3,301,Groceries Expense Ledger
14-08-2025,UPI-NATURAL ICE CREAM-PHARMACY,,6582,,Health & Medical,9,307,Medical Expense Ledger
22-06-2025,UPI-AMAZON INDIA-BOOKS,,1168,,Education & Books,10,308,Education Expense Ledger
27-04-2025,UPI-FLIPKART-JUICE,,956,,Groceries & Food,3,301,Groceries Expense Ledger
06-11-2025,UPI-DMART-MEDICAL BILL,,888,,Health & Medical,9,307,Medical Expense Ledger
30-11-2025,NEFT CR-CREDIT CARD BILL PAYMENT-174125475,,68005,,Credit Card Payment,11,401,Credit Card Payment Ledger
12-11-2025,UPI-APOLLO PHARMACY-MOBILE BILL,,2300,,Utilities & Bills,7,305,Utilities Expense Ledger
16-09-2025,UPI-OLA CABS-ELECTRICITY BILL,,1023,,Utilities & Bills,7,305,Utilities Expense Ledger
17-08-2025,UPI-ZOMATO-CLOTHING,,15435,,Shopping & Lifestyle,6,304,Shopping Expense Ledger
09-02-2026,UPI-LENSKART-MOVIE TICKETS,,2950,,Entertainment,8,306,Entertainment Expense Ledger
06-10-2025,UPI-LENSKART-ELECTRONICS,,3506,,Shopping & Lifestyle,6,304,Shopping Expense Ledger
22-09-2025,UPI-BIG BAZAAR-BROADBAND BILL,,221,,Utilities & Bills,7,305,Utilities Expense Ledger
10-04-2025,AIRTEL PAYMENTS BANK SUBSCRIPTION-698411,,1860,,Entertainment,8,306,Entertainment Expense Ledger
03-08-2025,UPI-PVR CINEMAS-MOBILE BILL,,4862,,Utilities & Bills,7,305,Utilities Expense Ledger
17-08-2025,UPI-CREDCLUB-BOOKS,,8848,,Education & Books,10,308,Education Expense Ledger
24-08-2025,UPI-NETFLIX-WATER BILL,,544,,Utilities & Bills,7,305,Utilities Expense Ledger
29-10-2025,DIVIDEND CREDIT CRISIL LIMITED-587707,6334,,,Investment Income,2,202,Investment Income Ledger
12-10-2025,UPI-NATURAL ICE CREAM-MISC-346222,4044,,,Miscellaneous,12,499,Miscellaneous Ledger
08-11-2025,NOV 2025 SALARY CREDIT,51539,,,Salary Income,1,201,Salary Ledger
04-01-2026,UPI-DMART-GOA TRIP EXPENSES,,1836,,Transport & Travel,5,303,Travel Expense Ledger
21-01-2026,UPI-IRCTC UTS-BROADBAND BILL,,2332,,Utilities & Bills,7,305,Utilities Expense Ledger
18-12-2025,UPI-IRCTC UTS-COACHING FEES,,4658,,Education & Books,10,308,Education Expense Ledger
14-03-2026,UPI-BHARGAV SANDEEP DESAI-MISC-710278,,3420,,Miscellaneous,12,499,Miscellaneous Ledger
07-04-2025,UPI-SWIGGY-GAS CYLINDER PAYMENT,,621,,Utilities & Bills,7,305,Utilities Expense Ledger
11-06-2025,UPI-STARBUCKS-MOBILE BILL,,3820,,Utilities & Bills,7,305,Utilities Expense Ledger
03-04-2025,UPI-ZERODHA BROKING LTD-GAMING,,1175,,Entertainment,8,306,Entertainment Expense Ledger
22-11-2025,SALARY CREDIT NOV 2025,89961,,,Salary Income,1,201,Salary Ledger
21-02-2026,CC BILL PAYMENT-824764155,,7895,,Credit Card Payment,11,401,Credit Card Payment Ledger
28-06-2025,UPI-SPOTIFY-BOOKS,,7748,,Education & Books,10,308,Education Expense Ledger
04-03-2026,RENT PAYMENT-118807,,46032,,Rent & Housing,4,302,Rent Expense Ledger
22-04-2025,DOMINOS PIZZA SUBSCRIPTION-856572,,4361,,Entertainment,8,306,Entertainment Expense Ledger
07-03-2026,UPI-ZOMATO-PHARMACY,,6955,,Health & Medical,9,307,Medical Expense Ledger
06-08-2025,UPI-CROSSWORD BOOKSTORE-MISC-882920,,3453,,Miscellaneous,12,499,Miscellaneous Ledger
07-05-2025,UPI-DMART-WATER BILL,,4209,,Utilities & Bills,7,305,Utilities Expense Ledger
24-09-2025,UPI-ZOMATO-MOBILE BILL,,601,,Utilities & Bills,7,305,Utilities Expense Ledger
03-07-2025,CC BILL PAYMENT-470852065,,21595,,Credit Card Payment,11,401,Credit Card Payment Ledger
13-07-2025,UPI-IRCTC UTS-SHOPPING,,8383,,Shopping & Lifestyle,6,304,Shopping Expense Ledger
21-07-2025,ACH C- ICICI BANK DIVIDEND-158453,3777,,,Investment Income,2,202,Investment Income Ledger
18-01-2026,UPI-CREDCLUB-CRED PAYMENT-165250123,,34161,,Credit Card Payment,11,401,Credit Card Payment Ledger
14-10-2025,UPI-LENSKART-GOA TRIP EXPENSES,,8895,,Transport & Travel,5,303,Travel Expense Ledger
23-07-2025,UPI-PVR CINEMAS-GAS CYLINDER PAYMENT,,3585,,Utilities & Bills,7,305,Utilities Expense Ledger
09-11-2025,UPI-LENSKART-ONLINE SHOPPING,,7413,,Shopping & Lifestyle,6,304,Shopping Expense Ledger
17-12-2025,UPI-SPOTIFY-BREAKFAST,,1407,,Groceries & Food,3,301,Groceries Expense Ledger
09-07-2025,ACH C- ASIAN PAINTS LTD DIVIDEND-790091,1959,,,Investment Income,2,202,Investment Income Ledger
29-08-2025,VEDANTA LIMITED INTEREST CREDIT-709269,1016,,,Investment Income,2,202,Investment Income Ledger
15-05-2025,UPI-BHARGAV SANDEEP DESAI-ELECTRICITY BILL,,3829,,Utilities & Bills,7,305,Utilities Expense Ledger
05-06-2025,NEFT CR-CREDIT CARD BILL PAYMENT-165405995,,25485,,Credit Card Payment,11,401,Credit Card Payment Ledger
04-12-2025,UPI-FLIPKART-MISC-867842,12495,,,Miscellaneous,12,499,Miscellaneous Ledger
06-06-2025,BANK TRANSFER-HOUSE RENT-798412,,45375,,Rent & Housing,4,302,Rent Expense Ledger
09-10-2025,UPI-NETFLIX-MISC-957759,,14604,,Miscellaneous,12,499,Miscellaneous Ledger
15-12-2025,UPI-GOOGLEPAY-COACHING FEES,,8658,,Education & Books,10,308,Education Expense Ledger
09-05-2025,NEFT CR-CREDIT CARD BILL PAYMENT-744039342,,21968,,Credit Card Payment,11,401,Credit Card Payment Ledger
24-10-2025,ACH C- RELIANCE INDUSTRIES DIVIDEND-272903,406,,,Investment Income,2,202,Investment Income Ledger
03-07-2025,UPI-NATURAL ICE CREAM-CLOTHING,,14739,,Shopping & Lifestyle,6,304,Shopping Expense Ledger
17-03-2026,UPI-DOMINOS PIZZA-DINNER,,372,,Groceries & Food,3,301,Groceries Expense Ledger
24-09-2025,UPI-LENSKART-DINNER,,132,,Groceries & Food,3,301,Groceries Expense Ledger
19-01-2026,UPI-CREDCLUB-CRED PAYMENT-215769200,,43495,,Credit Card Payment,11,401,Credit Card Payment Ledger
18-10-2025,UPI-APOLLO PHARMACY-MISC-840150,,10014,,Miscellaneous,12,499,Miscellaneous Ledger
16-04-2025,SALARY CREDIT APR 2025,52336,,,Salary Income,1,201,Salary Ledger
17-11-2025,UPI-IRCTC UTS-TICKET-204431849,,9943,,Transport & Travel,5,303,Travel Expense Ledger
13-03-2026,MAR 2026 SALARY CREDIT,67228,,,Salary Income,1,201,Salary Ledger
05-11-2025,UPI-AMAZON INDIA-GAS CYLINDER PAYMENT,,1089,,Utilities & Bills,7,305,Utilities Expense Ledger
24-01-2026,UPI-AK JUICE CENTRE-MISC-299899,8276,,,Miscellaneous,12,499,Miscellaneous Ledger
16-02-2026,UPI-MYNTRA-DOCTOR CONSULTATION,,2900,,Health & Medical,9,307,Medical Expense Ledger
23-06-2025,UPI-OLA CABS-ONLINE COURSE,,2476,,Education & Books,10,308,Education Expense Ledger
17-06-2025,JUN 2025 SALARY CREDIT,65995,,,Salary Income,1,201,Salary Ledger
09-11-2025,DIVIDEND CREDIT HDFC BANK-851690,9624,,,Investment Income,2,202,Investment Income Ledger
28-08-2025,TATA POWER CO LTD INTEREST CREDIT-140524,78,,,Investment Income,2,202,Investment Income Ledger
31-01-2026,OLA CABS PAYMENT-466120466,,11956,,Transport & Travel,5,303,Travel Expense Ledger
22-02-2026,UPI-IRCTC UTS-BROADBAND BILL,,3885,,Utilities & Bills,7,305,Utilities Expense Ledger
07-08-2025,DIVIDEND CREDIT RELIANCE INDUSTRIES-865893,3631,,,Investment Income,2,202,Investment Income Ledger
26-06-2025,UPI-GOOGLEPAY-ONLINE COURSE,,814,,Education & Books,10,308,Education Expense Ledger
10-01-2026,CC BILL PAYMENT-559446034,,16210,,Credit Card Payment,11,401,Credit Card Payment Ledger
10-07-2025,BANK TRANSFER-HOUSE RENT-251152,,42489,,Rent & Housing,4,302,Rent Expense Ledger
25-01-2026,UPI-AIRTEL PAYMENTS BANK-MEDICAL BILL,,4460,,Health & Medical,9,307,Medical Expense Ledger
02-09-2025,UPI-ZERODHA BROKING LTD-MEDICAL BILL,,5472,,Health & Medical,9,307,Medical Expense Ledger
29-11-2025,UPI-ZERODHA BROKING LTD-FOOD,,141,,Groceries & Food,3,301,Groceries Expense Ledger
05-05-2025,APR MAY SALARY,86412,,,Salary Income,1,201,Salary Ledger
14-11-2025,NOV 2025 SALARY CREDIT,72450,,,Salary Income,1,201,Salary Ledger
12-09-2025,CC BILL PAYMENT-106877037,,64888,,Credit Card Payment,11,401,Credit Card Payment Ledger
31-10-2025,BANK TRANSFER-HOUSE RENT-793044,,31524,,Rent & Housing,4,302,Rent Expense Ledger
01-06-2025,APR JUN SALARY,73365,,,Salary Income,1,201,Salary Ledger
25-12-2025,HINDUSTAN UNILEVER LTD INTEREST CREDIT-715429,5672,,,Investment Income,2,202,Investment Income Ledger
09-02-2026,NEFT-RENT-464534,,30164,,Rent & Housing,4,302,Rent Expense Ledger
18-06-2025,UPI-AIRTEL PAYMENTS BANK-DOCTOR CONSULTATION,,865,,Health & Medical,9,307,Medical Expense Ledger
05-05-2025,BANK TRANSFER-HOUSE RENT-763779,,34784,,Rent & Housing,4,302,Rent Expense Ledger
09-04-2025,SALARY CREDIT APR 2025,73837,,,Salary Income,1,201,Salary Ledger
20-11-2025,UPI-NATURAL ICE CREAM-MOVIE TICKETS,,1463,,Entertainment,8,306,Entertainment Expense Ledger
07-11-2025,UPI-CREDCLUB-LUNCH,,2372,,Groceries & Food,3,301,Groceries Expense Ledger
16-10-2025,POS-SPOTIFY-MALL PURCHASE,,14147,,Shopping & Lifestyle,6,304,Shopping Expense Ledger
24-06-2025,UPI-SWIGGY-SHOPPING,,10997,,Shopping & Lifestyle,6,304,Shopping Expense Ledger
21-08-2025,APR AUG SALARY,69401,,,Salary Income,1,201,Salary Ledger
03-11-2025,UPI-OLA CABS-PHARMACY,,1607,,Health & Medical,9,307,Medical Expense Ledger
28-09-2025,UPI-NETFLIX-FOOD,,800,,Groceries & Food,3,301,Groceries Expense Ledger
26-03-2026,UPI-ZOMATO-JUICE,,1633,,Groceries & Food,3,301,Groceries Expense Ledger
20-05-2025,UPI-CREDCLUB-CRED PAYMENT-317714004,,66936,,Credit Card Payment,11,401,Credit Card Payment Ledger
10-12-2025,UPI-BIG BAZAAR-LAB TESTS,,2075,,Health & Medical,9,307,Medical Expense Ledger
26-08-2025,UPI-FLIPKART-PHARMACY,,5952,,Health & Medical,9,307,Medical Expense Ledger
03-09-2025,UPI-AK JUICE CENTRE-COACHING FEES,,5187,,Education & Books,10,308,Education Expense Ledger
18-12-2025,UPI-UBER-GAMING,,2702,,Entertainment,8,306,Entertainment Expense Ledger
09-12-2025,UPI-GOOGLEPAY-BOOKS,,9140,,Education & Books,10,308,Education Expense Ledger
27-03-2026,MAR 2026 SALARY CREDIT,83397,,,Salary Income,1,201,Salary Ledger
17-05-2025,UPI-CROSSWORD BOOKSTORE-MEDICAL BILL,,3871,,Health & Medical,9,307,Medical Expense Ledger
08-05-2025,UPI-PVR CINEMAS-STATIONERY,,2298,,Education & Books,10,308,Education Expense Ledger
20-12-2025,UPI-FLIPKART-ONLINE SHOPPING,,8644,,Shopping & Lifestyle,6,304,Shopping Expense Ledger
28-10-2025,OCT 2025 SALARY CREDIT,45435,,,Salary Income,1,201,Salary Ledger
09-07-2025,UPI-BIG BAZAAR-COACHING FEES,,2963,,Education & Books,10,308,Education Expense Ledger
29-04-2025,UPI-AIRTEL PAYMENTS BANK-MISC-754986,3291,,,Miscellaneous,12,499,Miscellaneous Ledger
02-05-2025,RENT PAYMENT-547628,,9587,,Rent & Housing,4,302,Rent Expense Ledger
20-02-2026,ACH C- TATA POWER CO LTD DIVIDEND-156572,4459,,,Investment Income,2,202,Investment Income Ledger
09-06-2025,UPI-CREDCLUB-LAB TESTS,,4049,,Health & Medical,9,307,Medical Expense Ledger
27-07-2025,UPI-BIG BAZAAR-ONLINE SHOPPING,,16854,,Shopping & Lifestyle,6,304,Shopping Expense Ledger
22-06-2025,UPI-CROSSWORD BOOKSTORE-ONLINE SHOPPING,,11786,,Shopping & Lifestyle,6,304,Shopping Expense Ledger
08-08-2025,BANK TRANSFER-HOUSE RENT-539717,,33179,,Rent & Housing,4,302,Rent Expense Ledger
26-04-2025,UPI-AIRTEL PAYMENTS BANK-PHARMACY,,1785,,Health & Medical,9,307,Medical Expense Ledger
06-10-2025,ACH C- RELIANCE INDUSTRIES DIVIDEND-993441,9637,,,Investment Income,2,202,Investment Income Ledger
25-04-2025,AIRTEL PAYMENTS BANK SUBSCRIPTION-147013,,1166,,Entertainment,8,306,Entertainment Expense Ledger
17-01-2026,UPI-OLA CABS-COACHING FEES,,9480,,Education & Books,10,308,Education Expense Ledger
25-06-2025,JUN 2025 SALARY CREDIT,75282,,,Salary Income,1,201,Salary Ledger
14-10-2025,RENT PAYMENT-495412,,32124,,Rent & Housing,4,302,Rent Expense Ledger
15-02-2026,UPI-SPOTIFY-CONCERT TICKETS,,889,,Entertainment,8,306,Entertainment Expense Ledger
23-11-2025,NOV 2025 SALARY CREDIT,52055,,,Salary Income,1,201,Salary Ledger
11-10-2025,UPI-UBER-MUMBAI TRIP,,12078,,Transport & Travel,5,303,Travel Expense Ledger
28-07-2025,UPI-STARBUCKS-CONCERT TICKETS,,3888,,Entertainment,8,306,Entertainment Expense Ledger
31-07-2025,VEDANTA LIMITED INTEREST CREDIT-242832,471,,,Investment Income,2,202,Investment Income Ledger
30-11-2025,CC BILL PAYMENT-173041436,,26762,,Credit Card Payment,11,401,Credit Card Payment Ledger
28-03-2026,UPI-STARBUCKS-CAB RIDE,,5044,,Transport & Travel,5,303,Travel Expense Ledger
27-11-2025,UPI-BHARGAV SANDEEP DESAI-ONLINE COURSE,,1508,,Education & Books,10,308,Education Expense Ledger
21-10-2025,BANK TRANSFER-HOUSE RENT-131629,,11258,,Rent & Housing,4,302,Rent Expense Ledger
22-12-2025,UPI-FLIPKART-MISC-789567,,6624,,Miscellaneous,12,499,Miscellaneous Ledger
17-09-2025,UPI-RELIANCE DIGITAL-STATIONERY,,4680,,Education & Books,10,308,Education Expense Ledger
22-04-2025,UPI-OLA CABS-BOOKS,,3401,,Education & Books,10,308,Education Expense Ledger
22-10-2025,UPI-AMAZON INDIA-WATER BILL,,1166,,Utilities & Bills,7,305,Utilities Expense Ledger
15-03-2026,UPI-ZERODHA BROKING LTD-SHOPPING,,13289,,Shopping & Lifestyle,6,304,Shopping Expense Ledger
03-06-2025,UPI-MYNTRA-MEDICAL BILL,,4635,,Health & Medical,9,307,Medical Expense Ledger
08-12-2025,NEFT-RENT-779363,,59067,,Rent & Housing,4,302,Rent Expense Ledger
13-06-2025,UPI-STARBUCKS-LAB TESTS,,304,,Health & Medical,9,307,Medical Expense Ledger
13-10-2025,DIVIDEND CREDIT TATA POWER CO LTD-392552,923,,,Investment Income,2,202,Investment Income Ledger
06-05-2025,UPI-PVR CINEMAS-CLOTHING,,15607,,Shopping & Lifestyle,6,304,Shopping Expense Ledger
11-09-2025,APR SEP SALARY,40370,,,Salary Income,1,201,Salary Ledger
01-01-2026,UPI-NETFLIX-CLOTHING,,14700,,Shopping & Lifestyle,6,304,Shopping Expense Ledger
05-08-2025,UPI-NATURAL ICE CREAM-COACHING FEES,,2461,,Education & Books,10,308,Education Expense Ledger
29-11-2025,NOV 2025 SALARY CREDIT,68225,,,Salary Income,1,201,Salary Ledger
15-01-2026,UPI-FLIPKART-MISC-590391,,1155,,Miscellaneous,12,499,Miscellaneous Ledger
04-03-2026,UPI-AK JUICE CENTRE-MOVIE TICKETS,,1767,,Entertainment,8,306,Entertainment Expense Ledger
25-06-2025,UPI-OLA CABS-PHARMACY,,2196,,Health & Medical,9,307,Medical Expense Ledger
24-08-2025,ACH C- ICICI BANK DIVIDEND-986226,3297,,,Investment Income,2,202,Investment Income Ledger
26-05-2025,UPI-DMART-DOCTOR CONSULTATION,,2787,,Health & Medical,9,307,Medical Expense Ledger
28-03-2026,UPI-DOMINOS PIZZA-MOBILE BILL,,1032,,Utilities & Bills,7,305,Utilities Expense Ledger
04-03-2026,UPI-CROSSWORD BOOKSTORE-DOCTOR CONSULTATION,,4995,,Health & Medical,9,307,Medical Expense Ledger
14-10-2025,UPI-AMAZON INDIA-BREAKFAST,,490,,Groceries & Food,3,301,Groceries Expense Ledger
01-02-2026,UPI-UBER-BOOKS,,2567,,Education & Books,10,308,Education Expense Ledger
07-10-2025,UPI-DMART-WATER BILL,,4863,,Utilities & Bills,7,305,Utilities Expense Ledger
13-11-2025,NEFT CR-CREDIT CARD BILL PAYMENT-410591350,,45648,,Credit Card Payment,11,401,Credit Card Payment Ledger
03-05-2025,ACH C- VEDANTA LIMITED DIVIDEND-284544,3312,,,Investment Income,2,202,Investment Income Ledger
31-12-2025,UPI-CREDCLUB-BREAKFAST,,631,,Groceries & Food,3,301,Groceries Expense Ledger
17-05-2025,UPI-RELIANCE DIGITAL-MEDICAL BILL,,3333,,Health & Medical,9,307,Medical Expense Ledger
26-01-2026,NEFT-RENT-933358,,29923,,Rent & Housing,4,302,Rent Expense Ledger
10-01-2026,UPI-PVR CINEMAS-CONCERT TICKETS,,1789,,Entertainment,8,306,Entertainment Expense Ledger
14-12-2025,UPI-STARBUCKS-MISC-670059,14069,,,Miscellaneous,12,499,Miscellaneous Ledger
14-04-2025,UPI-IRCTC UTS-DINNER,,2201,,Groceries & Food,3,301,Groceries Expense Ledger
20-07-2025,TATA POWER CO LTD INTEREST CREDIT-249457,5691,,,Investment Income,2,202,Investment Income Ledger
05-07-2025,NEFT CR-SALARY-FREELANCE CLIENT,63616,,,Salary Income,1,201,Salary Ledger
10-08-2025,UPI-AMAZON INDIA-MISC-325825,6085,,,Miscellaneous,12,499,Miscellaneous Ledger
02-05-2025,UPI-CREDCLUB-MISC-686470,12447,,,Miscellaneous,12,499,Miscellaneous Ledger
08-03-2026,UPI-UBER-BOOKS,,9174,,Education & Books,10,308,Education Expense Ledger
19-10-2025,NEFT CR-CREDIT CARD BILL PAYMENT-574779274,,3956,,Credit Card Payment,11,401,Credit Card Payment Ledger
21-07-2025,UPI-NETFLIX-MISC-737384,,10075,,Miscellaneous,12,499,Miscellaneous Ledger
23-08-2025,UPI-SPOTIFY-BOOKS,,9308,,Education & Books,10,308,Education Expense Ledger
10-09-2025,UPI-IRCTC UTS-TICKET-295611667,,6953,,Transport & Travel,5,303,Travel Expense Ledger
05-11-2025,UPI-ZERODHA BROKING LTD-MEDICAL BILL,,7497,,Health & Medical,9,307,Medical Expense Ledger
05-10-2025,BANK TRANSFER-HOUSE RENT-969241,,47267,,Rent & Housing,4,302,Rent Expense Ledger
01-03-2026,UPI-STARBUCKS-MEDICAL BILL,,3658,,Health & Medical,9,307,Medical Expense Ledger
28-09-2025,UPI-CREDCLUB-MOBILE BILL,,3731,,Utilities & Bills,7,305,Utilities Expense Ledger
28-03-2026,NEFT CR-CREDIT CARD BILL PAYMENT-362442113,,48965,,Credit Card Payment,11,401,Credit Card Payment Ledger
04-02-2026,VEDANTA LIMITED INTEREST CREDIT-657639,9809,,,Investment Income,2,202,Investment Income Ledger
15-06-2025,DIVIDEND CREDIT HINDUSTAN UNILEVER LTD-942667,6078,,,Investment Income,2,202,Investment Income Ledger
05-03-2026,IRCTC UTS SUBSCRIPTION-250641,,3501,,Entertainment,8,306,Entertainment Expense Ledger
13-05-2025,UPI-BIG BAZAAR-FOOD,,2080,,Groceries & Food,3,301,Groceries Expense Ledger
23-01-2026,UPI-LENSKART-MUMBAI TRIP,,8590,,Transport & Travel,5,303,Travel Expense Ledger
17-08-2025,ICICI BANK INTEREST CREDIT-306749,2939,,,Investment Income,2,202,Investment Income Ledger
14-02-2026,UPI-FLIPKART-DOCTOR CONSULTATION,,1077,,Health & Medical,9,307,Medical Expense Ledger
10-02-2026,UPI-GOOGLEPAY-BROADBAND BILL,,3339,,Utilities & Bills,7,305,Utilities Expense Ledger
19-01-2026,RENT PAYMENT-988976,,21934,,Rent & Housing,4,302,Rent Expense Ledger
13-01-2026,UPI-GOOGLEPAY-LUNCH,,1252,,Groceries & Food,3,301,Groceries Expense Ledger
20-07-2025,NEFT CR-CREDIT CARD BILL PAYMENT-785419623,,21431,,Credit Card Payment,11,401,Credit Card Payment Ledger
30-04-2025,CC BILL PAYMENT-408837017,,39015,,Credit Card Payment,11,401,Credit Card Payment Ledger
25-08-2025,UPI-RELIANCE DIGITAL-GAMING,,3516,,Entertainment,8,306,Entertainment Expense Ledger
03-06-2025,UPI-SWIGGY-DOCTOR CONSULTATION,,2270,,Health & Medical,9,307,Medical Expense Ledger
09-12-2025,UPI-AMAZON INDIA-LAB TESTS,,1929,,Health & Medical,9,307,Medical Expense Ledger
04-08-2025,UPI-SWIGGY-MISC-840126,9854,,,Miscellaneous,12,499,Miscellaneous Ledger
22-03-2026,UPI-NATURAL ICE CREAM-CAB RIDE,,2563,,Transport & Travel,5,303,Travel Expense Ledger
20-11-2025,UPI-GOOGLEPAY-PHARMACY,,3383,,Health & Medical,9,307,Medical Expense Ledger
25-01-2026,POS-IRCTC UTS-MALL PURCHASE,,15215,,Shopping & Lifestyle,6,304,Shopping Expense Ledger
19-05-2025,UPI-FLIPKART-MEDICAL BILL,,1928,,Health & Medical,9,307,Medical Expense Ledger
08-02-2026,UPI-FLIPKART-GAS CYLINDER PAYMENT,,1355,,Utilities & Bills,7,305,Utilities Expense Ledger
02-03-2026,NEFT CR-CREDIT CARD BILL PAYMENT-556462731,,68853,,Credit Card Payment,11,401,Credit Card Payment Ledger
25-09-2025,NEFT CR-SALARY-HDFC BANK,42511,,,Salary Income,1,201,Salary Ledger
07-11-2025,UPI-CREDCLUB-CRED PAYMENT-747509954,,49380,,Credit Card Payment,11,401,Credit Card Payment Ledger
04-01-2026,VEDANTA LIMITED INTEREST CREDIT-373438,1343,,,Investment Income,2,202,Investment Income Ledger
03-06-2025,UPI-RELIANCE DIGITAL-COACHING FEES,,3375,,Education & Books,10,308,Education Expense Ledger
30-09-2025,ACH C- INFOSYS LIMITED DIVIDEND-954727,9679,,,Investment Income,2,202,Investment Income Ledger
24-08-2025,UPI-BHARGAV SANDEEP DESAI-MISC-674699,5305,,,Miscellaneous,12,499,Miscellaneous Ledger
24-05-2025,UPI-AMAZON INDIA-ONLINE SHOPPING,,15448,,Shopping & Lifestyle,6,304,Shopping Expense Ledger
12-08-2025,UPI-LENSKART-GOA TRIP EXPENSES,,7944,,Transport & Travel,5,303,Travel Expense Ledger
25-04-2025,CC BILL PAYMENT-234007467,,7791,,Credit Card Payment,11,401,Credit Card Payment Ledger
10-04-2025,UPI-ZOMATO-GAMING,,969,,Entertainment,8,306,Entertainment Expense Ledger
20-05-2025,CC BILL PAYMENT-269898188,,44220,,Credit Card Payment,11,401,Credit Card Payment Ledger
17-03-2026,UPI-AMAZON INDIA-LAB TESTS,,3787,,Health & Medical,9,307,Medical Expense Ledger
18-10-2025,UPI-AIRTEL PAYMENTS BANK-BOOKS,,8497,,Education & Books,10,308,Education Expense Ledger
18-03-2026,UPI-MYNTRA-MISC-680464,,2923,,Miscellaneous,12,499,Miscellaneous Ledger
05-09-2025,UPI-FLIPKART-COACHING FEES,,444,,Education & Books,10,308,Education Expense Ledger
23-07-2025,UPI-ZERODHA BROKING LTD-SHOPPING,,7937,,Shopping & Lifestyle,6,304,Shopping Expense Ledger
02-10-2025,NEFT-RENT-578096,,15310,,Rent & Housing,4,302,Rent Expense Ledger
07-09-2025,UPI-CROSSWORD BOOKSTORE-MOVIE TICKETS,,1569,,Entertainment,8,306,Entertainment Expense Ledger
09-05-2025,DIVIDEND CREDIT TCS LIMITED-983727,8284,,,Investment Income,2,202,Investment Income Ledger
20-11-2025,CC BILL PAYMENT-138404656,,34725,,Credit Card Payment,11,401,Credit Card Payment Ledger
18-06-2025,UPI-ZOMATO-FOOD,,1362,,Groceries & Food,3,301,Groceries Expense Ledger
12-11-2025,TATA POWER CO LTD INTEREST CREDIT-208237,5424,,,Investment Income,2,202,Investment Income Ledger
23-11-2025,NOV 2025 SALARY CREDIT,88940,,,Salary Income,1,201,Salary Ledger
26-05-2025,UPI-GOOGLEPAY-STATIONERY,,8949,,Education & Books,10,308,Education Expense Ledger
23-04-2025,ZOMATO SUBSCRIPTION-150762,,2396,,Entertainment,8,306,Entertainment Expense Ledger
10-01-2026,UPI-OLA CABS-PHARMACY,,1787,,Health & Medical,9,307,Medical Expense Ledger
15-09-2025,UPI-STARBUCKS-PHARMACY,,6170,,Health & Medical,9,307,Medical Expense Ledger
22-04-2025,NEFT-RENT-179944,,40800,,Rent & Housing,4,302,Rent Expense Ledger
29-03-2026,ACH C- TATA POWER CO LTD DIVIDEND-112120,3464,,,Investment Income,2,202,Investment Income Ledger
22-04-2025,PVR CINEMAS SUBSCRIPTION-644748,,371,,Entertainment,8,306,Entertainment Expense Ledger
09-12-2025,RENT PAYMENT-651616,,19580,,Rent & Housing,4,302,Rent Expense Ledger
25-03-2026,UPI-SPOTIFY-ELECTRONICS,,12797,,Shopping & Lifestyle,6,304,Shopping Expense Ledger
27-06-2025,UPI-FLIPKART-DOCTOR CONSULTATION,,537,,Health & Medical,9,307,Medical Expense Ledger
22-05-2025,NEFT CR-SALARY-ASSET VANTAGE,78374,,,Salary Income,1,201,Salary Ledger
15-05-2025,CC BILL PAYMENT-709876938,,16928,,Credit Card Payment,11,401,Credit Card Payment Ledger
20-07-2025,NEFT CR-SALARY-INFOSYS LIMITED,60612,,,Salary Income,1,201,Salary Ledger
07-05-2025,UPI-CROSSWORD BOOKSTORE-MEDICAL BILL,,4671,,Health & Medical,9,307,Medical Expense Ledger
08-12-2025,UPI-UBER-BREAKFAST,,2208,,Groceries & Food,3,301,Groceries Expense Ledger
23-04-2025,UPI-BHARGAV SANDEEP DESAI-MISC-604136,,3279,,Miscellaneous,12,499,Miscellaneous Ledger
03-10-2025,UPI-RELIANCE DIGITAL-ONLINE COURSE,,4336,,Education & Books,10,308,Education Expense Ledger
29-03-2026,DIVIDEND CREDIT HINDUSTAN UNILEVER LTD-308271,7240,,,Investment Income,2,202,Investment Income Ledger
22-01-2026,UPI-MYNTRA-LAB TESTS,,212,,Health & Medical,9,307,Medical Expense Ledger
10-11-2025,BANK TRANSFER-HOUSE RENT-218371,,13328,,Rent & Housing,4,302,Rent Expense Ledger
21-07-2025,NEFT CR-SALARY-INFOSYS LIMITED,84433,,,Salary Income,1,201,Salary Ledger
14-11-2025,UPI-UBER-LAB TESTS,,852,,Health & Medical,9,307,Medical Expense Ledger
09-10-2025,NEFT CR-CREDIT CARD BILL PAYMENT-602016195,,16659,,Credit Card Payment,11,401,Credit Card Payment Ledger
03-09-2025,NEFT CR-SALARY-ASSET VANTAGE,68067,,,Salary Income,1,201,Salary Ledger
18-05-2025,UPI-AMAZON INDIA-STATIONERY,,1579,,Education & Books,10,308,Education Expense Ledger
17-02-2026,UPI-ZOMATO-MISC-614031,7869,,,Miscellaneous,12,499,Miscellaneous Ledger
11-09-2025,UPI-DMART-MUMBAI TRIP,,13986,,Transport & Travel,5,303,Travel Expense Ledger
10-06-2025,UPI-AMAZON INDIA-GOA TRIP EXPENSES,,6012,,Transport & Travel,5,303,Travel Expense Ledger
12-08-2025,DIVIDEND CREDIT HDFC BANK-225555,1775,,,Investment Income,2,202,Investment Income Ledger
29-08-2025,APR AUG SALARY,49472,,,Salary Income,1,201,Salary Ledger
27-01-2026,UPI-CREDCLUB-CRED PAYMENT-217059972,,76591,,Credit Card Payment,11,401,Credit Card Payment Ledger
24-12-2025,UPI-UBER-DOCTOR CONSULTATION,,7850,,Health & Medical,9,307,Medical Expense Ledger
06-01-2026,UPI-SPOTIFY-PHARMACY,,4925,,Health & Medical,9,307,Medical Expense Ledger
05-04-2025,APR 2025 SALARY CREDIT,41409,,,Salary Income,1,201,Salary Ledger
30-08-2025,SALARY CREDIT AUG 2025,55704,,,Salary Income,1,201,Salary Ledger
23-09-2025,UPI-OLA CABS-MISC-532750,4609,,,Miscellaneous,12,499,Miscellaneous Ledger
07-04-2025,UPI-NATURAL ICE CREAM-GAS CYLINDER PAYMENT,,3670,,Utilities & Bills,7,305,Utilities Expense Ledger
04-07-2025,INFOSYS LIMITED INTEREST CREDIT-163190,1356,,,Investment Income,2,202,Investment Income Ledger
02-01-2026,NEFT CR-SALARY-FREELANCE CLIENT,53275,,,Salary Income,1,201,Salary Ledger
20-05-2025,OLA CABS PAYMENT-350290499,,12749,,Transport & Travel,5,303,Travel Expense Ledger
12-10-2025,OCT 2025 SALARY CREDIT,72624,,,Salary Income,1,201,Salary Ledger
18-06-2025,UPI-CROSSWORD BOOKSTORE-WATER BILL,,1415,,Utilities & Bills,7,305,Utilities Expense Ledger
05-04-2025,UPI-OLA CABS-MISC-269708,11507,,,Miscellaneous,12,499,Miscellaneous Ledger
27-06-2025,UPI-STARBUCKS-GAMING,,110,,Entertainment,8,306,Entertainment Expense Ledger
22-03-2026,UPI-AMAZON INDIA-ONLINE COURSE,,7664,,Education & Books,10,308,Education Expense Ledger
17-01-2026,NEFT-RENT-742064,,40383,,Rent & Housing,4,302,Rent Expense Ledger
16-03-2026,UPI-SPOTIFY-MISC-861262,,14192,,Miscellaneous,12,499,Miscellaneous Ledger
25-09-2025,UPI-GOOGLEPAY-SHOPPING,,5038,,Shopping & Lifestyle,6,304,Shopping Expense Ledger
10-05-2025,UPI-APOLLO PHARMACY-MOVIE TICKETS,,4399,,Entertainment,8,306,Entertainment Expense Ledger
17-10-2025,UPI-CROSSWORD BOOKSTORE-WATER BILL,,2065,,Utilities & Bills,7,305,Utilities Expense Ledger
13-09-2025,UPI-FLIPKART-ELECTRICITY BILL,,3329,,Utilities & Bills,7,305,Utilities Expense Ledger
02-02-2026,UPI-AIRTEL PAYMENTS BANK-BOOKS,,3767,,Education & Books,10,308,Education Expense Ledger
06-05-2025,UPI-BHARGAV SANDEEP DESAI-MISC-449937,,1231,,Miscellaneous,12,499,Miscellaneous Ledger
25-09-2025,UPI-CREDCLUB-CRED PAYMENT-778964279,,23228,,Credit Card Payment,11,401,Credit Card Payment Ledger
25-05-2025,UPI-FLIPKART-MISC-458780,,1824,,Miscellaneous,12,499,Miscellaneous Ledger
28-07-2025,UPI-NATURAL ICE CREAM-MISC-531915,496,,,Miscellaneous,12,499,Miscellaneous Ledger
25-12-2025,POS-RELIANCE DIGITAL-MALL PURCHASE,,13946,,Shopping & Lifestyle,6,304,Shopping Expense Ledger
21-09-2025,SEP 2025 SALARY CREDIT,86607,,,Salary Income,1,201,Salary Ledger
15-08-2025,UPI-BIG BAZAAR-PHARMACY,,7941,,Health & Medical,9,307,Medical Expense Ledger
22-08-2025,ICICI BANK INTEREST CREDIT-834791,9080,,,Investment Income,2,202,Investment Income Ledger
15-09-2025,POS-BIG BAZAAR-MALL PURCHASE,,8421,,Shopping & Lifestyle,6,304,Shopping Expense Ledger
11-01-2026,UPI-AIRTEL PAYMENTS BANK-MEDICAL BILL,,564,,Health & Medical,9,307,Medical Expense Ledger
19-02-2026,UPI-BHARGAV SANDEEP DESAI-PHARMACY,,7636,,Health & Medical,9,307,Medical Expense Ledger
14-03-2026,UPI-CREDCLUB-JUICE,,1905,,Groceries & Food,3,301,Groceries Expense Ledger
12-01-2026,UPI-OLA CABS-DOCTOR CONSULTATION,,1386,,Health & Medical,9,307,Medical Expense Ledger
24-07-2025,UPI-DOMINOS PIZZA-CLOTHING,,12997,,Shopping & Lifestyle,6,304,Shopping Expense Ledger
07-12-2025,APR DEC SALARY,61586,,,Salary Income,1,201,Salary Ledger
07-09-2025,UPI-CROSSWORD BOOKSTORE-CAB RIDE,,217,,Transport & Travel,5,303,Travel Expense Ledger
02-07-2025,UPI-AMAZON INDIA-JUICE,,156,,Groceries & Food,3,301,Groceries Expense Ledger
01-02-2026,UPI-GOOGLEPAY-CAB RIDE,,12855,,Transport & Travel,5,303,Travel Expense Ledger
14-04-2025,ACH C- TATA POWER CO LTD DIVIDEND-235090,653,,,Investment Income,2,202,Investment Income Ledger
23-02-2026,UPI-DOMINOS PIZZA-DOCTOR CONSULTATION,,2215,,Health & Medical,9,307,Medical Expense Ledger
15-09-2025,APOLLO PHARMACY SUBSCRIPTION-997883,,3870,,Entertainment,8,306,Entertainment Expense Ledger
18-11-2025,UPI-SWIGGY-BOOKS,,2079,,Education & Books,10,308,Education Expense Ledger
27-11-2025,CC BILL PAYMENT-347988372,,59418,,Credit Card Payment,11,401,Credit Card Payment Ledger
20-02-2026,CC BILL PAYMENT-533566999,,27745,,Credit Card Payment,11,401,Credit Card Payment Ledger
18-11-2025,UPI-APOLLO PHARMACY-STATIONERY,,3956,,Education & Books,10,308,Education Expense Ledger
10-11-2025,UPI-AK JUICE CENTRE-CONCERT TICKETS,,4277,,Entertainment,8,306,Entertainment Expense Ledger
25-04-2025,UPI-AK JUICE CENTRE-MISC-413673,3102,,,Miscellaneous,12,499,Miscellaneous Ledger
06-10-2025,UPI-CROSSWORD BOOKSTORE-DOCTOR CONSULTATION,,5286,,Health & Medical,9,307,Medical Expense Ledger
25-05-2025,ACH C- ASIAN PAINTS LTD DIVIDEND-489913,3210,,,Investment Income,2,202,Investment Income Ledger
25-12-2025,UPI-SPOTIFY-MOVIE TICKETS,,2686,,Entertainment,8,306,Entertainment Expense Ledger
04-10-2025,SALARY CREDIT OCT 2025,61692,,,Salary Income,1,201,Salary Ledger
04-12-2025,UPI-MYNTRA-MOBILE BILL,,470,,Utilities & Bills,7,305,Utilities Expense Ledger
16-04-2025,AIRTEL PAYMENTS BANK SUBSCRIPTION-482601,,4114,,Entertainment,8,306,Entertainment Expense Ledger
01-05-2025,UPI-IRCTC UTS-ONLINE SHOPPING,,19824,,Shopping & Lifestyle,6,304,Shopping Expense Ledger
17-12-2025,UPI-RELIANCE DIGITAL-WATER BILL,,2458,,Utilities & Bills,7,305,Utilities Expense Ledger
27-04-2025,UPI-DMART-MOBILE BILL,,3743,,Utilities & Bills,7,305,Utilities Expense Ledger
26-04-2025,UPI-AK JUICE CENTRE-ELECTRICITY BILL,,495,,Utilities & Bills,7,305,Utilities Expense Ledger
05-04-2025,UPI-CREDCLUB-CRED PAYMENT-534495248,,54450,,Credit Card Payment,11,401,Credit Card Payment Ledger
15-03-2026,RENT PAYMENT-316110,,53382,,Rent & Housing,4,302,Rent Expense Ledger
25-12-2025,UPI-SWIGGY-PHARMACY,,7958,,Health & Medical,9,307,Medical Expense Ledger
07-08-2025,UPI-CREDCLUB-CRED PAYMENT-723136085,,72035,,Credit Card Payment,11,401,Credit Card Payment Ledger
17-07-2025,UPI-AK JUICE CENTRE-MISC-703760,13582,,,Miscellaneous,12,499,Miscellaneous Ledger
06-08-2025,UPI-PVR CINEMAS-GAMING,,4469,,Entertainment,8,306,Entertainment Expense Ledger
07-01-2026,UPI-AMAZON INDIA-MOBILE BILL,,4419,,Utilities & Bills,7,305,Utilities Expense Ledger
27-11-2025,UPI-CREDCLUB-CRED PAYMENT-586062978,,68643,,Credit Card Payment,11,401,Credit Card Payment Ledger
07-06-2025,POS-DMART-MALL PURCHASE,,16510,,Shopping & Lifestyle,6,304,Shopping Expense Ledger
03-06-2025,TATA POWER CO LTD INTEREST CREDIT-238595,1609,,,Investment Income,2,202,Investment Income Ledger
06-05-2025,ACH C- ASIAN PAINTS LTD DIVIDEND-504189,1740,,,Investment Income,2,202,Investment Income Ledger
27-11-2025,CC BILL PAYMENT-251916750,,23694,,Credit Card Payment,11,401,Credit Card Payment Ledger
04-01-2026,UPI-AK JUICE CENTRE-STATIONERY,,1288,,Education & Books,10,308,Education Expense Ledger
06-07-2025,UPI-SPOTIFY-DOCTOR CONSULTATION,,6088,,Health & Medical,9,307,Medical Expense Ledger
08-04-2025,UPI-AK JUICE CENTRE-SHOPPING,,8578,,Shopping & Lifestyle,6,304,Shopping Expense Ledger
30-04-2025,PVR CINEMAS SUBSCRIPTION-839860,,2770,,Entertainment,8,306,Entertainment Expense Ledger
19-03-2026,UPI-GOOGLEPAY-DOCTOR CONSULTATION,,338,,Health & Medical,9,307,Medical Expense Ledger
17-07-2025,JUL 2025 SALARY CREDIT,44725,,,Salary Income,1,201,Salary Ledger
05-01-2026,UPI-CROSSWORD BOOKSTORE-CLOTHING,,13469,,Shopping & Lifestyle,6,304,Shopping Expense Ledger
14-11-2025,NEFT CR-CREDIT CARD BILL PAYMENT-940262271,,26457,,Credit Card Payment,11,401,Credit Card Payment Ledger
18-08-2025,UPI-CREDCLUB-STATIONERY,,4737,,Education & Books,10,308,Education Expense Ledger
14-06-2025,UPI-SPOTIFY-MOBILE BILL,,3185,,Utilities & Bills,7,305,Utilities Expense Ledger
15-05-2025,APR MAY SALARY,55261,,,Salary Income,1,201,Salary Ledger
10-11-2025,APR NOV SALARY,87342,,,Salary Income,1,201,Salary Ledger
07-01-2026,UPI-ZERODHA BROKING LTD-MEDICAL BILL,,4705,,Health & Medical,9,307,Medical Expense Ledger
21-11-2025,UPI-IRCTC UTS-TICKET-292765360,,12770,,Transport & Travel,5,303,Travel Expense Ledger
11-10-2025,UPI-OLA CABS-GAMING,,532,,Entertainment,8,306,Entertainment Expense Ledger
16-04-2025,UPI-GOOGLEPAY-MISC-843000,14454,,,Miscellaneous,12,499,Miscellaneous Ledger
19-03-2026,SALARY CREDIT MAR 2026,40256,,,Salary Income,1,201,Salary Ledger
16-01-2026,UPI-BIG BAZAAR-ONLINE COURSE,,2296,,Education & Books,10,308,Education Expense Ledger
16-07-2025,ACH C- RELIANCE INDUSTRIES DIVIDEND-299824,5171,,,Investment Income,2,202,Investment Income Ledger
23-03-2026,UPI-NETFLIX-MISC-306384,,9631,,Miscellaneous,12,499,Miscellaneous Ledger
06-11-2025,UPI-BHARGAV SANDEEP DESAI-MISC-244938,5613,,,Miscellaneous,12,499,Miscellaneous Ledger
30-10-2025,UPI-NETFLIX-LAB TESTS,,7929,,Health & Medical,9,307,Medical Expense Ledger
29-12-2025,VEDANTA LIMITED INTEREST CREDIT-350703,95,,,Investment Income,2,202,Investment Income Ledger
21-01-2026,NEFT CR-CREDIT CARD BILL PAYMENT-823723031,,17630,,Credit Card Payment,11,401,Credit Card Payment Ledger
25-11-2025,UPI-OLA CABS-SHOPPING,,13225,,Shopping & Lifestyle,6,304,Shopping Expense Ledger
17-05-2025,ZOMATO SUBSCRIPTION-548400,,812,,Entertainment,8,306,Entertainment Expense Ledger
02-08-2025,UPI-CROSSWORD BOOKSTORE-MEDICAL BILL,,5795,,Health & Medical,9,307,Medical Expense Ledger
04-03-2026,UPI-RELIANCE DIGITAL-DINNER,,263,,Groceries & Food,3,301,Groceries Expense Ledger
21-06-2025,NEFT CR-CREDIT CARD BILL PAYMENT-427101854,,76787,,Credit Card Payment,11,401,Credit Card Payment Ledger
14-08-2025,UPI-DOMINOS PIZZA-DOCTOR CONSULTATION,,4532,,Health & Medical,9,307,Medical Expense Ledger
05-09-2025,UPI-LENSKART-MUMBAI TRIP,,13869,,Transport & Travel,5,303,Travel Expense Ledger
07-09-2025,UPI-AK JUICE CENTRE-LAB TESTS,,4407,,Health & Medical,9,307,Medical Expense Ledger
10-11-2025,UPI-SWIGGY-SHOPPING,,2045,,Shopping & Lifestyle,6,304,Shopping Expense Ledger
10-03-2026,CC BILL PAYMENT-980256872,,57221,,Credit Card Payment,11,401,Credit Card Payment Ledger
27-06-2025,UPI-PVR CINEMAS-ONLINE SHOPPING,,12604,,Shopping & Lifestyle,6,304,Shopping Expense Ledger
15-05-2025,UPI-APOLLO PHARMACY-BREAKFAST,,1868,,Groceries & Food,3,301,Groceries Expense Ledger
11-06-2025,SALARY CREDIT JUN 2025,52931,,,Salary Income,1,201,Salary Ledger
17-02-2026,UPI-MYNTRA-STATIONERY,,4160,,Education & Books,10,308,Education Expense Ledger
22-11-2025,UPI-RELIANCE DIGITAL-BOOKS,,280,,Education & Books,10,308,Education Expense Ledger
14-07-2025,POS-OLA CABS-MALL PURCHASE,,19006,,Shopping & Lifestyle,6,304,Shopping Expense Ledger
23-01-2026,UPI-BIG BAZAAR-MISC-763440,2546,,,Miscellaneous,12,499,Miscellaneous Ledger
08-02-2026,UPI-AMAZON INDIA-MOVIE TICKETS,,1289,,Entertainment,8,306,Entertainment Expense Ledger
03-02-2026,CC BILL PAYMENT-848127233,,79287,,Credit Card Payment,11,401,Credit Card Payment Ledger
01-03-2026,UPI-FLIPKART-ONLINE COURSE,,271,,Education & Books,10,308,Education Expense Ledger
01-07-2025,UPI-OLA CABS-DOCTOR CONSULTATION,,2584,,Health & Medical,9,307,Medical Expense Ledger
31-12-2025,UPI-MYNTRA-BREAKFAST,,1061,,Groceries & Food,3,301,Groceries Expense Ledger
15-09-2025,UPI-SWIGGY-GAS CYLINDER PAYMENT,,1104,,Utilities & Bills,7,305,Utilities Expense Ledger
01-02-2026,UPI-UBER-CLOTHING,,6169,,Shopping & Lifestyle,6,304,Shopping Expense Ledger
22-12-2025,VEDANTA LIMITED INTEREST CREDIT-502893,7395,,,Investment Income,2,202,Investment Income Ledger
08-01-2026,NEFT CR-CREDIT CARD BILL PAYMENT-846500479,,18824,,Credit Card Payment,11,401,Credit Card Payment Ledger
25-11-2025,UPI-DOMINOS PIZZA-WATER BILL,,4292,,Utilities & Bills,7,305,Utilities Expense Ledger
04-06-2025,CC BILL PAYMENT-178945753,,39736,,Credit Card Payment,11,401,Credit Card Payment Ledger
16-10-2025,UPI-AMAZON INDIA-SHOPPING,,10034,,Shopping & Lifestyle,6,304,Shopping Expense Ledger
25-03-2026,DIVIDEND CREDIT ASIAN PAINTS LTD-229789,5949,,,Investment Income,2,202,Investment Income Ledger
08-03-2026,UPI-AK JUICE CENTRE-MUMBAI TRIP,,10574,,Transport & Travel,5,303,Travel Expense Ledger
16-04-2025,UPI-AK JUICE CENTRE-MOBILE BILL,,856,,Utilities & Bills,7,305,Utilities Expense Ledger
30-05-2025,UPI-ZERODHA BROKING LTD-WATER BILL,,756,,Utilities & Bills,7,305,Utilities Expense Ledger
18-05-2025,OLA CABS PAYMENT-286426705,,8246,,Transport & Travel,5,303,Travel Expense Ledger
21-12-2025,CC BILL PAYMENT-880861436,,54171,,Credit Card Payment,11,401,Credit Card Payment Ledger
23-01-2026,SALARY CREDIT JAN 2026,54635,,,Salary Income,1,201,Salary Ledger
17-06-2025,UPI-AK JUICE CENTRE-MOVIE TICKETS,,3122,,Entertainment,8,306,Entertainment Expense Ledger
02-10-2025,OLA CABS PAYMENT-216601422,,1174,,Transport & Travel,5,303,Travel Expense Ledger
01-02-2026,NEFT CR-SALARY-HDFC BANK,63147,,,Salary Income,1,201,Salary Ledger
23-12-2025,UPI-SPOTIFY-ONLINE COURSE,,6527,,Education & Books,10,308,Education Expense Ledger
15-10-2025,SALARY CREDIT OCT 2025,58722,,,Salary Income,1,201,Salary Ledger
01-11-2025,UPI-BHARGAV SANDEEP DESAI-ONLINE COURSE,,4808,,Education & Books,10,308,Education Expense Ledger
03-10-2025,OLA CABS PAYMENT-227137184,,6710,,Transport & Travel,5,303,Travel Expense Ledger
18-07-2025,BANK TRANSFER-HOUSE RENT-896505,,17180,,Rent & Housing,4,302,Rent Expense Ledger
23-10-2025,BANK TRANSFER-HOUSE RENT-925329,,38960,,Rent & Housing,4,302,Rent Expense Ledger
07-12-2025,NEFT CR-CREDIT CARD BILL PAYMENT-194873775,,52616,,Credit Card Payment,11,401,Credit Card Payment Ledger
12-02-2026,UPI-AMAZON INDIA-BREAKFAST,,1544,,Groceries & Food,3,301,Groceries Expense Ledger
18-11-2025,UPI-IRCTC UTS-BROADBAND BILL,,651,,Utilities & Bills,7,305,Utilities Expense Ledger
03-01-2026,UPI-CREDCLUB-CRED PAYMENT-712511001,,43718,,Credit Card Payment,11,401,Credit Card Payment Ledger
29-05-2025,UPI-GOOGLEPAY-DOCTOR CONSULTATION,,5441,,Health & Medical,9,307,Medical Expense Ledger
16-09-2025,UPI-CROSSWORD BOOKSTORE-MOVIE TICKETS,,3438,,Entertainment,8,306,Entertainment Expense Ledger
04-04-2025,UPI-STARBUCKS-MISC-168754,,6644,,Miscellaneous,12,499,Miscellaneous Ledger
29-06-2025,JUN 2025 SALARY CREDIT,42837,,,Salary Income,1,201,Salary Ledger
21-12-2025,UPI-ZOMATO-PHARMACY,,7234,,Health & Medical,9,307,Medical Expense Ledger
28-03-2026,MAR 2026 SALARY CREDIT,60812,,,Salary Income,1,201,Salary Ledger
07-05-2025,UPI-AIRTEL PAYMENTS BANK-MISC-781376,4200,,,Miscellaneous,12,499,Miscellaneous Ledger
25-08-2025,APR AUG SALARY,51036,,,Salary Income,1,201,Salary Ledger
17-01-2026,UPI-ZERODHA BROKING LTD-PHARMACY,,7479,,Health & Medical,9,307,Medical Expense Ledger
14-06-2025,BANK TRANSFER-HOUSE RENT-940268,,56777,,Rent & Housing,4,302,Rent Expense Ledger
20-10-2025,UPI-CREDCLUB-JUICE,,1955,,Groceries & Food,3,301,Groceries Expense Ledger
23-12-2025,NEFT CR-SALARY-TCS,60946,,,Salary Income,1,201,Salary Ledger
11-11-2025,APR NOV SALARY,79159,,,Salary Income,1,201,Salary Ledger
08-06-2025,UPI-STARBUCKS-MISC-196748,,11640,,Miscellaneous,12,499,Miscellaneous Ledger
08-08-2025,UPI-AIRTEL PAYMENTS BANK-BROADBAND BILL,,4185,,Utilities & Bills,7,305,Utilities Expense Ledger
11-01-2026,APR JAN SALARY,67588,,,Salary Income,1,201,Salary Ledger
19-10-2025,UPI-AK JUICE CENTRE-CONCERT TICKETS,,1586,,Entertainment,8,306,Entertainment Expense Ledger
02-04-2025,UPI-IRCTC UTS-TICKET-282066981,,5124,,Transport & Travel,5,303,Travel Expense Ledger
03-01-2026,VEDANTA LIMITED INTEREST CREDIT-971171,4779,,,Investment Income,2,202,Investment Income Ledger
13-04-2025,UPI-NATURAL ICE CREAM-ELECTRICITY BILL,,1384,,Utilities & Bills,7,305,Utilities Expense Ledger
28-12-2025,NEFT-RENT-945484,,24911,,Rent & Housing,4,302,Rent Expense Ledger
13-06-2025,UPI-UBER-MOBILE BILL,,3519,,Utilities & Bills,7,305,Utilities Expense Ledger
15-03-2026,DIVIDEND CREDIT TCS LIMITED-942793,3183,,,Investment Income,2,202,Investment Income Ledger
12-08-2025,UPI-BHARGAV SANDEEP DESAI-MISC-726683,4978,,,Miscellaneous,12,499,Miscellaneous Ledger
29-07-2025,UPI-FLIPKART-LUNCH,,1291,,Groceries & Food,3,301,Groceries Expense Ledger
25-05-2025,UPI-APOLLO PHARMACY-DINNER,,577,,Groceries & Food,3,301,Groceries Expense Ledger
21-07-2025,UPI-SPOTIFY-LUNCH,,1299,,Groceries & Food,3,301,Groceries Expense Ledger
14-02-2026,UPI-CREDCLUB-MOVIE TICKETS,,3628,,Entertainment,8,306,Entertainment Expense Ledger
29-03-2026,UPI-IRCTC UTS-TICKET-738374805,,5878,,Transport & Travel,5,303,Travel Expense Ledger
13-08-2025,UPI-CREDCLUB-CRED PAYMENT-267678118,,54664,,Credit Card Payment,11,401,Credit Card Payment Ledger
11-09-2025,BANK TRANSFER-HOUSE RENT-963204,,33671,,Rent & Housing,4,302,Rent Expense Ledger
19-12-2025,UPI-ZERODHA BROKING LTD-MEDICAL BILL,,6112,,Health & Medical,9,307,Medical Expense Ledger
17-02-2026,TCS LIMITED INTEREST CREDIT-971913,4420,,,Investment Income,2,202,Investment Income Ledger
02-11-2025,UPI-GOOGLEPAY-MEDICAL BILL,,6833,,Health & Medical,9,307,Medical Expense Ledger
21-08-2025,APR AUG SALARY,65467,,,Salary Income,1,201,Salary Ledger
29-08-2025,RENT PAYMENT-274166,,43165,,Rent & Housing,4,302,Rent Expense Ledger
10-12-2025,UPI-OLA CABS-DINNER,,1923,,Groceries & Food,3,301,Groceries Expense Ledger
02-04-2025,NEFT-RENT-553028,,55367,,Rent & Housing,4,302,Rent Expense Ledger
12-11-2025,UPI-SWIGGY-DOCTOR CONSULTATION,,5288,,Health & Medical,9,307,Medical Expense Ledger
08-08-2025,BANK TRANSFER-HOUSE RENT-110207,,27285,,Rent & Housing,4,302,Rent Expense Ledger
15-01-2026,UPI-IRCTC UTS-GAMING,,3281,,Entertainment,8,306,Entertainment Expense Ledger
04-05-2025,UPI-ZOMATO-BROADBAND BILL,,4072,,Utilities & Bills,7,305,Utilities Expense Ledger
01-11-2025,UPI-CREDCLUB-CRED PAYMENT-403403173,,44351,,Credit Card Payment,11,401,Credit Card Payment Ledger
23-09-2025,UPI-LENSKART-MISC-373363,,2439,,Miscellaneous,12,499,Miscellaneous Ledger
20-11-2025,UPI-FLIPKART-MOVIE TICKETS,,3953,,Entertainment,8,306,Entertainment Expense Ledger
24-04-2025,NEFT-RENT-389194,,14618,,Rent & Housing,4,302,Rent Expense Ledger
29-10-2025,UPI-CREDCLUB-CRED PAYMENT-105516552,,54010,,Credit Card Payment,11,401,Credit Card Payment Ledger
22-10-2025,UPI-NETFLIX-DOCTOR CONSULTATION,,656,,Health & Medical,9,307,Medical Expense Ledger
22-10-2025,UPI-PVR CINEMAS-MISC-802076,,4138,,Miscellaneous,12,499,Miscellaneous Ledger
06-11-2025,UPI-CREDCLUB-CRED PAYMENT-934736331,,55304,,Credit Card Payment,11,401,Credit Card Payment Ledger
03-12-2025,UPI-PVR CINEMAS-CLOTHING,,14320,,Shopping & Lifestyle,6,304,Shopping Expense Ledger
19-01-2026,VEDANTA LIMITED INTEREST CREDIT-674901,4834,,,Investment Income,2,202,Investment Income Ledger
08-07-2025,DMART SUBSCRIPTION-392164,,486,,Entertainment,8,306,Entertainment Expense Ledger
26-01-2026,UPI-SPOTIFY-GAS CYLINDER PAYMENT,,4975,,Utilities & Bills,7,305,Utilities Expense Ledger
29-09-2025,DIVIDEND CREDIT VEDANTA LIMITED-680206,7078,,,Investment Income,2,202,Investment Income Ledger
29-04-2025,DIVIDEND CREDIT ASIAN PAINTS LTD-455752,1002,,,Investment Income,2,202,Investment Income Ledger
22-04-2025,UPI-DOMINOS PIZZA-GAS CYLINDER PAYMENT,,4117,,Utilities & Bills,7,305,Utilities Expense Ledger
31-07-2025,UPI-STARBUCKS-PHARMACY,,3431,,Health & Medical,9,307,Medical Expense Ledger
11-01-2026,UPI-CREDCLUB-CRED PAYMENT-402950543,,70519,,Credit Card Payment,11,401,Credit Card Payment Ledger
14-12-2025,UPI-DMART-MISC-258988,706,,,Miscellaneous,12,499,Miscellaneous Ledger
13-01-2026,UPI-AMAZON INDIA-CONCERT TICKETS,,1896,,Entertainment,8,306,Entertainment Expense Ledger
06-10-2025,UPI-STARBUCKS-LUNCH,,2130,,Groceries & Food,3,301,Groceries Expense Ledger
08-09-2025,ACH C- HDFC BANK DIVIDEND-547185,5609,,,Investment Income,2,202,Investment Income Ledger
24-05-2025,DIVIDEND CREDIT TCS LIMITED-873292,6232,,,Investment Income,2,202,Investment Income Ledger
29-07-2025,JUL 2025 SALARY CREDIT,67703,,,Salary Income,1,201,Salary Ledger
05-09-2025,UPI-UBER-FOOD,,1727,,Groceries & Food,3,301,Groceries Expense Ledger
03-05-2025,UPI-UBER-BROADBAND BILL,,2484,,Utilities & Bills,7,305,Utilities Expense Ledger
20-06-2025,UPI-CREDCLUB-CRED PAYMENT-455151631,,52672,,Credit Card Payment,11,401,Credit Card Payment Ledger
04-11-2025,UPI-IRCTC UTS-DOCTOR CONSULTATION,,5929,,Health & Medical,9,307,Medical Expense Ledger
24-12-2025,UPI-UBER-SHOPPING,,13255,,Shopping & Lifestyle,6,304,Shopping Expense Ledger
30-03-2026,UPI-LENSKART-SHOPPING,,6904,,Shopping & Lifestyle,6,304,Shopping Expense Ledger
06-03-2026,HINDUSTAN UNILEVER LTD INTEREST CREDIT-481050,9745,,,Investment Income,2,202,Investment Income Ledger
20-11-2025,UPI-ZERODHA BROKING LTD-ONLINE SHOPPING,,2068,,Shopping & Lifestyle,6,304,Shopping Expense Ledger
01-09-2025,SALARY CREDIT SEP 2025,52043,,,Salary Income,1,201,Salary Ledger
18-11-2025,UPI-AIRTEL PAYMENTS BANK-PHARMACY,,6210,,Health & Medical,9,307,Medical Expense Ledger
11-01-2026,UPI-IRCTC UTS-BROADBAND BILL,,2975,,Utilities & Bills,7,305,Utilities Expense Ledger
14-05-2025,APR MAY SALARY,77405,,,Salary Income,1,201,Salary Ledger
28-08-2025,UPI-DOMINOS PIZZA-LAB TESTS,,6234,,Health & Medical,9,307,Medical Expense Ledger
31-01-2026,ACH C- RELIANCE INDUSTRIES DIVIDEND-100209,8507,,,Investment Income,2,202,Investment Income Ledger
18-08-2025,ZERODHA BROKING LTD SUBSCRIPTION-490300,,253,,Entertainment,8,306,Entertainment Expense Ledger
26-10-2025,UPI-IRCTC UTS-TICKET-870971111,,3248,,Transport & Travel,5,303,Travel Expense Ledger
31-10-2025,UPI-BHARGAV SANDEEP DESAI-JUICE,,628,,Groceries & Food,3,301,Groceries Expense Ledger
07-06-2025,AIRTEL PAYMENTS BANK SUBSCRIPTION-395761,,4032,,Entertainment,8,306,Entertainment Expense Ledger
10-08-2025,UPI-CREDCLUB-CRED PAYMENT-410772041,,51624,,Credit Card Payment,11,401,Credit Card Payment Ledger
31-07-2025,UPI-BHARGAV SANDEEP DESAI-MISC-615882,,7082,,Miscellaneous,12,499,Miscellaneous Ledger
10-04-2025,NEFT CR-SALARY-INFOSYS LIMITED,68584,,,Salary Income,1,201,Salary Ledger
09-04-2025,UPI-ZERODHA BROKING LTD-STATIONERY,,9111,,Education & Books,10,308,Education Expense Ledger
28-01-2026,NEFT-RENT-665764,,41868,,Rent & Housing,4,302,Rent Expense Ledger
09-07-2025,UPI-UBER-GOA TRIP EXPENSES,,14001,,Transport & Travel,5,303,Travel Expense Ledger
06-10-2025,UPI-LENSKART-GAMING,,3623,,Entertainment,8,306,Entertainment Expense Ledger
18-07-2025,UPI-AMAZON INDIA-ONLINE SHOPPING,,5195,,Shopping & Lifestyle,6,304,Shopping Expense Ledger
09-03-2026,UPI-APOLLO PHARMACY-MUMBAI TRIP,,9392,,Transport & Travel,5,303,Travel Expense Ledger
04-07-2025,UPI-IRCTC UTS-ONLINE COURSE,,823,,Education & Books,10,308,Education Expense Ledger
04-09-2025,UPI-CREDCLUB-MOBILE BILL,,1250,,Utilities & Bills,7,305,Utilities Expense Ledger
12-02-2026,UPI-MYNTRA-JUICE,,1379,,Groceries & Food,3,301,Groceries Expense Ledger
01-02-2026,SALARY CREDIT FEB 2026,76135,,,Salary Income,1,201,Salary Ledger
07-06-2025,DIVIDEND CREDIT VEDANTA LIMITED-465750,1623,,,Investment Income,2,202,Investment Income Ledger
18-01-2026,UPI-NATURAL ICE CREAM-JUICE,,2204,,Groceries & Food,3,301,Groceries Expense Ledger
14-09-2025,UPI-RELIANCE DIGITAL-SHOPPING,,16015,,Shopping & Lifestyle,6,304,Shopping Expense Ledger
23-09-2025,DIVIDEND CREDIT ASIAN PAINTS LTD-728468,2433,,,Investment Income,2,202,Investment Income Ledger
19-05-2025,UPI-MYNTRA-GOA TRIP EXPENSES,,12989,,Transport & Travel,5,303,Travel Expense Ledger
30-04-2025,UPI-ZOMATO-CONCERT TICKETS,,123,,Entertainment,8,306,Entertainment Expense Ledger
21-12-2025,UPI-MYNTRA-CONCERT TICKETS,,4418,,Entertainment,8,306,Entertainment Expense Ledger
28-09-2025,HDFC BANK INTEREST CREDIT-301587,2010,,,Investment Income,2,202,Investment Income Ledger
07-09-2025,UPI-ZERODHA BROKING LTD-MISC-985155,,1262,,Miscellaneous,12,499,Miscellaneous Ledger
22-12-2025,UPI-AK JUICE CENTRE-MEDICAL BILL,,3859,,Health & Medical,9,307,Medical Expense Ledger
04-01-2026,UPI-GOOGLEPAY-LAB TESTS,,1478,,Health & Medical,9,307,Medical Expense Ledger
28-05-2025,MAY 2025 SALARY CREDIT,74108,,,Salary Income,1,201,Salary Ledger
09-11-2025,UPI-GOOGLEPAY-PHARMACY,,6788,,Health & Medical,9,307,Medical Expense Ledger
20-05-2025,DIVIDEND CREDIT RELIANCE INDUSTRIES-199596,641,,,Investment Income,2,202,Investment Income Ledger
30-12-2025,UPI-DMART-BROADBAND BILL,,387,,Utilities & Bills,7,305,Utilities Expense Ledger
26-11-2025,UPI-STARBUCKS-MOBILE BILL,,728,,Utilities & Bills,7,305,Utilities Expense Ledger
15-03-2026,UPI-CROSSWORD BOOKSTORE-BROADBAND BILL,,3712,,Utilities & Bills,7,305,Utilities Expense Ledger
26-04-2025,UPI-STARBUCKS-BROADBAND BILL,,637,,Utilities & Bills,7,305,Utilities Expense Ledger
21-04-2025,SALARY CREDIT APR 2025,81756,,,Salary Income,1,201,Salary Ledger
12-07-2025,UPI-FLIPKART-ONLINE COURSE,,5994,,Education & Books,10,308,#NAME?