Date,Description,Deposit Amount,Withdrawal Amount,Notes,Category Name,Category Id,Ledger Id,Ledger Name,Description_clean
15-08-2025,UPI-APOLLO PHARMACY-MISC-248087,0.0,5048.0,,Miscellaneous,12,499,Miscellaneous Ledger,UPI APOLLO PHARMACY MISC
13-03-2026,UPI-DMART-COACHING FEES,0.0,2214.0,,Education & Books,10,308,Education Expense Ledger,UPI DMART COACHING FEES
23-12-2025,UPI-AK JUICE CENTRE-CLOTHING,0.0,9232.0,,Shopping & Lifestyle,6,304,Shopping Expense Ledger,UPI AK JUICE CENTRE CLOTHING
04-11-2025,RELIANCE DIGITAL SUBSCRIPTION-466008,0.0,2743.0,,Entertainment,8,306,Entertainment Expense Ledger,RELIANCE DIGITAL SUBSCRIPTION
27-05-2025,UPI-ZERODHA BROKING LTD-CAB RIDE,0.0,14631.0,,Transport & Travel,5,303,Travel Expense Ledger,UPI ZERODHA BROKING LTD CAB RIDE
27-05-2025,UPI-OLA CABS-MOBILE BILL,0.0,3341.0,,Utilities & Bills,7,305,Utilities Expense Ledger,UPI OLA CABS MOBILE BILL
22-04-2025,CC BILL PAYMENT-667518127,0.0,67707.0,,Credit Card Payment,11,401,Credit Card Payment Ledger,CC BILL PAYMENT
10-02-2026,UPI-ZOMATO-MOBILE BILL,0.0,1649.0,,Utilities & Bills,7,305,Utilities Expense Ledger,UPI ZOMATO MOBILE BILL
05-11-2025,DOMINOS PIZZA SUBSCRIPTION-883441,0.0,4360.0,,Entertainment,8,306,Entertainment Expense Ledger,DOMINOS PIZZA SUBSCRIPTION
14-12-2025,UPI-IRCTC UTS-CAB RIDE,0.0,3770.0,,Transport & Travel,5,303,Travel Expense Ledger,UPI IRCTC UTS CAB RIDE
08-04-2025,NEFT CR-SALARY-ASSET VANTAGE,58322.0,0.0,,Salary Income,1,201,Salary Ledger,NEFT CR SALARY ASSET VANTAGE
20-03-2026,UPI-DMART-MUMBAI TRIP,0.0,12771.0,,Transport & Travel,5,303,Travel Expense Ledger,UPI DMART MUMBAI TRIP
29-01-2026,UPI-DOMINOS PIZZA-PHARMACY,0.0,6504.0,,Health & Medical,9,307,Medical Expense Ledger,UPI DOMINOS PIZZA PHARMACY
17-06-2025,BANK TRANSFER-HOUSE RENT-229350,0.0,33470.0,,Rent & Housing,4,302,Rent Expense Ledger,BANK TRANSFER HOUSE RENT
06-06-2025,UPI-NETFLIX-SHOPPING,0.0,19646.0,,Shopping & Lifestyle,6,304,Shopping Expense Ledger,UPI NETFLIX SHOPPING
06-06-2025,RELIANCE DIGITAL SUBSCRIPTION-380618,0.0,672.0,,Entertainment,8,306,Entertainment Expense Ledger,RELIANCE DIGITAL SUBSCRIPTION
20-07-2025,UPI-NETFLIX-PHARMACY,0.0,6766.0,,Health & Medical,9,307,Medical Expense Ledger,UPI NETFLIX PHARMACY
09-10-2025,OCT 2025 SALARY CREDIT,41633.0,0.0,,Salary Income,1,201,Salary Ledger,OCT SALARY CREDIT
05-09-2025,UPI-FLIPKART-SHOPPING,0.0,11049.0,,Shopping & Lifestyle,6,304,Shopping Expense Ledger,UPI FLIPKART SHOPPING
16-07-2025,UPI-STARBUCKS-CAB RIDE,0.0,11880.0,,Transport & Travel,5,303,Travel Expense Ledger,UPI STARBUCKS CAB RIDE
09-11-2025,UPI-CREDCLUB-PHARMACY,0.0,3337.0,,Health & Medical,9,307,Medical Expense Ledger,UPI CREDCLUB PHARMACY
21-05-2025,UPI-OLA CABS-JUICE,0.0,686.0,,Groceries & Food,3,301,Groceries Expense Ledger,UPI OLA CABS JUICE
16-07-2025,BHARGAV SANDEEP DESAI SUBSCRIPTION-953695,0.0,4766.0,,Entertainment,8,306,Entertainment Expense Ledger,BHARGAV SANDEEP DESAI SUBSCRIPTION
12-08-2025,UPI-AIRTEL PAYMENTS BANK-LUNCH,0.0,1904.0,,Groceries & Food,3,301,Groceries Expense Ledger,UPI AIRTEL PAYMENTS BANK LUNCH
14-09-2025,UPI-AK JUICE CENTRE-CAB RIDE,0.0,12919.0,,Transport & Travel,5,303,Travel Expense Ledger,UPI AK JUICE CENTRE CAB RIDE
11-01-2026,RENT PAYMENT-303127,0.0,38933.0,,Rent & Housing,4,302,Rent Expense Ledger,RENT PAYMENT
12-06-2025,UPI-APOLLO PHARMACY-CONCERT TICKETS,0.0,1849.0,,Entertainment,8,306,Entertainment Expense Ledger,UPI APOLLO PHARMACY CONCERT TICKETS
05-10-2025,UPI-RELIANCE DIGITAL-PHARMACY,0.0,7023.0,,Health & Medical,9,307,Medical Expense Ledger,UPI RELIANCE DIGITAL PHARMACY
02-11-2025,NOV 2025 SALARY CREDIT,69118.0,0.0,,Salary Income,1,201,Salary Ledger,NOV SALARY CREDIT
17-04-2025,UPI-ZOMATO-CONCERT TICKETS,0.0,4070.0,,Entertainment,8,306,Entertainment Expense Ledger,UPI ZOMATO CONCERT TICKETS
08-11-2025,UPI-GOOGLEPAY-ONLINE COURSE,0.0,9403.0,,Education & Books,10,308,Education Expense Ledger,UPI GOOGLEPAY ONLINE COURSE
02-06-2025,UPI-SPOTIFY-ELECTRICITY BILL,0.0,2014.0,,Utilities & Bills,7,305,Utilities Expense Ledger,UPI SPOTIFY ELECTRICITY BILL
24-04-2025,UPI-CREDCLUB-CRED PAYMENT-940135434,0.0,33658.0,,Credit Card Payment,11,401,Credit Card Payment Ledger,UPI CREDCLUB CRED PAYMENT
12-03-2026,UPI-OLA CABS-CONCERT TICKETS,0.0,3757.0,,Entertainment,8,306,Entertainment Expense Ledger,UPI OLA CABS CONCERT TICKETS
18-03-2026,UPI-DOMINOS PIZZA-MEDICAL BILL,0.0,2411.0,,Health & Medical,9,307,Medical Expense Ledger,UPI DOMINOS PIZZA MEDICAL BILL
20-01-2026,UPI-PVR CINEMAS-GAMING,0.0,4754.0,,Entertainment,8,306,Entertainment Expense Ledger,UPI PVR CINEMAS GAMING
20-07-2025,CRISIL LIMITED INTEREST CREDIT-577958,7021.0,0.0,,Investment Income,2,202,Investment Income Ledger,CRISIL LIMITED INTEREST CREDIT
06-05-2025,UPI-SPOTIFY-FOOD,0.0,308.0,,Groceries & Food,3,301,Groceries Expense Ledger,UPI SPOTIFY FOOD
06-12-2025,NEFT CR-CREDIT CARD BILL PAYMENT-704351392,0.0,5135.0,,Credit Card Payment,11,401,Credit Card Payment Ledger,NEFT CR CREDIT CARD BILL PAYMENT
08-09-2025,UPI-NATURAL ICE CREAM-MISC-919812,0.0,3250.0,,Miscellaneous,12,499,Miscellaneous Ledger,UPI NATURAL ICE CREAM MISC
15-05-2025,UPI-AK JUICE CENTRE-MISC-139901,0.0,737.0,,Miscellaneous,12,499,Miscellaneous Ledger,UPI AK JUICE CENTRE MISC
28-09-2025,UPI-ZOMATO-SHOPPING,0.0,6106.0,,Shopping & Lifestyle,6,304,Shopping Expense Ledger,UPI ZOMATO SHOPPING
13-04-2025,CC BILL PAYMENT-625849588,0.0,55400.0,,Credit Card Payment,11,401,Credit Card Payment Ledger,CC BILL PAYMENT
25-02-2026,OLA CABS PAYMENT-812770819,0.0,769.0,,Transport & Travel,5,303,Travel Expense Ledger,OLA CABS PAYMENT
04-07-2025,UPI-UBER-MISC-906527,1175.0,0.0,,Miscellaneous,12,499,Miscellaneous Ledger,UPI UBER MISC
28-11-2025,UPI-CREDCLUB-CRED PAYMENT-499562882,0.0,9004.0,,Credit Card Payment,11,401,Credit Card Payment Ledger,UPI CREDCLUB CRED PAYMENT
23-07-2025,APR JUL SALARY,66819.0,0.0,,Salary Income,1,201,Salary Ledger,APR JUL SALARY
07-10-2025,HINDUSTAN UNILEVER LTD INTEREST CREDIT-395138,7883.0,0.0,,Investment Income,2,202,Investment Income Ledger,HINDUSTAN UNILEVER LTD INTEREST CREDIT
17-10-2025,UPI-SPOTIFY-MISC-756005,314.0,0.0,,Miscellaneous,12,499,Miscellaneous Ledger,UPI SPOTIFY MISC
07-06-2025,UPI-CROSSWORD BOOKSTORE-DINNER,0.0,1468.0,,Groceries & Food,3,301,Groceries Expense Ledger,UPI CROSSWORD BOOKSTORE DINNER
19-03-2026,UPI-OLA CABS-MISC-408449,0.0,10141.0,,Miscellaneous,12,499,Miscellaneous Ledger,UPI OLA CABS MISC
08-01-2026,UPI-RELIANCE DIGITAL-ELECTRONICS,0.0,9546.0,,Shopping & Lifestyle,6,304,Shopping Expense Ledger,UPI RELIANCE DIGITAL ELECTRONICS
08-03-2026,UPI-ZERODHA BROKING LTD-CAB RIDE,0.0,6399.0,,Transport & Travel,5,303,Travel Expense Ledger,UPI ZERODHA BROKING LTD CAB RIDE
20-02-2026,NEFT-RENT-827346,0.0,51553.0,,Rent & Housing,4,302,Rent Expense Ledger,NEFT RENT
04-11-2025,DIVIDEND CREDIT HDFC BANK-970678,5483.0,0.0,,Investment Income,2,202,Investment Income Ledger,DIVIDEND CREDIT HDFC BANK
02-03-2026,UPI-ZOMATO-CLOTHING,0.0,6616.0,,Shopping & Lifestyle,6,304,Shopping Expense Ledger,UPI ZOMATO CLOTHING
03-05-2025,CC BILL PAYMENT-117071962,0.0,77637.0,,Credit Card Payment,11,401,Credit Card Payment Ledger,CC BILL PAYMENT
11-06-2025,UPI-PVR CINEMAS-JUICE,0.0,338.0,,Groceries & Food,3,301,Groceries Expense Ledger,UPI PVR CINEMAS JUICE
17-04-2025,DIVIDEND CREDIT RELIANCE INDUSTRIES-765847,1139.0,0.0,,Investment Income,2,202,Investment Income Ledger,DIVIDEND CREDIT RELIANCE INDUSTRIES
28-07-2025,UPI-AMAZON INDIA-MISC-138547,0.0,9312.0,,Miscellaneous,12,499,Miscellaneous Ledger,UPI AMAZON INDIA MISC
20-08-2025,UPI-UBER-MISC-846111,6194.0,0.0,,Miscellaneous,12,499,Miscellaneous Ledger,UPI UBER MISC
08-07-2025,UPI-CROSSWORD BOOKSTORE-LUNCH,0.0,491.0,,Groceries & Food,3,301,Groceries Expense Ledger,UPI CROSSWORD BOOKSTORE LUNCH
27-01-2026,UPI-BHARGAV SANDEEP DESAI-CLOTHING,0.0,14678.0,,Shopping & Lifestyle,6,304,Shopping Expense Ledger,UPI BHARGAV SANDEEP DESAI CLOTHING
08-08-2025,UPI-APOLLO PHARMACY-MEDICAL BILL,0.0,3900.0,,Health & Medical,9,307,Medical Expense Ledger,UPI APOLLO PHARMACY MEDICAL BILL
12-07-2025,NEFT-RENT-940230,0.0,56781.0,,Rent & Housing,4,302,Rent Expense Ledger,NEFT RENT
15-10-2025,UPI-SWIGGY-LAB TESTS,0.0,4138.0,,Health & Medical,9,307,Medical Expense Ledger,UPI SWIGGY LAB TESTS
22-05-2025,ACH C- ASIAN PAINTS LTD DIVIDEND-435098,1188.0,0.0,,Investment Income,2,202,Investment Income Ledger,ACH C ASIAN PAINTS LTD DIVIDEND
17-01-2026,CC BILL PAYMENT-576696154,0.0,68990.0,,Credit Card Payment,11,401,Credit Card Payment Ledger,CC BILL PAYMENT
28-04-2025,TCS LIMITED INTEREST CREDIT-186516,6751.0,0.0,,Investment Income,2,202,Investment Income Ledger,TCS LIMITED INTEREST CREDIT
26-03-2026,UPI-APOLLO PHARMACY-GAMING,0.0,3718.0,,Entertainment,8,306,Entertainment Expense Ledger,UPI APOLLO PHARMACY GAMING
07-01-2026,NEFT-RENT-346183,0.0,50864.0,,Rent & Housing,4,302,Rent Expense Ledger,NEFT RENT
12-06-2025,GOOGLEPAY SUBSCRIPTION-134518,0.0,4465.0,,Entertainment,8,306,Entertainment Expense Ledger,GOOGLEPAY SUBSCRIPTION
03-04-2025,UPI-MYNTRA-SHOPPING,0.0,18551.0,,Shopping & Lifestyle,6,304,Shopping Expense Ledger,UPI MYNTRA SHOPPING
22-01-2026,UPI-AMAZON INDIA-FOOD,0.0,1499.0,,Groceries & Food,3,301,Groceries Expense Ledger,UPI AMAZON INDIA FOOD
14-12-2025,UPI-APOLLO PHARMACY-MISC-565982,5125.0,0.0,,Miscellaneous,12,499,Miscellaneous Ledger,UPI APOLLO PHARMACY MISC
22-12-2025,UPI-UBER-LAB TESTS,0.0,3010.0,,Health & Medical,9,307,Medical Expense Ledger,UPI UBER LAB TESTS
06-01-2026,UPI-CROSSWORD BOOKSTORE-DOCTOR CONSULTATION,0.0,1731.0,,Health & Medical,9,307,Medical Expense Ledger,UPI CROSSWORD BOOKSTORE DOCTOR CONSULTATION
27-04-2025,BANK TRANSFER-HOUSE RENT-658516,0.0,12493.0,,Rent & Housing,4,302,Rent Expense Ledger,BANK TRANSFER HOUSE RENT
09-08-2025,NEFT-RENT-935869,0.0,39655.0,,Rent & Housing,4,302,Rent Expense Ledger,NEFT RENT
13-05-2025,UPI-OLA CABS-MEDICAL BILL,0.0,2567.0,,Health & Medical,9,307,Medical Expense Ledger,UPI OLA CABS MEDICAL BILL
09-02-2026,BANK TRANSFER-HOUSE RENT-195028,0.0,55192.0,,Rent & Housing,4,302,Rent Expense Ledger,BANK TRANSFER HOUSE RENT
13-11-2025,UPI-AK JUICE CENTRE-LUNCH,0.0,2431.0,,Groceries & Food,3,301,Groceries Expense Ledger,UPI AK JUICE CENTRE LUNCH
30-07-2025,NEFT CR-CREDIT CARD BILL PAYMENT-820715624,0.0,9259.0,,Credit Card Payment,11,401,Credit Card Payment Ledger,NEFT CR CREDIT CARD BILL PAYMENT
24-04-2025,UPI-NETFLIX-CLOTHING,0.0,19782.0,,Shopping & Lifestyle,6,304,Shopping Expense Ledger,UPI NETFLIX CLOTHING
23-07-2025,UPI-APOLLO PHARMACY-MISC-560244,0.0,5204.0,,Miscellaneous,12,499,Miscellaneous Ledger,UPI APOLLO PHARMACY MISC
28-07-2025,UPI-IRCTC UTS-MUMBAI TRIP,0.0,1448.0,,Transport & Travel,5,303,Travel Expense Ledger,UPI IRCTC UTS MUMBAI TRIP
22-12-2025,UPI-AMAZON INDIA-MISC-146403,0.0,7206.0,,Miscellaneous,12,499,Miscellaneous Ledger,UPI AMAZON INDIA MISC
19-11-2025,UPI-OLA CABS-DINNER,0.0,1026.0,,Groceries & Food,3,301,Groceries Expense Ledger,UPI OLA CABS DINNER
17-02-2026,APR FEB SALARY,86087.0,0.0,,Salary Income,1,201,Salary Ledger,APR FEB SALARY
19-09-2025,UPI-MYNTRA-SHOPPING,0.0,12051.0,,Shopping & Lifestyle,6,304,Shopping Expense Ledger,UPI MYNTRA SHOPPING
14-05-2025,UPI-NATURAL ICE CREAM-COACHING FEES,0.0,6948.0,,Education & Books,10,308,Education Expense Ledger,UPI NATURAL ICE CREAM COACHING FEES
16-12-2025,UPI-DMART-MUMBAI TRIP,0.0,8086.0,,Transport & Travel,5,303,Travel Expense Ledger,UPI DMART MUMBAI TRIP
02-01-2026,UPI-AK JUICE CENTRE-JUICE,0.0,181.0,,Groceries & Food,3,301,Groceries Expense Ledger,UPI AK JUICE CENTRE JUICE
22-10-2025,UPI-STARBUCKS-ONLINE SHOPPING,0.0,16500.0,,Shopping & Lifestyle,6,304,Shopping Expense Ledger,UPI STARBUCKS ONLINE SHOPPING
06-01-2026,UPI-UBER-MISC-949256,0.0,243.0,,Miscellaneous,12,499,Miscellaneous Ledger,UPI UBER MISC
27-09-2025,NEFT CR-SALARY-WIPRO,72327.0,0.0,,Salary Income,1,201,Salary Ledger,NEFT CR SALARY WIPRO
08-10-2025,UPI-SPOTIFY-SHOPPING,0.0,2461.0,,Shopping & Lifestyle,6,304,Shopping Expense Ledger,UPI SPOTIFY SHOPPING
03-09-2025,SALARY CREDIT SEP 2025,46716.0,0.0,,Salary Income,1,201,Salary Ledger,SALARY CREDIT SEP
10-04-2025,UPI-MYNTRA-STATIONERY,0.0,4578.0,,Education & Books,10,308,Education Expense Ledger,UPI MYNTRA STATIONERY
10-05-2025,UPI-SWIGGY-MISC-561552,12699.0,0.0,,Miscellaneous,12,499,Miscellaneous Ledger,UPI SWIGGY MISC
12-04-2025,UPI-PVR CINEMAS-FOOD,0.0,1497.0,,Groceries & Food,3,301,Groceries Expense Ledger,UPI PVR CINEMAS FOOD
18-11-2025,NEFT-RENT-711004,0.0,38519.0,,Rent & Housing,4,302,Rent Expense Ledger,NEFT RENT
24-07-2025,UPI-NATURAL ICE CREAM-SHOPPING,0.0,10488.0,,Shopping & Lifestyle,6,304,Shopping Expense Ledger,UPI NATURAL ICE CREAM SHOPPING
03-10-2025,UPI-CREDCLUB-CRED PAYMENT-409446576,0.0,17724.0,,Credit Card Payment,11,401,Credit Card Payment Ledger,UPI CREDCLUB CRED PAYMENT
25-02-2026,UPI-AMAZON INDIA-COACHING FEES,0.0,5682.0,,Education & Books,10,308,Education Expense Ledger,UPI AMAZON INDIA COACHING FEES
30-06-2025,UPI-NETFLIX-MEDICAL BILL,0.0,5663.0,,Health & Medical,9,307,Medical Expense Ledger,UPI NETFLIX MEDICAL BILL
28-08-2025,UPI-DOMINOS PIZZA-LAB TESTS,0.0,7896.0,,Health & Medical,9,307,Medical Expense Ledger,UPI DOMINOS PIZZA LAB TESTS
01-01-2026,UPI-AIRTEL PAYMENTS BANK-LUNCH,0.0,232.0,,Groceries & Food,3,301,Groceries Expense Ledger,UPI AIRTEL PAYMENTS BANK LUNCH
23-06-2025,UPI-CREDCLUB-CRED PAYMENT-870631806,0.0,22386.0,,Credit Card Payment,11,401,Credit Card Payment Ledger,UPI CREDCLUB CRED PAYMENT
29-04-2025,SALARY CREDIT APR 2025,84199.0,0.0,,Salary Income,1,201,Salary Ledger,SALARY CREDIT APR
15-07-2025,UPI-DOMINOS PIZZA-MISC-600844,12921.0,0.0,,Miscellaneous,12,499,Miscellaneous Ledger,UPI DOMINOS PIZZA MISC
29-05-2025,UPI-SWIGGY-MISC-819449,0.0,6638.0,,Miscellaneous,12,499,Miscellaneous Ledger,UPI SWIGGY MISC
05-03-2026,UPI-IRCTC UTS-MOBILE BILL,0.0,1187.0,,Utilities & Bills,7,305,Utilities Expense Ledger,UPI IRCTC UTS MOBILE BILL
20-01-2026,UPI-SWIGGY-GAMING,0.0,273.0,,Entertainment,8,306,Entertainment Expense Ledger,UPI SWIGGY GAMING
17-11-2025,SALARY CREDIT NOV 2025,62190.0,0.0,,Salary Income,1,201,Salary Ledger,SALARY CREDIT NOV
12-02-2026,VEDANTA LIMITED INTEREST CREDIT-880926,4083.0,0.0,,Investment Income,2,202,Investment Income Ledger,VEDANTA LIMITED INTEREST CREDIT
18-01-2026,NEFT-RENT-853298,0.0,24977.0,,Rent & Housing,4,302,Rent Expense Ledger,NEFT RENT
07-06-2025,UPI-ZERODHA BROKING LTD-MISC-903147,985.0,0.0,,Miscellaneous,12,499,Miscellaneous Ledger,UPI ZERODHA BROKING LTD MISC
19-02-2026,UPI-AMAZON INDIA-ONLINE COURSE,0.0,8122.0,,Education & Books,10,308,Education Expense Ledger,UPI AMAZON INDIA ONLINE COURSE
14-10-2025,UPI-FLIPKART-ELECTRICITY BILL,0.0,4068.0,,Utilities & Bills,7,305,Utilities Expense Ledger,UPI FLIPKART ELECTRICITY BILL
19-01-2026,DIVIDEND CREDIT ICICI BANK-961069,1892.0,0.0,,Investment Income,2,202,Investment Income Ledger,DIVIDEND CREDIT ICICI BANK
21-02-2026,HDFC BANK INTEREST CREDIT-205848,4708.0,0.0,,Investment Income,2,202,Investment Income Ledger,HDFC BANK INTEREST CREDIT
25-07-2025,UPI-GOOGLEPAY-WATER BILL,0.0,970.0,,Utilities & Bills,7,305,Utilities Expense Ledger,UPI GOOGLEPAY WATER BILL
11-05-2025,NEFT CR-CREDIT CARD BILL PAYMENT-228812636,0.0,63068.0,,Credit Card Payment,11,401,Credit Card Payment Ledger,NEFT CR CREDIT CARD BILL PAYMENT
22-06-2025,POS-NETFLIX-MALL PURCHASE,0.0,586.0,,Shopping & Lifestyle,6,304,Shopping Expense Ledger,POS NETFLIX MALL PURCHASE
03-09-2025,UPI-BHARGAV SANDEEP DESAI-LAB TESTS,0.0,4293.0,,Health & Medical,9,307,Medical Expense Ledger,UPI BHARGAV SANDEEP DESAI LAB TESTS
23-01-2026,CC BILL PAYMENT-431570988,0.0,35624.0,,Credit Card Payment,11,401,Credit Card Payment Ledger,CC BILL PAYMENT
08-02-2026,UPI-NETFLIX-BOOKS,0.0,5676.0,,Education & Books,10,308,Education Expense Ledger,UPI NETFLIX BOOKS
03-04-2025,UPI-DMART-LAB TESTS,0.0,7646.0,,Health & Medical,9,307,Medical Expense Ledger,UPI DMART LAB TESTS
03-10-2025,UPI-STARBUCKS-CLOTHING,0.0,2019.0,,Shopping & Lifestyle,6,304,Shopping Expense Ledger,UPI STARBUCKS CLOTHING
30-08-2025,CC BILL PAYMENT-282683720,0.0,37268.0,,Credit Card Payment,11,401,Credit Card Payment Ledger,CC BILL PAYMENT
20-06-2025,UPI-ZOMATO-CAB RIDE,0.0,10313.0,,Transport & Travel,5,303,Travel Expense Ledger,UPI ZOMATO CAB RIDE
14-05-2025,UPI-ZOMATO-JUICE,0.0,2292.0,,Groceries & Food,3,301,Groceries Expense Ledger,UPI ZOMATO JUICE
01-08-2025,UPI-NATURAL ICE CREAM-DOCTOR CONSULTATION,0.0,3334.0,,Health & Medical,9,307,Medical Expense Ledger,UPI NATURAL ICE CREAM DOCTOR CONSULTATION
10-03-2026,NEFT CR-CREDIT CARD BILL PAYMENT-615620858,0.0,65047.0,,Credit Card Payment,11,401,Credit Card Payment Ledger,NEFT CR CREDIT CARD BILL PAYMENT
27-07-2025,UPI-ZERODHA BROKING LTD-LAB TESTS,0.0,1341.0,,Health & Medical,9,307,Medical Expense Ledger,UPI ZERODHA BROKING LTD LAB TESTS
06-10-2025,OLA CABS SUBSCRIPTION-533819,0.0,4874.0,,Entertainment,8,306,Entertainment Expense Ledger,OLA CABS SUBSCRIPTION
12-12-2025,UPI-IRCTC UTS-MUMBAI TRIP,0.0,106.0,,Transport & Travel,5,303,Travel Expense Ledger,UPI IRCTC UTS MUMBAI TRIP
11-08-2025,NEFT CR-SALARY-FREELANCE CLIENT,67840.0,0.0,,Salary Income,1,201,Salary Ledger,NEFT CR SALARY FREELANCE CLIENT
20-03-2026,UPI-BHARGAV SANDEEP DESAI-JUICE,0.0,963.0,,Groceries & Food,3,301,Groceries Expense Ledger,UPI BHARGAV SANDEEP DESAI JUICE
17-03-2026,CC BILL PAYMENT-279187162,0.0,45014.0,,Credit Card Payment,11,401,Credit Card Payment Ledger,CC BILL PAYMENT
01-07-2025,NEFT CR-CREDIT CARD BILL PAYMENT-517210943,0.0,12120.0,,Credit Card Payment,11,401,Credit Card Payment Ledger,NEFT CR CREDIT CARD BILL PAYMENT
28-09-2025,UPI-PVR CINEMAS-CAB RIDE,0.0,13803.0,,Transport & Travel,5,303,Travel Expense Ledger,UPI PVR CINEMAS CAB RIDE
19-07-2025,UPI-NETFLIX-MISC-839180,0.0,13170.0,,Miscellaneous,12,499,Miscellaneous Ledger,UPI NETFLIX MISC
13-07-2025,RELIANCE INDUSTRIES INTEREST CREDIT-775159,7030.0,0.0,,Investment Income,2,202,Investment Income Ledger,RELIANCE INDUSTRIES INTEREST CREDIT
14-04-2025,NEFT CR-CREDIT CARD BILL PAYMENT-267486618,0.0,71188.0,,Credit Card Payment,11,401,Credit Card Payment Ledger,NEFT CR CREDIT CARD BILL PAYMENT
08-11-2025,UPI-FLIPKART-ONLINE SHOPPING,0.0,4658.0,,Shopping & Lifestyle,6,304,Shopping Expense Ledger,UPI FLIPKART ONLINE SHOPPING
30-09-2025,UPI-CROSSWORD BOOKSTORE-FOOD,0.0,1891.0,,Groceries & Food,3,301,Groceries Expense Ledger,UPI CROSSWORD BOOKSTORE FOOD
19-04-2025,UPI-IRCTC UTS-CAB RIDE,0.0,12929.0,,Transport & Travel,5,303,Travel Expense Ledger,UPI IRCTC UTS CAB RIDE
11-07-2025,UPI-IRCTC UTS-MUMBAI TRIP,0.0,6413.0,,Transport & Travel,5,303,Travel Expense Ledger,UPI IRCTC UTS MUMBAI TRIP
25-02-2026,UPI-AMAZON INDIA-ELECTRONICS,0.0,985.0,,Shopping & Lifestyle,6,304,Shopping Expense Ledger,UPI AMAZON INDIA ELECTRONICS
27-06-2025,APR JUN SALARY,65372.0,0.0,,Salary Income,1,201,Salary Ledger,APR JUN SALARY
23-05-2025,NEFT-RENT-267647,0.0,42704.0,,Rent & Housing,4,302,Rent Expense Ledger,NEFT RENT
26-09-2025,UPI-IRCTC UTS-CLOTHING,0.0,12555.0,,Shopping & Lifestyle,6,304,Shopping Expense Ledger,UPI IRCTC UTS CLOTHING
25-03-2026,UPI-CREDCLUB-MEDICAL BILL,0.0,2552.0,,Health & Medical,9,307,Medical Expense Ledger,UPI CREDCLUB MEDICAL BILL
28-06-2025,UPI-BHARGAV SANDEEP DESAI-ONLINE SHOPPING,0.0,5698.0,,Shopping & Lifestyle,6,304,Shopping Expense Ledger,UPI BHARGAV SANDEEP DESAI ONLINE SHOPPING
01-12-2025,UPI-SWIGGY-STATIONERY,0.0,9769.0,,Education & Books,10,308,Education Expense Ledger,UPI SWIGGY STATIONERY
03-01-2026,UPI-DOMINOS PIZZA-LUNCH,0.0,811.0,,Groceries & Food,3,301,Groceries Expense Ledger,UPI DOMINOS PIZZA LUNCH
26-06-2025,UPI-AIRTEL PAYMENTS BANK-MISC-743907,9798.0,0.0,,Miscellaneous,12,499,Miscellaneous Ledger,UPI AIRTEL PAYMENTS BANK MISC
22-12-2025,UPI-BHARGAV SANDEEP DESAI-BREAKFAST,0.0,1677.0,,Groceries & Food,3,301,Groceries Expense Ledger,UPI BHARGAV SANDEEP DESAI BREAKFAST
12-08-2025,ACH C- INFOSYS LIMITED DIVIDEND-906651,6702.0,0.0,,Investment Income,2,202,Investment Income Ledger,ACH C INFOSYS LIMITED DIVIDEND
17-11-2025,HDFC BANK INTEREST CREDIT-275767,2201.0,0.0,,Investment Income,2,202,Investment Income Ledger,HDFC BANK INTEREST CREDIT
17-11-2025,UPI-AIRTEL PAYMENTS BANK-BOOKS,0.0,3034.0,,Education & Books,10,308,Education Expense Ledger,UPI AIRTEL PAYMENTS BANK BOOKS
13-10-2025,UPI-IRCTC UTS-MUMBAI TRIP,0.0,2667.0,,Transport & Travel,5,303,Travel Expense Ledger,UPI IRCTC UTS MUMBAI TRIP
03-05-2025,UPI-DOMINOS PIZZA-ONLINE SHOPPING,0.0,10438.0,,Shopping & Lifestyle,6,304,Shopping Expense Ledger,UPI DOMINOS PIZZA ONLINE SHOPPING
30-01-2026,ASIAN PAINTS LTD INTEREST CREDIT-259380,8508.0,0.0,,Investment Income,2,202,Investment Income Ledger,ASIAN PAINTS LTD INTEREST CREDIT
26-07-2025,UPI-NETFLIX-CLOTHING,0.0,17059.0,,Shopping & Lifestyle,6,304,Shopping Expense Ledger,UPI NETFLIX CLOTHING
07-06-2025,RELIANCE DIGITAL SUBSCRIPTION-935083,0.0,2060.0,,Entertainment,8,306,Entertainment Expense Ledger,RELIANCE DIGITAL SUBSCRIPTION
15-04-2025,UPI-RELIANCE DIGITAL-ONLINE SHOPPING,0.0,1082.0,,Shopping & Lifestyle,6,304,Shopping Expense Ledger,UPI RELIANCE DIGITAL ONLINE SHOPPING
02-11-2025,UPI-GOOGLEPAY-MISC-565918,5917.0,0.0,,Miscellaneous,12,499,Miscellaneous Ledger,UPI GOOGLEPAY MISC
03-12-2025,UPI-OLA CABS-ELECTRICITY BILL,0.0,1810.0,,Utilities & Bills,7,305,Utilities Expense Ledger,UPI OLA CABS ELECTRICITY BILL
07-04-2025,UPI-BIG BAZAAR-GAS CYLINDER PAYMENT,0.0,4694.0,,Utilities & Bills,7,305,Utilities Expense Ledger,UPI BIG BAZAAR GAS CYLINDER PAYMENT
04-10-2025,UPI-NETFLIX-PHARMACY,0.0,6842.0,,Health & Medical,9,307,Medical Expense Ledger,UPI NETFLIX PHARMACY
22-06-2025,UPI-SPOTIFY-FOOD,0.0,2022.0,,Groceries & Food,3,301,Groceries Expense Ledger,UPI SPOTIFY FOOD
21-11-2025,UPI-CROSSWORD BOOKSTORE-MISC-283043,2020.0,0.0,,Miscellaneous,12,499,Miscellaneous Ledger,UPI CROSSWORD BOOKSTORE MISC
03-06-2025,UPI-PVR CINEMAS-GAS CYLINDER PAYMENT,0.0,564.0,,Utilities & Bills,7,305,Utilities Expense Ledger,UPI PVR CINEMAS GAS CYLINDER PAYMENT
08-12-2025,UPI-SWIGGY-LAB TESTS,0.0,2063.0,,Health & Medical,9,307,Medical Expense Ledger,UPI SWIGGY LAB TESTS
19-08-2025,APR AUG SALARY,42384.0,0.0,,Salary Income,1,201,Salary Ledger,APR AUG SALARY
07-03-2026,UPI-SWIGGY-MOVIE TICKETS,0.0,2590.0,,Entertainment,8,306,Entertainment Expense Ledger,UPI SWIGGY MOVIE TICKETS
21-05-2025,UPI-STARBUCKS-MOBILE BILL,0.0,2967.0,,Utilities & Bills,7,305,Utilities Expense Ledger,UPI STARBUCKS MOBILE BILL
03-08-2025,POS-FLIPKART-MALL PURCHASE,0.0,4106.0,,Shopping & Lifestyle,6,304,Shopping Expense Ledger,POS FLIPKART MALL PURCHASE
12-05-2025,UPI-CREDCLUB-MUMBAI TRIP,0.0,2099.0,,Transport & Travel,5,303,Travel Expense Ledger,UPI CREDCLUB MUMBAI TRIP
03-03-2026,DMART SUBSCRIPTION-877949,0.0,795.0,,Entertainment,8,306,Entertainment Expense Ledger,DMART SUBSCRIPTION
14-02-2026,UPI-NATURAL ICE CREAM-DINNER,0.0,68.0,,Groceries & Food,3,301,Groceries Expense Ledger,UPI NATURAL ICE CREAM DINNER
03-07-2025,UPI-AIRTEL PAYMENTS BANK-STATIONERY,0.0,4408.0,,Education & Books,10,308,Education Expense Ledger,UPI AIRTEL PAYMENTS BANK STATIONERY
27-11-2025,UPI-AK JUICE CENTRE-ELECTRICITY BILL,0.0,4874.0,,Utilities & Bills,7,305,Utilities Expense Ledger,UPI AK JUICE CENTRE ELECTRICITY BILL
23-01-2026,UPI-CROSSWORD BOOKSTORE-MEDICAL BILL,0.0,1772.0,,Health & Medical,9,307,Medical Expense Ledger,UPI CROSSWORD BOOKSTORE MEDICAL BILL
20-10-2025,OLA CABS PAYMENT-169217406,0.0,4336.0,,Transport & Travel,5,303,Travel Expense Ledger,OLA CABS PAYMENT
10-10-2025,NEFT CR-SALARY-HDFC BANK,60131.0,0.0,,Salary Income,1,201,Salary Ledger,NEFT CR SALARY HDFC BANK
28-06-2025,UPI-CREDCLUB-MOVIE TICKETS,0.0,3706.0,,Entertainment,8,306,Entertainment Expense Ledger,UPI CREDCLUB MOVIE TICKETS
04-05-2025,RENT PAYMENT-494597,0.0,16605.0,,Rent & Housing,4,302,Rent Expense Ledger,RENT PAYMENT
21-02-2026,CC BILL PAYMENT-667321485,0.0,20810.0,,Credit Card Payment,11,401,Credit Card Payment Ledger,CC BILL PAYMENT
22-02-2026,UPI-CREDCLUB-MISC-259292,12286.0,0.0,,Miscellaneous,12,499,Miscellaneous Ledger,UPI CREDCLUB MISC
17-11-2025,UPI-NATURAL ICE CREAM-DINNER,0.0,1196.0,,Groceries & Food,3,301,Groceries Expense Ledger,UPI NATURAL ICE CREAM DINNER
02-08-2025,AUG 2025 SALARY CREDIT,52449.0,0.0,,Salary Income,1,201,Salary Ledger,AUG SALARY CREDIT
06-08-2025,POS-CREDCLUB-MALL PURCHASE,0.0,7555.0,,Shopping & Lifestyle,6,304,Shopping Expense Ledger,POS CREDCLUB MALL PURCHASE
21-12-2025,UPI-AIRTEL PAYMENTS BANK-COACHING FEES,0.0,2755.0,,Education & Books,10,308,Education Expense Ledger,UPI AIRTEL PAYMENTS BANK COACHING FEES
21-02-2026,UPI-STARBUCKS-FOOD,0.0,1288.0,,Groceries & Food,3,301,Groceries Expense Ledger,UPI STARBUCKS FOOD
17-02-2026,UPI-NETFLIX-ELECTRICITY BILL,0.0,1788.0,,Utilities & Bills,7,305,Utilities Expense Ledger,UPI NETFLIX ELECTRICITY BILL
09-01-2026,UPI-SWIGGY-MEDICAL BILL,0.0,5989.0,,Health & Medical,9,307,Medical Expense Ledger,UPI SWIGGY MEDICAL BILL
20-11-2025,OLA CABS PAYMENT-734871096,0.0,7670.0,,Transport & Travel,5,303,Travel Expense Ledger,OLA CABS PAYMENT
01-05-2025,UPI-NETFLIX-DOCTOR CONSULTATION,0.0,7069.0,,Health & Medical,9,307,Medical Expense Ledger,UPI NETFLIX DOCTOR CONSULTATION
29-05-2025,UPI-LENSKART-WATER BILL,0.0,1789.0,,Utilities & Bills,7,305,Utilities Expense Ledger,UPI LENSKART WATER BILL
22-02-2026,TCS LIMITED INTEREST CREDIT-114743,6605.0,0.0,,Investment Income,2,202,Investment Income Ledger,TCS LIMITED INTEREST CREDIT
07-11-2025,UPI-SWIGGY-ELECTRONICS,0.0,13541.0,,Shopping & Lifestyle,6,304,Shopping Expense Ledger,UPI SWIGGY ELECTRONICS
04-04-2025,NEFT CR-CREDIT CARD BILL PAYMENT-750454027,0.0,72126.0,,Credit Card Payment,11,401,Credit Card Payment Ledger,NEFT CR CREDIT CARD BILL PAYMENT
07-05-2025,UPI-SPOTIFY-MOBILE BILL,0.0,4245.0,,Utilities & Bills,7,305,Utilities Expense Ledger,UPI SPOTIFY MOBILE BILL
28-11-2025,UPI-BIG BAZAAR-GAMING,0.0,4549.0,,Entertainment,8,306,Entertainment Expense Ledger,UPI BIG BAZAAR GAMING
02-04-2025,UPI-NETFLIX-MISC-713369,0.0,7808.0,,Miscellaneous,12,499,Miscellaneous Ledger,UPI NETFLIX MISC
29-05-2025,UPI-STARBUCKS-STATIONERY,0.0,2009.0,,Education & Books,10,308,Education Expense Ledger,UPI STARBUCKS STATIONERY
17-10-2025,UPI-GOOGLEPAY-SHOPPING,0.0,14287.0,,Shopping & Lifestyle,6,304,Shopping Expense Ledger,UPI GOOGLEPAY SHOPPING
08-12-2025,OLA CABS PAYMENT-429486968,0.0,9180.0,,Transport & Travel,5,303,Travel Expense Ledger,OLA CABS PAYMENT
24-11-2025,NEFT CR-SALARY-ASSET VANTAGE,45738.0,0.0,,Salary Income,1,201,Salary Ledger,NEFT CR SALARY ASSET VANTAGE
21-06-2025,NEFT CR-CREDIT CARD BILL PAYMENT-709336206,0.0,6793.0,,Credit Card Payment,11,401,Credit Card Payment Ledger,NEFT CR CREDIT CARD BILL PAYMENT
16-12-2025,UPI-NETFLIX-FOOD,0.0,2238.0,,Groceries & Food,3,301,Groceries Expense Ledger,UPI NETFLIX FOOD
26-06-2025,UPI-MYNTRA-ELECTRONICS,0.0,16127.0,,Shopping & Lifestyle,6,304,Shopping Expense Ledger,UPI MYNTRA ELECTRONICS
28-07-2025,UPI-UBER-CAB RIDE,0.0,10740.0,,Transport & Travel,5,303,Travel Expense Ledger,UPI UBER CAB RIDE
28-12-2025,NEFT CR-SALARY-ASSET VANTAGE,84859.0,0.0,,Salary Income,1,201,Salary Ledger,NEFT CR SALARY ASSET VANTAGE
23-11-2025,UPI-DOMINOS PIZZA-MOVIE TICKETS,0.0,4218.0,,Entertainment,8,306,Entertainment Expense Ledger,UPI DOMINOS PIZZA MOVIE TICKETS
04-02-2026,UPI-BIG BAZAAR-MUMBAI TRIP,0.0,9220.0,,Transport & Travel,5,303,Travel Expense Ledger,UPI BIG BAZAAR MUMBAI TRIP
26-11-2025,NEFT-RENT-961789,0.0,53486.0,,Rent & Housing,4,302,Rent Expense Ledger,NEFT RENT
24-10-2025,UPI-MYNTRA-LAB TESTS,0.0,4828.0,,Health & Medical,9,307,Medical Expense Ledger,UPI MYNTRA LAB TESTS
05-05-2025,UPI-FLIPKART-BREAKFAST,0.0,1725.0,,Groceries & Food,3,301,Groceries Expense Ledger,UPI FLIPKART BREAKFAST
12-08-2025,AUG 2025 SALARY CREDIT,57508.0,0.0,,Salary Income,1,201,Salary Ledger,AUG SALARY CREDIT
06-07-2025,UPI-PVR CINEMAS-DOCTOR CONSULTATION,0.0,1578.0,,Health & Medical,9,307,Medical Expense Ledger,UPI PVR CINEMAS DOCTOR CONSULTATION
28-06-2025,INFOSYS LIMITED INTEREST CREDIT-891787,7985.0,0.0,,Investment Income,2,202,Investment Income Ledger,INFOSYS LIMITED INTEREST CREDIT
21-03-2026,UPI-AMAZON INDIA-DOCTOR CONSULTATION,0.0,1091.0,,Health & Medical,9,307,Medical Expense Ledger,UPI AMAZON INDIA DOCTOR CONSULTATION
22-08-2025,DIVIDEND CREDIT CRISIL LIMITED-443567,8638.0,0.0,,Investment Income,2,202,Investment Income Ledger,DIVIDEND CREDIT CRISIL LIMITED
19-02-2026,UPI-BIG BAZAAR-PHARMACY,0.0,4624.0,,Health & Medical,9,307,Medical Expense Ledger,UPI BIG BAZAAR PHARMACY
16-11-2025,UPI-AK JUICE CENTRE-SHOPPING,0.0,2205.0,,Shopping & Lifestyle,6,304,Shopping Expense Ledger,UPI AK JUICE CENTRE SHOPPING
15-01-2026,UPI-CREDCLUB-BROADBAND BILL,0.0,1396.0,,Utilities & Bills,7,305,Utilities Expense Ledger,UPI CREDCLUB BROADBAND BILL
30-09-2025,UPI-AIRTEL PAYMENTS BANK-LAB TESTS,0.0,1951.0,,Health & Medical,9,307,Medical Expense Ledger,UPI AIRTEL PAYMENTS BANK LAB TESTS
27-10-2025,RENT PAYMENT-948923,0.0,55377.0,,Rent & Housing,4,302,Rent Expense Ledger,RENT PAYMENT
27-09-2025,UPI-DOMINOS PIZZA-ELECTRONICS,0.0,16563.0,,Shopping & Lifestyle,6,304,Shopping Expense Ledger,UPI DOMINOS PIZZA ELECTRONICS
11-06-2025,UPI-ZERODHA BROKING LTD-MISC-436227,0.0,14873.0,,Miscellaneous,12,499,Miscellaneous Ledger,UPI ZERODHA BROKING LTD MISC
19-12-2025,UPI-BHARGAV SANDEEP DESAI-GOA TRIP EXPENSES,0.0,11615.0,,Transport & Travel,5,303,Travel Expense Ledger,UPI BHARGAV SANDEEP DESAI GOA TRIP EXPENSES
12-07-2025,UPI-STARBUCKS-PHARMACY,0.0,2296.0,,Health & Medical,9,307,Medical Expense Ledger,UPI STARBUCKS PHARMACY
09-04-2025,UPI-CROSSWORD BOOKSTORE-STATIONERY,0.0,6908.0,,Education & Books,10,308,Education Expense Ledger,UPI CROSSWORD BOOKSTORE STATIONERY
21-11-2025,OLA CABS PAYMENT-791784805,0.0,11949.0,,Transport & Travel,5,303,Travel Expense Ledger,OLA CABS PAYMENT
04-06-2025,NETFLIX SUBSCRIPTION-532995,0.0,3941.0,,Entertainment,8,306,Entertainment Expense Ledger,NETFLIX SUBSCRIPTION
09-03-2026,UPI-BHARGAV SANDEEP DESAI-BOOKS,0.0,874.0,,Education & Books,10,308,Education Expense Ledger,UPI BHARGAV SANDEEP DESAI BOOKS
14-03-2026,UPI-STARBUCKS-ELECTRONICS,0.0,2264.0,,Shopping & Lifestyle,6,304,Shopping Expense Ledger,UPI STARBUCKS ELECTRONICS
28-02-2026,NEFT-RENT-983096,0.0,32087.0,,Rent & Housing,4,302,Rent Expense Ledger,NEFT RENT
13-08-2025,BANK TRANSFER-HOUSE RENT-323461,0.0,9401.0,,Rent & Housing,4,302,Rent Expense Ledger,BANK TRANSFER HOUSE RENT
06-04-2025,NEFT CR-SALARY-FREELANCE CLIENT,60307.0,0.0,,Salary Income,1,201,Salary Ledger,NEFT CR SALARY FREELANCE CLIENT
04-03-2026,SALARY CREDIT MAR 2026,83111.0,0.0,,Salary Income,1,201,Salary Ledger,SALARY CREDIT MAR
03-09-2025,UPI-FLIPKART-MISC-695642,3916.0,0.0,,Miscellaneous,12,499,Miscellaneous Ledger,UPI FLIPKART MISC
18-03-2026,UPI-GOOGLEPAY-MEDICAL BILL,0.0,1897.0,,Health & Medical,9,307,Medical Expense Ledger,UPI GOOGLEPAY MEDICAL BILL
17-03-2026,UPI-DMART-BROADBAND BILL,0.0,4263.0,,Utilities & Bills,7,305,Utilities Expense Ledger,UPI DMART BROADBAND BILL
05-02-2026,NEFT CR-SALARY-FREELANCE CLIENT,44025.0,0.0,,Salary Income,1,201,Salary Ledger,NEFT CR SALARY FREELANCE CLIENT
17-07-2025,UPI-PVR CINEMAS-LAB TESTS,0.0,3909.0,,Health & Medical,9,307,Medical Expense Ledger,UPI PVR CINEMAS LAB TESTS
19-08-2025,UPI-CREDCLUB-CRED PAYMENT-655146467,0.0,56668.0,,Credit Card Payment,11,401,Credit Card Payment Ledger,UPI CREDCLUB CRED PAYMENT
04-02-2026,UPI-NATURAL ICE CREAM-FOOD,0.0,506.0,,Groceries & Food,3,301,Groceries Expense Ledger,UPI NATURAL ICE CREAM FOOD
25-07-2025,APR JUL SALARY,67606.0,0.0,,Salary Income,1,201,Salary Ledger,APR JUL SALARY
01-06-2025,UPI-AMAZON INDIA-ONLINE SHOPPING,0.0,13103.0,,Shopping & Lifestyle,6,304,Shopping Expense Ledger,UPI AMAZON INDIA ONLINE SHOPPING
20-10-2025,ACH C- TATA POWER CO LTD DIVIDEND-149067,5395.0,0.0,,Investment Income,2,202,Investment Income Ledger,ACH C TATA POWER CO LTD DIVIDEND
07-03-2026,UPI-NATURAL ICE CREAM-COACHING FEES,0.0,8907.0,,Education & Books,10,308,Education Expense Ledger,UPI NATURAL ICE CREAM COACHING FEES
10-12-2025,UPI-OLA CABS-MEDICAL BILL,0.0,830.0,,Health & Medical,9,307,Medical Expense Ledger,UPI OLA CABS MEDICAL BILL
25-10-2025,RENT PAYMENT-623406,0.0,20721.0,,Rent & Housing,4,302,Rent Expense Ledger,RENT PAYMENT
06-05-2025,UPI-RELIANCE DIGITAL-MISC-238731,0.0,327.0,,Miscellaneous,12,499,Miscellaneous Ledger,UPI RELIANCE DIGITAL MISC
10-11-2025,UPI-RELIANCE DIGITAL-ELECTRICITY BILL,0.0,2609.0,,Utilities & Bills,7,305,Utilities Expense Ledger,UPI RELIANCE DIGITAL ELECTRICITY BILL
27-03-2026,UPI-SWIGGY-DOCTOR CONSULTATION,0.0,5713.0,,Health & Medical,9,307,Medical Expense Ledger,UPI SWIGGY DOCTOR CONSULTATION
21-05-2025,UPI-DOMINOS PIZZA-BREAKFAST,0.0,2364.0,,Groceries & Food,3,301,Groceries Expense Ledger,UPI DOMINOS PIZZA BREAKFAST
06-10-2025,UPI-CROSSWORD BOOKSTORE-CONCERT TICKETS,0.0,3531.0,,Entertainment,8,306,Entertainment Expense Ledger,UPI CROSSWORD BOOKSTORE CONCERT TICKETS
14-02-2026,UPI-NETFLIX-MISC-656718,0.0,2044.0,,Miscellaneous,12,499,Miscellaneous Ledger,UPI NETFLIX MISC
26-12-2025,BANK TRANSFER-HOUSE RENT-175451,0.0,40983.0,,Rent & Housing,4,302,Rent Expense Ledger,BANK TRANSFER HOUSE RENT
10-12-2025,UPI-AMAZON INDIA-DOCTOR CONSULTATION,0.0,2806.0,,Health & Medical,9,307,Medical Expense Ledger,UPI AMAZON INDIA DOCTOR CONSULTATION
12-12-2025,ACH C- RELIANCE INDUSTRIES DIVIDEND-593216,7813.0,0.0,,Investment Income,2,202,Investment Income Ledger,ACH C RELIANCE INDUSTRIES DIVIDEND
09-08-2025,ICICI BANK INTEREST CREDIT-860084,1996.0,0.0,,Investment Income,2,202,Investment Income Ledger,ICICI BANK INTEREST CREDIT
16-07-2025,UPI-APOLLO PHARMACY-CAB RIDE,0.0,7657.0,,Transport & Travel,5,303,Travel Expense Ledger,UPI APOLLO PHARMACY CAB RIDE
20-01-2026,UPI-NATURAL ICE CREAM-BREAKFAST,0.0,1039.0,,Groceries & Food,3,301,Groceries Expense Ledger,UPI NATURAL ICE CREAM BREAKFAST
20-01-2026,UPI-ZERODHA BROKING LTD-MISC-255344,0.0,542.0,,Miscellaneous,12,499,Miscellaneous Ledger,UPI ZERODHA BROKING LTD MISC
10-02-2026,CC BILL PAYMENT-709276766,0.0,48153.0,,Credit Card Payment,11,401,Credit Card Payment Ledger,CC BILL PAYMENT
27-02-2026,UPI-PVR CINEMAS-MISC-375011,11805.0,0.0,,Miscellaneous,12,499,Miscellaneous Ledger,UPI PVR CINEMAS MISC
04-10-2025,UPI-RELIANCE DIGITAL-FOOD,0.0,1325.0,,Groceries & Food,3,301,Groceries Expense Ledger,UPI RELIANCE DIGITAL FOOD
30-09-2025,UPI-IRCTC UTS-DOCTOR CONSULTATION,0.0,5651.0,,Health & Medical,9,307,Medical Expense Ledger,UPI IRCTC UTS DOCTOR CONSULTATION
16-01-2026,UPI-UBER-DOCTOR CONSULTATION,0.0,6617.0,,Health & Medical,9,307,Medical Expense Ledger,UPI UBER DOCTOR CONSULTATION
23-11-2025,UPI-RELIANCE DIGITAL-MOBILE BILL,0.0,1069.0,,Utilities & Bills,7,305,Utilities Expense Ledger,UPI RELIANCE DIGITAL MOBILE BILL
12-12-2025,UPI-CREDCLUB-ONLINE SHOPPING,0.0,819.0,,Shopping & Lifestyle,6,304,Shopping Expense Ledger,UPI CREDCLUB ONLINE SHOPPING
15-01-2026,NEFT CR-SALARY-TCS,69290.0,0.0,,Salary Income,1,201,Salary Ledger,NEFT CR SALARY TCS
18-02-2026,DIVIDEND CREDIT RELIANCE INDUSTRIES-316204,979.0,0.0,,Investment Income,2,202,Investment Income Ledger,DIVIDEND CREDIT RELIANCE INDUSTRIES
02-08-2025,UPI-AK JUICE CENTRE-COACHING FEES,0.0,8399.0,,Education & Books,10,308,Education Expense Ledger,UPI AK JUICE CENTRE COACHING FEES
15-08-2025,APR AUG SALARY,61542.0,0.0,,Salary Income,1,201,Salary Ledger,APR AUG SALARY
05-05-2025,BANK TRANSFER-HOUSE RENT-712181,0.0,36247.0,,Rent & Housing,4,302,Rent Expense Ledger,BANK TRANSFER HOUSE RENT
28-10-2025,UPI-FLIPKART-CLOTHING,0.0,12624.0,,Shopping & Lifestyle,6,304,Shopping Expense Ledger,UPI FLIPKART CLOTHING
14-04-2025,BANK TRANSFER-HOUSE RENT-381854,0.0,26020.0,,Rent & Housing,4,302,Rent Expense Ledger,BANK TRANSFER HOUSE RENT
17-09-2025,NEFT CR-CREDIT CARD BILL PAYMENT-407820283,0.0,25532.0,,Credit Card Payment,11,401,Credit Card Payment Ledger,NEFT CR CREDIT CARD BILL PAYMENT
15-10-2025,UPI-NATURAL ICE CREAM-GAMING,0.0,2469.0,,Entertainment,8,306,Entertainment Expense Ledger,UPI NATURAL ICE CREAM GAMING
14-07-2025,UPI-CREDCLUB-CRED PAYMENT-225283192,0.0,28413.0,,Credit Card Payment,11,401,Credit Card Payment Ledger,UPI CREDCLUB CRED PAYMENT
02-11-2025,UPI-FLIPKART-BREAKFAST,0.0,1726.0,,Groceries & Food,3,301,Groceries Expense Ledger,UPI FLIPKART BREAKFAST
12-04-2025,BANK TRANSFER-HOUSE RENT-664983,0.0,31816.0,,Rent & Housing,4,302,Rent Expense Ledger,BANK TRANSFER HOUSE RENT
14-04-2025,UPI-MYNTRA-MOBILE BILL,0.0,866.0,,Utilities & Bills,7,305,Utilities Expense Ledger,UPI MYNTRA MOBILE BILL
25-01-2026,APR JAN SALARY,60127.0,0.0,,Salary Income,1,201,Salary Ledger,APR JAN SALARY
10-08-2025,UPI-LENSKART-GAS CYLINDER PAYMENT,0.0,4024.0,,Utilities & Bills,7,305,Utilities Expense Ledger,UPI LENSKART GAS CYLINDER PAYMENT
17-05-2025,BANK TRANSFER-HOUSE RENT-468226,0.0,41396.0,,Rent & Housing,4,302,Rent Expense Ledger,BANK TRANSFER HOUSE RENT
08-10-2025,OCT 2025 SALARY CREDIT,60058.0,0.0,,Salary Income,1,201,Salary Ledger,OCT SALARY CREDIT
06-01-2026,SALARY CREDIT JAN 2026,85740.0,0.0,,Salary Income,1,201,Salary Ledger,SALARY CREDIT JAN
18-06-2025,RENT PAYMENT-428785,0.0,25076.0,,Rent & Housing,4,302,Rent Expense Ledger,RENT PAYMENT
13-11-2025,NEFT-RENT-901849,0.0,59313.0,,Rent & Housing,4,302,Rent Expense Ledger,NEFT RENT
02-05-2025,UPI-FLIPKART-ONLINE COURSE,0.0,3899.0,,Education & Books,10,308,Education Expense Ledger,UPI FLIPKART ONLINE COURSE
19-04-2025,UPI-CREDCLUB-CRED PAYMENT-254699641,0.0,10256.0,,Credit Card Payment,11,401,Credit Card Payment Ledger,UPI CREDCLUB CRED PAYMENT
11-10-2025,OCT 2025 SALARY CREDIT,61904.0,0.0,,Salary Income,1,201,Salary Ledger,OCT SALARY CREDIT
14-10-2025,UPI-AK JUICE CENTRE-MOVIE TICKETS,0.0,1872.0,,Entertainment,8,306,Entertainment Expense Ledger,UPI AK JUICE CENTRE MOVIE TICKETS
19-11-2025,CC BILL PAYMENT-862364564,0.0,3871.0,,Credit Card Payment,11,401,Credit Card Payment Ledger,CC BILL PAYMENT
21-12-2025,UPI-MYNTRA-FOOD,0.0,2379.0,,Groceries & Food,3,301,Groceries Expense Ledger,UPI MYNTRA FOOD
22-03-2026,UPI-AIRTEL PAYMENTS BANK-MISC-728889,14584.0,0.0,,Miscellaneous,12,499,Miscellaneous Ledger,UPI AIRTEL PAYMENTS BANK MISC
05-10-2025,AK JUICE CENTRE SUBSCRIPTION-799158,0.0,4600.0,,Entertainment,8,306,Entertainment Expense Ledger,AK JUICE CENTRE SUBSCRIPTION
27-07-2025,UPI-SPOTIFY-ONLINE COURSE,0.0,8475.0,,Education & Books,10,308,Education Expense Ledger,UPI SPOTIFY ONLINE COURSE
15-01-2026,NEFT-RENT-882215,0.0,43948.0,,Rent & Housing,4,302,Rent Expense Ledger,NEFT RENT
08-07-2025,UPI-PVR CINEMAS-DOCTOR CONSULTATION,0.0,1591.0,,Health & Medical,9,307,Medical Expense Ledger,UPI PVR CINEMAS DOCTOR CONSULTATION
07-09-2025,UPI-AK JUICE CENTRE-ELECTRICITY BILL,0.0,3171.0,,Utilities & Bills,7,305,Utilities Expense Ledger,UPI AK JUICE CENTRE ELECTRICITY BILL
29-04-2025,UPI-IRCTC UTS-ONLINE COURSE,0.0,470.0,,Education & Books,10,308,Education Expense Ledger,UPI IRCTC UTS ONLINE COURSE
10-04-2025,NEFT CR-SALARY-INFOSYS LIMITED,55042.0,0.0,,Salary Income,1,201,Salary Ledger,NEFT CR SALARY INFOSYS LIMITED
17-03-2026,UPI-FLIPKART-CONCERT TICKETS,0.0,3707.0,,Entertainment,8,306,Entertainment Expense Ledger,UPI FLIPKART CONCERT TICKETS
30-01-2026,UPI-NETFLIX-LUNCH,0.0,339.0,,Groceries & Food,3,301,Groceries Expense Ledger,UPI NETFLIX LUNCH
10-12-2025,UPI-UBER-WATER BILL,0.0,3452.0,,Utilities & Bills,7,305,Utilities Expense Ledger,UPI UBER WATER BILL
27-08-2025,OLA CABS PAYMENT-100049976,0.0,5058.0,,Transport & Travel,5,303,Travel Expense Ledger,OLA CABS PAYMENT
03-06-2025,UPI-GOOGLEPAY-PHARMACY,0.0,899.0,,Health & Medical,9,307,Medical Expense Ledger,UPI GOOGLEPAY PHARMACY
27-05-2025,UPI-NATURAL ICE CREAM-CAB RIDE,0.0,12188.0,,Transport & Travel,5,303,Travel Expense Ledger,UPI NATURAL ICE CREAM CAB RIDE
01-07-2025,UPI-LENSKART-CLOTHING,0.0,19740.0,,Shopping & Lifestyle,6,304,Shopping Expense Ledger,UPI LENSKART CLOTHING
17-10-2025,UPI-STARBUCKS-FOOD,0.0,433.0,,Groceries & Food,3,301,Groceries Expense Ledger,UPI STARBUCKS FOOD
17-12-2025,BANK TRANSFER-HOUSE RENT-251538,0.0,20251.0,,Rent & Housing,4,302,Rent Expense Ledger,BANK TRANSFER HOUSE RENT
27-11-2025,NEFT-RENT-253484,0.0,27624.0,,Rent & Housing,4,302,Rent Expense Ledger,NEFT RENT
11-07-2025,UPI-IRCTC UTS-MOBILE BILL,0.0,2049.0,,Utilities & Bills,7,305,Utilities Expense Ledger,UPI IRCTC UTS MOBILE BILL
14-03-2026,UPI-MYNTRA-DOCTOR CONSULTATION,0.0,1335.0,,Health & Medical,9,307,Medical Expense Ledger,UPI MYNTRA DOCTOR CONSULTATION
25-12-2025,UPI-CROSSWORD BOOKSTORE-LAB TESTS,0.0,7749.0,,Health & Medical,9,307,Medical Expense Ledger,UPI CROSSWORD BOOKSTORE LAB TESTS
19-10-2025,UPI-STARBUCKS-CLOTHING,0.0,12014.0,,Shopping & Lifestyle,6,304,Shopping Expense Ledger,UPI STARBUCKS CLOTHING
09-11-2025,UPI-IRCTC UTS-TICKET-436965178,0.0,2091.0,,Transport & Travel,5,303,Travel Expense Ledger,UPI IRCTC UTS TICKET
31-08-2025,UPI-FLIPKART-MOBILE BILL,0.0,2022.0,,Utilities & Bills,7,305,Utilities Expense Ledger,UPI FLIPKART MOBILE BILL
30-06-2025,CC BILL PAYMENT-175575549,0.0,31881.0,,Credit Card Payment,11,401,Credit Card Payment Ledger,CC BILL PAYMENT
08-08-2025,UPI-FLIPKART-DOCTOR CONSULTATION,0.0,1176.0,,Health & Medical,9,307,Medical Expense Ledger,UPI FLIPKART DOCTOR CONSULTATION
01-01-2026,UPI-PVR CINEMAS-ELECTRONICS,0.0,3032.0,,Shopping & Lifestyle,6,304,Shopping Expense Ledger,UPI PVR CINEMAS ELECTRONICS
06-04-2025,NEFT-RENT-351514,0.0,21422.0,,Rent & Housing,4,302,Rent Expense Ledger,NEFT RENT
13-05-2025,UPI-IRCTC UTS-TICKET-995456446,0.0,11208.0,,Transport & Travel,5,303,Travel Expense Ledger,UPI IRCTC UTS TICKET
17-04-2025,UPI-NETFLIX-LAB TESTS,0.0,2810.0,,Health & Medical,9,307,Medical Expense Ledger,UPI NETFLIX LAB TESTS
15-04-2025,UPI-CREDCLUB-LAB TESTS,0.0,5190.0,,Health & Medical,9,307,Medical Expense Ledger,UPI CREDCLUB LAB TESTS
06-02-2026,UPI-AIRTEL PAYMENTS BANK-CONCERT TICKETS,0.0,3954.0,,Entertainment,8,306,Entertainment Expense Ledger,UPI AIRTEL PAYMENTS BANK CONCERT TICKETS
13-12-2025,POS-AIRTEL PAYMENTS BANK-MALL PURCHASE,0.0,19656.0,,Shopping & Lifestyle,6,304,Shopping Expense Ledger,POS AIRTEL PAYMENTS BANK MALL PURCHASE
20-09-2025,UPI-AMAZON INDIA-PHARMACY,0.0,3864.0,,Health & Medical,9,307,Medical Expense Ledger,UPI AMAZON INDIA PHARMACY
06-05-2025,UPI-GOOGLEPAY-PHARMACY,0.0,5460.0,,Health & Medical,9,307,Medical Expense Ledger,UPI GOOGLEPAY PHARMACY
26-09-2025,NEFT-RENT-494754,0.0,50291.0,,Rent & Housing,4,302,Rent Expense Ledger,NEFT RENT
20-09-2025,SALARY CREDIT SEP 2025,81520.0,0.0,,Salary Income,1,201,Salary Ledger,SALARY CREDIT SEP
03-06-2025,UPI-NETFLIX-ELECTRICITY BILL,0.0,4487.0,,Utilities & Bills,7,305,Utilities Expense Ledger,UPI NETFLIX ELECTRICITY BILL
05-09-2025,UPI-AK JUICE CENTRE-JUICE,0.0,1547.0,,Groceries & Food,3,301,Groceries Expense Ledger,UPI AK JUICE CENTRE JUICE
24-08-2025,DIVIDEND CREDIT TCS LIMITED-595010,8610.0,0.0,,Investment Income,2,202,Investment Income Ledger,DIVIDEND CREDIT TCS LIMITED
11-11-2025,ZERODHA BROKING LTD SUBSCRIPTION-281517,0.0,4273.0,,Entertainment,8,306,Entertainment Expense Ledger,ZERODHA BROKING LTD SUBSCRIPTION
18-11-2025,DIVIDEND CREDIT TCS LIMITED-713079,4846.0,0.0,,Investment Income,2,202,Investment Income Ledger,DIVIDEND CREDIT TCS LIMITED
17-04-2025,UPI-CREDCLUB-CRED PAYMENT-247276768,0.0,71533.0,,Credit Card Payment,11,401,Credit Card Payment Ledger,UPI CREDCLUB CRED PAYMENT
15-08-2025,NEFT CR-SALARY-TCS,78055.0,0.0,,Salary Income,1,201,Salary Ledger,NEFT CR SALARY TCS
14-11-2025,SALARY CREDIT NOV 2025,79194.0,0.0,,Salary Income,1,201,Salary Ledger,SALARY CREDIT NOV
01-10-2025,UPI-BHARGAV SANDEEP DESAI-CONCERT TICKETS,0.0,4720.0,,Entertainment,8,306,Entertainment Expense Ledger,UPI BHARGAV SANDEEP DESAI CONCERT TICKETS
06-02-2026,UPI-FLIPKART-MISC-942840,0.0,3713.0,,Miscellaneous,12,499,Miscellaneous Ledger,UPI FLIPKART MISC
26-11-2025,RENT PAYMENT-715937,0.0,24835.0,,Rent & Housing,4,302,Rent Expense Ledger,RENT PAYMENT
30-05-2025,UPI-DMART-GAMING,0.0,3193.0,,Entertainment,8,306,Entertainment Expense Ledger,UPI DMART GAMING
26-04-2025,OLA CABS SUBSCRIPTION-505105,0.0,2666.0,,Entertainment,8,306,Entertainment Expense Ledger,OLA CABS SUBSCRIPTION
20-11-2025,UPI-SPOTIFY-GAS CYLINDER PAYMENT,0.0,4890.0,,Utilities & Bills,7,305,Utilities Expense Ledger,UPI SPOTIFY GAS CYLINDER PAYMENT
10-04-2025,NEFT-RENT-231184,0.0,45327.0,,Rent & Housing,4,302,Rent Expense Ledger,NEFT RENT
31-10-2025,UPI-IRCTC UTS-MISC-852922,0.0,3247.0,,Miscellaneous,12,499,Miscellaneous Ledger,UPI IRCTC UTS MISC
09-03-2026,UPI-IRCTC UTS-MISC-241880,1474.0,0.0,,Miscellaneous,12,499,Miscellaneous Ledger,UPI IRCTC UTS MISC
27-10-2025,UPI-OLA CABS-MISC-393946,7039.0,0.0,,Miscellaneous,12,499,Miscellaneous Ledger,UPI OLA CABS MISC
20-08-2025,AUG 2025 SALARY CREDIT,70013.0,0.0,,Salary Income,1,201,Salary Ledger,AUG SALARY CREDIT
21-11-2025,UPI-CREDCLUB-BREAKFAST,0.0,775.0,,Groceries & Food,3,301,Groceries Expense Ledger,UPI CREDCLUB BREAKFAST
14-09-2025,UPI-SWIGGY-ELECTRICITY BILL,0.0,651.0,,Utilities & Bills,7,305,Utilities Expense Ledger,UPI SWIGGY ELECTRICITY BILL
16-10-2025,RENT PAYMENT-967918,0.0,11765.0,,Rent & Housing,4,302,Rent Expense Ledger,RENT PAYMENT
09-03-2026,UPI-STARBUCKS-GAS CYLINDER PAYMENT,0.0,1749.0,,Utilities & Bills,7,305,Utilities Expense Ledger,UPI STARBUCKS GAS CYLINDER PAYMENT
19-08-2025,UPI-DMART-MOVIE TICKETS,0.0,2861.0,,Entertainment,8,306,Entertainment Expense Ledger,UPI DMART MOVIE TICKETS
16-03-2026,UPI-FLIPKART-BOOKS,0.0,5893.0,,Education & Books,10,308,Education Expense Ledger,UPI FLIPKART BOOKS
24-02-2026,FEB 2026 SALARY CREDIT,50561.0,0.0,,Salary Income,1,201,Salary Ledger,FEB SALARY CREDIT
11-06-2025,UPI-IRCTC UTS-TICKET-915250513,0.0,13823.0,,Transport & Travel,5,303,Travel Expense Ledger,UPI IRCTC UTS TICKET
26-04-2025,UPI-ZOMATO-BOOKS,0.0,4002.0,,Education & Books,10,308,Education Expense Ledger,UPI ZOMATO BOOKS
07-05-2025,UPI-CREDCLUB-MOBILE BILL,0.0,2634.0,,Utilities & Bills,7,305,Utilities Expense Ledger,UPI CREDCLUB MOBILE BILL
07-04-2025,UPI-CREDCLUB-LAB TESTS,0.0,6122.0,,Health & Medical,9,307,Medical Expense Ledger,UPI CREDCLUB LAB TESTS
05-05-2025,UPI-RELIANCE DIGITAL-MISC-622154,10875.0,0.0,,Miscellaneous,12,499,Miscellaneous Ledger,UPI RELIANCE DIGITAL MISC
05-12-2025,UPI-CROSSWORD BOOKSTORE-GAS CYLINDER PAYMENT,0.0,3566.0,,Utilities & Bills,7,305,Utilities Expense Ledger,UPI CROSSWORD BOOKSTORE GAS CYLINDER PAYMENT
26-04-2025,UPI-STARBUCKS-SHOPPING,0.0,16546.0,,Shopping & Lifestyle,6,304,Shopping Expense Ledger,UPI STARBUCKS SHOPPING
26-07-2025,RENT PAYMENT-389134,0.0,37267.0,,Rent & Housing,4,302,Rent Expense Ledger,RENT PAYMENT
02-02-2026,INFOSYS LIMITED INTEREST CREDIT-789870,2899.0,0.0,,Investment Income,2,202,Investment Income Ledger,INFOSYS LIMITED INTEREST CREDIT
09-04-2025,UPI-CREDCLUB-CRED PAYMENT-987468512,0.0,4849.0,,Credit Card Payment,11,401,Credit Card Payment Ledger,UPI CREDCLUB CRED PAYMENT
22-01-2026,UPI-AK JUICE CENTRE-ONLINE SHOPPING,0.0,13232.0,,Shopping & Lifestyle,6,304,Shopping Expense Ledger,UPI AK JUICE CENTRE ONLINE SHOPPING
12-07-2025,NEFT CR-CREDIT CARD BILL PAYMENT-598626972,0.0,52707.0,,Credit Card Payment,11,401,Credit Card Payment Ledger,NEFT CR CREDIT CARD BILL PAYMENT
14-05-2025,RENT PAYMENT-928569,0.0,17280.0,,Rent & Housing,4,302,Rent Expense Ledger,RENT PAYMENT
10-12-2025,UPI-CROSSWORD BOOKSTORE-MEDICAL BILL,0.0,6609.0,,Health & Medical,9,307,Medical Expense Ledger,UPI CROSSWORD BOOKSTORE MEDICAL BILL
15-11-2025,UPI-CREDCLUB-CRED PAYMENT-970300538,0.0,3994.0,,Credit Card Payment,11,401,Credit Card Payment Ledger,UPI CREDCLUB CRED PAYMENT
14-02-2026,UPI-CREDCLUB-CONCERT TICKETS,0.0,1913.0,,Entertainment,8,306,Entertainment Expense Ledger,UPI CREDCLUB CONCERT TICKETS
24-12-2025,UPI-ZERODHA BROKING LTD-LAB TESTS,0.0,6324.0,,Health & Medical,9,307,Medical Expense Ledger,UPI ZERODHA BROKING LTD LAB TESTS
18-01-2026,SALARY CREDIT JAN 2026,77164.0,0.0,,Salary Income,1,201,Salary Ledger,SALARY CREDIT JAN
12-07-2025,UPI-ZERODHA BROKING LTD-DOCTOR CONSULTATION,0.0,7531.0,,Health & Medical,9,307,Medical Expense Ledger,UPI ZERODHA BROKING LTD DOCTOR CONSULTATION
04-06-2025,UPI-GOOGLEPAY-COACHING FEES,0.0,2293.0,,Education & Books,10,308,Education Expense Ledger,UPI GOOGLEPAY COACHING FEES
30-12-2025,POS-SPOTIFY-MALL PURCHASE,0.0,11096.0,,Shopping & Lifestyle,6,304,Shopping Expense Ledger,POS SPOTIFY MALL PURCHASE
19-01-2026,CC BILL PAYMENT-701540339,0.0,79513.0,,Credit Card Payment,11,401,Credit Card Payment Ledger,CC BILL PAYMENT
27-03-2026,CC BILL PAYMENT-345626264,0.0,51516.0,,Credit Card Payment,11,401,Credit Card Payment Ledger,CC BILL PAYMENT
29-08-2025,UPI-AMAZON INDIA-MISC-755258,0.0,12704.0,,Miscellaneous,12,499,Miscellaneous Ledger,UPI AMAZON INDIA MISC
14-08-2025,UPI-NETFLIX-STATIONERY,0.0,3162.0,,Education & Books,10,308,Education Expense Ledger,UPI NETFLIX STATIONERY
08-01-2026,NEFT CR-CREDIT CARD BILL PAYMENT-976279276,0.0,76945.0,,Credit Card Payment,11,401,Credit Card Payment Ledger,NEFT CR CREDIT CARD BILL PAYMENT
03-08-2025,UPI-DOMINOS PIZZA-MOVIE TICKETS,0.0,2186.0,,Entertainment,8,306,Entertainment Expense Ledger,UPI DOMINOS PIZZA MOVIE TICKETS
05-03-2026,RENT PAYMENT-160128,0.0,45887.0,,Rent & Housing,4,302,Rent Expense Ledger,RENT PAYMENT
07-02-2026,UPI-BIG BAZAAR-MEDICAL BILL,0.0,5685.0,,Health & Medical,9,307,Medical Expense Ledger,UPI BIG BAZAAR MEDICAL BILL
04-09-2025,INFOSYS LIMITED INTEREST CREDIT-153053,8302.0,0.0,,Investment Income,2,202,Investment Income Ledger,INFOSYS LIMITED INTEREST CREDIT
30-12-2025,UPI-PVR CINEMAS-ONLINE COURSE,0.0,1384.0,,Education & Books,10,308,Education Expense Ledger,UPI PVR CINEMAS ONLINE COURSE
31-12-2025,DIVIDEND CREDIT ICICI BANK-953329,1679.0,0.0,,Investment Income,2,202,Investment Income Ledger,DIVIDEND CREDIT ICICI BANK
08-05-2025,UPI-SWIGGY-ELECTRONICS,0.0,4570.0,,Shopping & Lifestyle,6,304,Shopping Expense Ledger,UPI SWIGGY ELECTRONICS
23-02-2026,UPI-FLIPKART-GAMING,0.0,3857.0,,Entertainment,8,306,Entertainment Expense Ledger,UPI FLIPKART GAMING
01-10-2025,SALARY CREDIT OCT 2025,41014.0,0.0,,Salary Income,1,201,Salary Ledger,SALARY CREDIT OCT
26-01-2026,FLIPKART SUBSCRIPTION-123248,0.0,790.0,,Entertainment,8,306,Entertainment Expense Ledger,FLIPKART SUBSCRIPTION
26-07-2025,UPI-BIG BAZAAR-PHARMACY,0.0,2756.0,,Health & Medical,9,307,Medical Expense Ledger,UPI BIG BAZAAR PHARMACY
20-02-2026,UPI-ZERODHA BROKING LTD-MEDICAL BILL,0.0,494.0,,Health & Medical,9,307,Medical Expense Ledger,UPI ZERODHA BROKING LTD MEDICAL BILL
20-08-2025,UPI-DOMINOS PIZZA-ONLINE SHOPPING,0.0,18457.0,,Shopping & Lifestyle,6,304,Shopping Expense Ledger,UPI DOMINOS PIZZA ONLINE SHOPPING
04-04-2025,ASIAN PAINTS LTD INTEREST CREDIT-577177,8686.0,0.0,,Investment Income,2,202,Investment Income Ledger,ASIAN PAINTS LTD INTEREST CREDIT
24-02-2026,BIG BAZAAR SUBSCRIPTION-105668,0.0,2567.0,,Entertainment,8,306,Entertainment Expense Ledger,BIG BAZAAR SUBSCRIPTION
04-05-2025,UPI-STARBUCKS-MISC-897183,7747.0,0.0,,Miscellaneous,12,499,Miscellaneous Ledger,UPI STARBUCKS MISC
26-07-2025,UPI-CREDCLUB-CRED PAYMENT-319241219,0.0,8352.0,,Credit Card Payment,11,401,Credit Card Payment Ledger,UPI CREDCLUB CRED PAYMENT
12-03-2026,UPI-BIG BAZAAR-CLOTHING,0.0,8526.0,,Shopping & Lifestyle,6,304,Shopping Expense Ledger,UPI BIG BAZAAR CLOTHING
13-03-2026,UPI-CROSSWORD BOOKSTORE-ELECTRONICS,0.0,8203.0,,Shopping & Lifestyle,6,304,Shopping Expense Ledger,UPI CROSSWORD BOOKSTORE ELECTRONICS
26-10-2025,NEFT CR-SALARY-WIPRO,65398.0,0.0,,Salary Income,1,201,Salary Ledger,NEFT CR SALARY WIPRO
16-11-2025,UPI-GOOGLEPAY-SHOPPING,0.0,8512.0,,Shopping & Lifestyle,6,304,Shopping Expense Ledger,UPI GOOGLEPAY SHOPPING
11-09-2025,UPI-IRCTC UTS-CLOTHING,0.0,13852.0,,Shopping & Lifestyle,6,304,Shopping Expense Ledger,UPI IRCTC UTS CLOTHING
16-07-2025,SALARY CREDIT JUL 2025,75529.0,0.0,,Salary Income,1,201,Salary Ledger,SALARY CREDIT JUL
29-07-2025,DIVIDEND CREDIT TCS LIMITED-771314,2718.0,0.0,,Investment Income,2,202,Investment Income Ledger,DIVIDEND CREDIT TCS LIMITED
01-12-2025,UPI-ZERODHA BROKING LTD-BREAKFAST,0.0,1013.0,,Groceries & Food,3,301,Groceries Expense Ledger,UPI ZERODHA BROKING LTD BREAKFAST
30-12-2025,RENT PAYMENT-585687,0.0,10187.0,,Rent & Housing,4,302,Rent Expense Ledger,RENT PAYMENT
14-01-2026,UPI-DOMINOS PIZZA-BOOKS,0.0,3806.0,,Education & Books,10,308,Education Expense Ledger,UPI DOMINOS PIZZA BOOKS
13-01-2026,UPI-SWIGGY-BOOKS,0.0,4127.0,,Education & Books,10,308,Education Expense Ledger,UPI SWIGGY BOOKS
04-05-2025,UPI-AK JUICE CENTRE-BROADBAND BILL,0.0,2791.0,,Utilities & Bills,7,305,Utilities Expense Ledger,UPI AK JUICE CENTRE BROADBAND BILL
27-09-2025,UPI-RELIANCE DIGITAL-COACHING FEES,0.0,1400.0,,Education & Books,10,308,Education Expense Ledger,UPI RELIANCE DIGITAL COACHING FEES
21-04-2025,UPI-NETFLIX-ELECTRICITY BILL,0.0,3095.0,,Utilities & Bills,7,305,Utilities Expense Ledger,UPI NETFLIX ELECTRICITY BILL
18-10-2025,UPI-IRCTC UTS-TICKET-329227506,0.0,7072.0,,Transport & Travel,5,303,Travel Expense Ledger,UPI IRCTC UTS TICKET
08-09-2025,UPI-STARBUCKS-LUNCH,0.0,711.0,,Groceries & Food,3,301,Groceries Expense Ledger,UPI STARBUCKS LUNCH
18-02-2026,UPI-IRCTC UTS-TICKET-567139030,0.0,186.0,,Transport & Travel,5,303,Travel Expense Ledger,UPI IRCTC UTS TICKET
06-08-2025,UPI-UBER-BREAKFAST,0.0,1358.0,,Groceries & Food,3,301,Groceries Expense Ledger,UPI UBER BREAKFAST
13-05-2025,RENT PAYMENT-809676,0.0,58799.0,,Rent & Housing,4,302,Rent Expense Ledger,RENT PAYMENT
23-05-2025,SALARY CREDIT MAY 2025,84278.0,0.0,,Salary Income,1,201,Salary Ledger,SALARY CREDIT MAY
03-01-2026,CRISIL LIMITED INTEREST CREDIT-769277,8726.0,0.0,,Investment Income,2,202,Investment Income Ledger,CRISIL LIMITED INTEREST CREDIT
12-11-2025,UPI-NETFLIX-SHOPPING,0.0,13245.0,,Shopping & Lifestyle,6,304,Shopping Expense Ledger,UPI NETFLIX SHOPPING
07-05-2025,CC BILL PAYMENT-621818745,0.0,73617.0,,Credit Card Payment,11,401,Credit Card Payment Ledger,CC BILL PAYMENT
01-05-2025,UPI-CREDCLUB-STATIONERY,0.0,8506.0,,Education & Books,10,308,Education Expense Ledger,UPI CREDCLUB STATIONERY
12-12-2025,UPI-BIG BAZAAR-LAB TESTS,0.0,5553.0,,Health & Medical,9,307,Medical Expense Ledger,UPI BIG BAZAAR LAB TESTS
27-04-2025,UPI-STARBUCKS-GAS CYLINDER PAYMENT,0.0,2494.0,,Utilities & Bills,7,305,Utilities Expense Ledger,UPI STARBUCKS GAS CYLINDER PAYMENT
25-01-2026,UPI-AMAZON INDIA-MISC-115534,5833.0,0.0,,Miscellaneous,12,499,Miscellaneous Ledger,UPI AMAZON INDIA MISC
14-12-2025,APR DEC SALARY,59389.0,0.0,,Salary Income,1,201,Salary Ledger,APR DEC SALARY
30-04-2025,UPI-ZERODHA BROKING LTD-DINNER,0.0,2427.0,,Groceries & Food,3,301,Groceries Expense Ledger,UPI ZERODHA BROKING LTD DINNER
01-05-2025,ACH C- ASIAN PAINTS LTD DIVIDEND-406081,5668.0,0.0,,Investment Income,2,202,Investment Income Ledger,ACH C ASIAN PAINTS LTD DIVIDEND
26-03-2026,SALARY CREDIT MAR 2026,68916.0,0.0,,Salary Income,1,201,Salary Ledger,SALARY CREDIT MAR
15-08-2025,UPI-NETFLIX-MOBILE BILL,0.0,2887.0,,Utilities & Bills,7,305,Utilities Expense Ledger,UPI NETFLIX MOBILE BILL
13-08-2025,UPI-NETFLIX-MOBILE BILL,0.0,1548.0,,Utilities & Bills,7,305,Utilities Expense Ledger,UPI NETFLIX MOBILE BILL
21-01-2026,UPI-NETFLIX-DINNER,0.0,1080.0,,Groceries & Food,3,301,Groceries Expense Ledger,UPI NETFLIX DINNER
11-03-2026,UPI-NETFLIX-ELECTRICITY BILL,0.0,1020.0,,Utilities & Bills,7,305,Utilities Expense Ledger,UPI NETFLIX ELECTRICITY BILL
25-03-2026,APR MAR SALARY,79082.0,0.0,,Salary Income,1,201,Salary Ledger,APR MAR SALARY
31-12-2025,UPI-PVR CINEMAS-DINNER,0.0,2076.0,,Groceries & Food,3,301,Groceries Expense Ledger,UPI PVR CINEMAS DINNER
15-08-2025,UPI-AMAZON INDIA-LAB TESTS,0.0,4093.0,,Health & Medical,9,307,Medical Expense Ledger,UPI AMAZON INDIA LAB TESTS
01-05-2025,UPI-DMART-MOVIE TICKETS,0.0,1947.0,,Entertainment,8,306,Entertainment Expense Ledger,UPI DMART MOVIE TICKETS
08-01-2026,UPI-MYNTRA-LAB TESTS,0.0,2746.0,,Health & Medical,9,307,Medical Expense Ledger,UPI MYNTRA LAB TESTS
21-10-2025,UPI-MYNTRA-CLOTHING,0.0,4016.0,,Shopping & Lifestyle,6,304,Shopping Expense Ledger,UPI MYNTRA CLOTHING
02-09-2025,UPI-SWIGGY-LUNCH,0.0,1011.0,,Groceries & Food,3,301,Groceries Expense Ledger,UPI SWIGGY LUNCH
24-02-2026,UPI-APOLLO PHARMACY-BREAKFAST,0.0,188.0,,Groceries & Food,3,301,Groceries Expense Ledger,UPI APOLLO PHARMACY BREAKFAST
11-05-2025,UPI-MYNTRA-PHARMACY,0.0,1455.0,,Health & Medical,9,307,Medical Expense Ledger,UPI MYNTRA PHARMACY
27-09-2025,ASIAN PAINTS LTD INTEREST CREDIT-102763,3769.0,0.0,,Investment Income,2,202,Investment Income Ledger,ASIAN PAINTS LTD INTEREST CREDIT
05-04-2025,UPI-CROSSWORD BOOKSTORE-LAB TESTS,0.0,6191.0,,Health & Medical,9,307,Medical Expense Ledger,UPI CROSSWORD BOOKSTORE LAB TESTS
18-09-2025,UPI-SWIGGY-MISC-268017,14501.0,0.0,,Miscellaneous,12,499,Miscellaneous Ledger,UPI SWIGGY MISC
21-04-2025,ACH C- ASIAN PAINTS LTD DIVIDEND-626670,6526.0,0.0,,Investment Income,2,202,Investment Income Ledger,ACH C ASIAN PAINTS LTD DIVIDEND
14-05-2025,NEFT-RENT-585097,0.0,30463.0,,Rent & Housing,4,302,Rent Expense Ledger,NEFT RENT
13-05-2025,UPI-STARBUCKS-FOOD,0.0,1924.0,,Groceries & Food,3,301,Groceries Expense Ledger,UPI STARBUCKS FOOD
23-11-2025,UPI-LENSKART-CONCERT TICKETS,0.0,2721.0,,Entertainment,8,306,Entertainment Expense Ledger,UPI LENSKART CONCERT TICKETS
28-12-2025,UPI-BIG BAZAAR-ONLINE COURSE,0.0,6439.0,,Education & Books,10,308,Education Expense Ledger,UPI BIG BAZAAR ONLINE COURSE
30-10-2025,ACH C- HDFC BANK DIVIDEND-901115,9327.0,0.0,,Investment Income,2,202,Investment Income Ledger,ACH C HDFC BANK DIVIDEND
17-03-2026,UPI-CROSSWORD BOOKSTORE-MISC-416463,1555.0,0.0,,Miscellaneous,12,499,Miscellaneous Ledger,UPI CROSSWORD BOOKSTORE MISC
15-08-2025,UPI-AMAZON INDIA-LAB TESTS,0.0,2155.0,,Health & Medical,9,307,Medical Expense Ledger,UPI AMAZON INDIA LAB TESTS
13-07-2025,UPI-PVR CINEMAS-BOOKS,0.0,6657.0,,Education & Books,10,308,Education Expense Ledger,UPI PVR CINEMAS BOOKS
11-02-2026,UPI-LENSKART-MOBILE BILL,0.0,1703.0,,Utilities & Bills,7,305,Utilities Expense Ledger,UPI LENSKART MOBILE BILL
21-06-2025,APR JUN SALARY,84386.0,0.0,,Salary Income,1,201,Salary Ledger,APR JUN SALARY
17-03-2026,UPI-AMAZON INDIA-MISC-266782,0.0,3662.0,,Miscellaneous,12,499,Miscellaneous Ledger,UPI AMAZON INDIA MISC
05-04-2025,UPI-NETFLIX-MISC-848943,1975.0,0.0,,Miscellaneous,12,499,Miscellaneous Ledger,UPI NETFLIX MISC
20-03-2026,UPI-DOMINOS PIZZA-GAS CYLINDER PAYMENT,0.0,1190.0,,Utilities & Bills,7,305,Utilities Expense Ledger,UPI DOMINOS PIZZA GAS CYLINDER PAYMENT
16-04-2025,UPI-IRCTC UTS-COACHING FEES,0.0,9195.0,,Education & Books,10,308,Education Expense Ledger,UPI IRCTC UTS COACHING FEES
19-02-2026,UPI-ZOMATO-CAB RIDE,0.0,9785.0,,Transport & Travel,5,303,Travel Expense Ledger,UPI ZOMATO CAB RIDE
10-10-2025,CC BILL PAYMENT-896170040,0.0,33821.0,,Credit Card Payment,11,401,Credit Card Payment Ledger,CC BILL PAYMENT
28-03-2026,ZOMATO SUBSCRIPTION-735274,0.0,1054.0,,Entertainment,8,306,Entertainment Expense Ledger,ZOMATO SUBSCRIPTION
27-04-2025,APR 2025 SALARY CREDIT,58945.0,0.0,,Salary Income,1,201,Salary Ledger,APR SALARY CREDIT
19-10-2025,UPI-NETFLIX-DINNER,0.0,907.0,,Groceries & Food,3,301,Groceries Expense Ledger,UPI NETFLIX DINNER
19-03-2026,UPI-GOOGLEPAY-ONLINE SHOPPING,0.0,10944.0,,Shopping & Lifestyle,6,304,Shopping Expense Ledger,UPI GOOGLEPAY ONLINE SHOPPING
08-10-2025,UPI-SWIGGY-LUNCH,0.0,2158.0,,Groceries & Food,3,301,Groceries Expense Ledger,UPI SWIGGY LUNCH
16-11-2025,UPI-SWIGGY-MISC-821818,12230.0,0.0,,Miscellaneous,12,499,Miscellaneous Ledger,UPI SWIGGY MISC
10-12-2025,BANK TRANSFER-HOUSE RENT-752873,0.0,35526.0,,Rent & Housing,4,302,Rent Expense Ledger,BANK TRANSFER HOUSE RENT
13-09-2025,UPI-UBER-WATER BILL,0.0,1174.0,,Utilities & Bills,7,305,Utilities Expense Ledger,UPI UBER WATER BILL
15-11-2025,UPI-IRCTC UTS-MOBILE BILL,0.0,1563.0,,Utilities & Bills,7,305,Utilities Expense Ledger,UPI IRCTC UTS MOBILE BILL
30-10-2025,NEFT-RENT-915495,0.0,8203.0,,Rent & Housing,4,302,Rent Expense Ledger,NEFT RENT
23-02-2026,NEFT CR-SALARY-WIPRO,43748.0,0.0,,Salary Income,1,201,Salary Ledger,NEFT CR SALARY WIPRO
17-04-2025,UPI-BHARGAV SANDEEP DESAI-CLOTHING,0.0,15428.0,,Shopping & Lifestyle,6,304,Shopping Expense Ledger,UPI BHARGAV SANDEEP DESAI CLOTHING
12-07-2025,UPI-PVR CINEMAS-CAB RIDE,0.0,2975.0,,Transport & Travel,5,303,Travel Expense Ledger,UPI PVR CINEMAS CAB RIDE
12-03-2026,UPI-OLA CABS-PHARMACY,0.0,2303.0,,Health & Medical,9,307,Medical Expense Ledger,UPI OLA CABS PHARMACY
19-02-2026,UPI-SWIGGY-CONCERT TICKETS,0.0,4650.0,,Entertainment,8,306,Entertainment Expense Ledger,UPI SWIGGY CONCERT TICKETS
13-09-2025,ACH C- ASIAN PAINTS LTD DIVIDEND-317980,2428.0,0.0,,Investment Income,2,202,Investment Income Ledger,ACH C ASIAN PAINTS LTD DIVIDEND
12-11-2025,UPI-LENSKART-ONLINE SHOPPING,0.0,2935.0,,Shopping & Lifestyle,6,304,Shopping Expense Ledger,UPI LENSKART ONLINE SHOPPING
10-07-2025,UPI-FLIPKART-MISC-543842,8540.0,0.0,,Miscellaneous,12,499,Miscellaneous Ledger,UPI FLIPKART MISC
08-06-2025,CC BILL PAYMENT-273305486,0.0,47754.0,,Credit Card Payment,11,401,Credit Card Payment Ledger,CC BILL PAYMENT
16-09-2025,SALARY CREDIT SEP 2025,75618.0,0.0,,Salary Income,1,201,Salary Ledger,SALARY CREDIT SEP
07-08-2025,NEFT CR-CREDIT CARD BILL PAYMENT-384243914,0.0,71130.0,,Credit Card Payment,11,401,Credit Card Payment Ledger,NEFT CR CREDIT CARD BILL PAYMENT
30-10-2025,UPI-STARBUCKS-MISC-357438,0.0,13665.0,,Miscellaneous,12,499,Miscellaneous Ledger,UPI STARBUCKS MISC
29-04-2025,UPI-AK JUICE CENTRE-MOVIE TICKETS,0.0,213.0,,Entertainment,8,306,Entertainment Expense Ledger,UPI AK JUICE CENTRE MOVIE TICKETS
21-03-2026,UPI-RELIANCE DIGITAL-GAS CYLINDER PAYMENT,0.0,4039.0,,Utilities & Bills,7,305,Utilities Expense Ledger,UPI RELIANCE DIGITAL GAS CYLINDER PAYMENT
25-03-2026,UPI-DOMINOS PIZZA-BREAKFAST,0.0,564.0,,Groceries & Food,3,301,Groceries Expense Ledger,UPI DOMINOS PIZZA BREAKFAST
11-12-2025,UPI-MYNTRA-BOOKS,0.0,267.0,,Education & Books,10,308,Education Expense Ledger,UPI MYNTRA BOOKS
13-10-2025,NEFT CR-CREDIT CARD BILL PAYMENT-694575932,0.0,37289.0,,Credit Card Payment,11,401,Credit Card Payment Ledger,NEFT CR CREDIT CARD BILL PAYMENT
22-07-2025,CC BILL PAYMENT-608570454,0.0,57984.0,,Credit Card Payment,11,401,Credit Card Payment Ledger,CC BILL PAYMENT
22-01-2026,CREDCLUB SUBSCRIPTION-565590,0.0,750.0,,Entertainment,8,306,Entertainment Expense Ledger,CREDCLUB SUBSCRIPTION
06-12-2025,UPI-IRCTC UTS-MISC-210130,7926.0,0.0,,Miscellaneous,12,499,Miscellaneous Ledger,UPI IRCTC UTS MISC
30-05-2025,UPI-AK JUICE CENTRE-CAB RIDE,0.0,2927.0,,Transport & Travel,5,303,Travel Expense Ledger,UPI AK JUICE CENTRE CAB RIDE
26-02-2026,SALARY CREDIT FEB 2026,42217.0,0.0,,Salary Income,1,201,Salary Ledger,SALARY CREDIT FEB
25-01-2026,UPI-BIG BAZAAR-DOCTOR CONSULTATION,0.0,1237.0,,Health & Medical,9,307,Medical Expense Ledger,UPI BIG BAZAAR DOCTOR CONSULTATION
12-03-2026,DIVIDEND CREDIT ASIAN PAINTS LTD-425329,3276.0,0.0,,Investment Income,2,202,Investment Income Ledger,DIVIDEND CREDIT ASIAN PAINTS LTD
21-12-2025,UPI-ZOMATO-MOVIE TICKETS,0.0,1198.0,,Entertainment,8,306,Entertainment Expense Ledger,UPI ZOMATO MOVIE TICKETS
10-11-2025,UPI-DMART-GAS CYLINDER PAYMENT,0.0,1648.0,,Utilities & Bills,7,305,Utilities Expense Ledger,UPI DMART GAS CYLINDER PAYMENT
31-08-2025,UPI-STARBUCKS-PHARMACY,0.0,5501.0,,Health & Medical,9,307,Medical Expense Ledger,UPI STARBUCKS PHARMACY
06-03-2026,UPI-ZERODHA BROKING LTD-JUICE,0.0,882.0,,Groceries & Food,3,301,Groceries Expense Ledger,UPI ZERODHA BROKING LTD JUICE
10-02-2026,SPOTIFY SUBSCRIPTION-254542,0.0,4601.0,,Entertainment,8,306,Entertainment Expense Ledger,SPOTIFY SUBSCRIPTION
17-04-2025,APR 2025 SALARY CREDIT,85148.0,0.0,,Salary Income,1,201,Salary Ledger,APR SALARY CREDIT
10-04-2025,ACH C- TATA POWER CO LTD DIVIDEND-303834,4579.0,0.0,,Investment Income,2,202,Investment Income Ledger,ACH C TATA POWER CO LTD DIVIDEND
16-08-2025,NEFT CR-CREDIT CARD BILL PAYMENT-897577747,0.0,35087.0,,Credit Card Payment,11,401,Credit Card Payment Ledger,NEFT CR CREDIT CARD BILL PAYMENT
21-01-2026,UPI-OLA CABS-ELECTRONICS,0.0,2890.0,,Shopping & Lifestyle,6,304,Shopping Expense Ledger,UPI OLA CABS ELECTRONICS
26-03-2026,UPI-SWIGGY-BOOKS,0.0,5413.0,,Education & Books,10,308,Education Expense Ledger,UPI SWIGGY BOOKS
25-05-2025,ACH C- ASIAN PAINTS LTD DIVIDEND-808387,9046.0,0.0,,Investment Income,2,202,Investment Income Ledger,ACH C ASIAN PAINTS LTD DIVIDEND
03-11-2025,UPI-NATURAL ICE CREAM-ELECTRONICS,0.0,10002.0,,Shopping & Lifestyle,6,304,Shopping Expense Ledger,UPI NATURAL ICE CREAM ELECTRONICS
17-08-2025,UPI-CREDCLUB-CRED PAYMENT-844468775,0.0,77949.0,,Credit Card Payment,11,401,Credit Card Payment Ledger,UPI CREDCLUB CRED PAYMENT
20-03-2026,UPI-LENSKART-BOOKS,0.0,5221.0,,Education & Books,10,308,Education Expense Ledger,UPI LENSKART BOOKS
01-02-2026,BANK TRANSFER-HOUSE RENT-571869,0.0,47350.0,,Rent & Housing,4,302,Rent Expense Ledger,BANK TRANSFER HOUSE RENT
31-01-2026,CC BILL PAYMENT-315063766,0.0,67798.0,,Credit Card Payment,11,401,Credit Card Payment Ledger,CC BILL PAYMENT
18-09-2025,UPI-AMAZON INDIA-GAMING,0.0,3427.0,,Entertainment,8,306,Entertainment Expense Ledger,UPI AMAZON INDIA GAMING
29-08-2025,UPI-FLIPKART-BREAKFAST,0.0,2309.0,,Groceries & Food,3,301,Groceries Expense Ledger,UPI FLIPKART BREAKFAST
09-07-2025,NEFT CR-SALARY-ASSET VANTAGE,86830.0,0.0,,Salary Income,1,201,Salary Ledger,NEFT CR SALARY ASSET VANTAGE
21-04-2025,UPI-DOMINOS PIZZA-GAMING,0.0,1330.0,,Entertainment,8,306,Entertainment Expense Ledger,UPI DOMINOS PIZZA GAMING
09-02-2026,RENT PAYMENT-490452,0.0,22715.0,,Rent & Housing,4,302,Rent Expense Ledger,RENT PAYMENT
21-01-2026,UPI-MYNTRA-MOBILE BILL,0.0,4056.0,,Utilities & Bills,7,305,Utilities Expense Ledger,UPI MYNTRA MOBILE BILL
30-03-2026,NEFT CR-CREDIT CARD BILL PAYMENT-813901126,0.0,49225.0,,Credit Card Payment,11,401,Credit Card Payment Ledger,NEFT CR CREDIT CARD BILL PAYMENT
29-03-2026,UPI-LENSKART-MISC-300753,0.0,2667.0,,Miscellaneous,12,499,Miscellaneous Ledger,UPI LENSKART MISC
20-10-2025,POS-LENSKART-MALL PURCHASE,0.0,2975.0,,Shopping & Lifestyle,6,304,Shopping Expense Ledger,POS LENSKART MALL PURCHASE
05-01-2026,UPI-IRCTC UTS-GOA TRIP EXPENSES,0.0,3255.0,,Transport & Travel,5,303,Travel Expense Ledger,UPI IRCTC UTS GOA TRIP EXPENSES
10-03-2026,UPI-NATURAL ICE CREAM-LAB TESTS,0.0,6127.0,,Health & Medical,9,307,Medical Expense Ledger,UPI NATURAL ICE CREAM LAB TESTS
04-02-2026,UPI-BIG BAZAAR-MISC-452365,0.0,10345.0,,Miscellaneous,12,499,Miscellaneous Ledger,UPI BIG BAZAAR MISC
30-06-2025,UPI-FLIPKART-CONCERT TICKETS,0.0,961.0,,Entertainment,8,306,Entertainment Expense Ledger,UPI FLIPKART CONCERT TICKETS
11-09-2025,UPI-AK JUICE CENTRE-MISC-347908,7637.0,0.0,,Miscellaneous,12,499,Miscellaneous Ledger,UPI AK JUICE CENTRE MISC
18-05-2025,UPI-GOOGLEPAY-STATIONERY,0.0,5657.0,,Education & Books,10,308,Education Expense Ledger,UPI GOOGLEPAY STATIONERY
14-03-2026,UPI-UBER-CONCERT TICKETS,0.0,4066.0,,Entertainment,8,306,Entertainment Expense Ledger,UPI UBER CONCERT TICKETS
07-11-2025,DIVIDEND CREDIT HINDUSTAN UNILEVER LTD-669829,7592.0,0.0,,Investment Income,2,202,Investment Income Ledger,DIVIDEND CREDIT HINDUSTAN UNILEVER LTD
23-06-2025,UPI-APOLLO PHARMACY-STATIONERY,0.0,1647.0,,Education & Books,10,308,Education Expense Ledger,UPI APOLLO PHARMACY STATIONERY
01-12-2025,UPI-UBER-CONCERT TICKETS,0.0,3283.0,,Entertainment,8,306,Entertainment Expense Ledger,UPI UBER CONCERT TICKETS
11-11-2025,UPI-DMART-MOBILE BILL,0.0,2982.0,,Utilities & Bills,7,305,Utilities Expense Ledger,UPI DMART MOBILE BILL
09-08-2025,UPI-OLA CABS-BROADBAND BILL,0.0,2353.0,,Utilities & Bills,7,305,Utilities Expense Ledger,UPI OLA CABS BROADBAND BILL
12-05-2025,HDFC BANK INTEREST CREDIT-395599,826.0,0.0,,Investment Income,2,202,Investment Income Ledger,HDFC BANK INTEREST CREDIT
01-12-2025,ACH C- ICICI BANK DIVIDEND-764846,5117.0,0.0,,Investment Income,2,202,Investment Income Ledger,ACH C ICICI BANK DIVIDEND
07-10-2025,UPI-NETFLIX-BROADBAND BILL,0.0,4974.0,,Utilities & Bills,7,305,Utilities Expense Ledger,UPI NETFLIX BROADBAND BILL
07-01-2026,UPI-RELIANCE DIGITAL-LAB TESTS,0.0,4335.0,,Health & Medical,9,307,Medical Expense Ledger,UPI RELIANCE DIGITAL LAB TESTS
07-10-2025,UPI-CREDCLUB-CRED PAYMENT-770251208,0.0,55353.0,,Credit Card Payment,11,401,Credit Card Payment Ledger,UPI CREDCLUB CRED PAYMENT
05-02-2026,UPI-AIRTEL PAYMENTS BANK-MISC-393624,3159.0,0.0,,Miscellaneous,12,499,Miscellaneous Ledger,UPI AIRTEL PAYMENTS BANK MISC
18-10-2025,UPI-PVR CINEMAS-DINNER,0.0,97.0,,Groceries & Food,3,301,Groceries Expense Ledger,UPI PVR CINEMAS DINNER
22-10-2025,UPI-DMART-WATER BILL,0.0,2030.0,,Utilities & Bills,7,305,Utilities Expense Ledger,UPI DMART WATER BILL
14-02-2026,UPI-NETFLIX-MOVIE TICKETS,0.0,2032.0,,Entertainment,8,306,Entertainment Expense Ledger,UPI NETFLIX MOVIE TICKETS
25-08-2025,UPI-DMART-CLOTHING,0.0,5274.0,,Shopping & Lifestyle,6,304,Shopping Expense Ledger,UPI DMART CLOTHING
19-05-2025,UPI-STARBUCKS-MISC-488227,1931.0,0.0,,Miscellaneous,12,499,Miscellaneous Ledger,UPI STARBUCKS MISC
11-04-2025,UPI-SWIGGY-MISC-298303,1624.0,0.0,,Miscellaneous,12,499,Miscellaneous Ledger,UPI SWIGGY MISC
31-12-2025,NEFT CR-CREDIT CARD BILL PAYMENT-549697911,0.0,4262.0,,Credit Card Payment,11,401,Credit Card Payment Ledger,NEFT CR CREDIT CARD BILL PAYMENT
12-11-2025,UPI-BHARGAV SANDEEP DESAI-MISC-369045,0.0,102.0,,Miscellaneous,12,499,Miscellaneous Ledger,UPI BHARGAV SANDEEP DESAI MISC
13-12-2025,ASIAN PAINTS LTD INTEREST CREDIT-958823,769.0,0.0,,Investment Income,2,202,Investment Income Ledger,ASIAN PAINTS LTD INTEREST CREDIT
17-06-2025,UPI-GOOGLEPAY-ELECTRICITY BILL,0.0,271.0,,Utilities & Bills,7,305,Utilities Expense Ledger,UPI GOOGLEPAY ELECTRICITY BILL
20-05-2025,UPI-ZOMATO-FOOD,0.0,436.0,,Groceries & Food,3,301,Groceries Expense Ledger,UPI ZOMATO FOOD
06-04-2025,NEFT CR-SALARY-TCS,49018.0,0.0,,Salary Income,1,201,Salary Ledger,NEFT CR SALARY TCS
06-08-2025,UPI-DMART-MUMBAI TRIP,0.0,7969.0,,Transport & Travel,5,303,Travel Expense Ledger,UPI DMART MUMBAI TRIP
01-11-2025,UPI-DOMINOS PIZZA-PHARMACY,0.0,2534.0,,Health & Medical,9,307,Medical Expense Ledger,UPI DOMINOS PIZZA PHARMACY
21-08-2025,UPI-STARBUCKS-ONLINE COURSE,0.0,3758.0,,Education & Books,10,308,Education Expense Ledger,UPI STARBUCKS ONLINE COURSE
07-09-2025,RENT PAYMENT-889417,0.0,23916.0,,Rent & Housing,4,302,Rent Expense Ledger,RENT PAYMENT
24-02-2026,ACH C- VEDANTA LIMITED DIVIDEND-929365,8162.0,0.0,,Investment Income,2,202,Investment Income Ledger,ACH C VEDANTA LIMITED DIVIDEND
05-08-2025,NEFT-RENT-723502,0.0,53536.0,,Rent & Housing,4,302,Rent Expense Ledger,NEFT RENT
05-10-2025,OCT 2025 SALARY CREDIT,56279.0,0.0,,Salary Income,1,201,Salary Ledger,OCT SALARY CREDIT
11-01-2026,CC BILL PAYMENT-253814126,0.0,78485.0,,Credit Card Payment,11,401,Credit Card Payment Ledger,CC BILL PAYMENT
23-08-2025,CC BILL PAYMENT-127639012,0.0,55028.0,,Credit Card Payment,11,401,Credit Card Payment Ledger,CC BILL PAYMENT
13-11-2025,APR NOV SALARY,81115.0,0.0,,Salary Income,1,201,Salary Ledger,APR NOV SALARY
08-02-2026,UPI-NETFLIX-MOBILE BILL,0.0,3273.0,,Utilities & Bills,7,305,Utilities Expense Ledger,UPI NETFLIX MOBILE BILL
12-03-2026,UPI-APOLLO PHARMACY-MOBILE BILL,0.0,4308.0,,Utilities & Bills,7,305,Utilities Expense Ledger,UPI APOLLO PHARMACY MOBILE BILL
24-05-2025,DIVIDEND CREDIT HINDUSTAN UNILEVER LTD-950525,2878.0,0.0,,Investment Income,2,202,Investment Income Ledger,DIVIDEND CREDIT HINDUSTAN UNILEVER LTD
04-03-2026,UPI-IRCTC UTS-TICKET-594475891,0.0,1747.0,,Transport & Travel,5,303,Travel Expense Ledger,UPI IRCTC UTS TICKET
27-09-2025,UPI-ZOMATO-PHARMACY,0.0,7547.0,,Health & Medical,9,307,Medical Expense Ledger,UPI ZOMATO PHARMACY
04-07-2025,UPI-ZERODHA BROKING LTD-MUMBAI TRIP,0.0,14906.0,,Transport & Travel,5,303,Travel Expense Ledger,UPI ZERODHA BROKING LTD MUMBAI TRIP
15-09-2025,BANK TRANSFER-HOUSE RENT-359438,0.0,43464.0,,Rent & Housing,4,302,Rent Expense Ledger,BANK TRANSFER HOUSE RENT
23-03-2026,NEFT CR-SALARY-INFOSYS LIMITED,49259.0,0.0,,Salary Income,1,201,Salary Ledger,NEFT CR SALARY INFOSYS LIMITED
27-09-2025,ACH C- VEDANTA LIMITED DIVIDEND-906124,3841.0,0.0,,Investment Income,2,202,Investment Income Ledger,ACH C VEDANTA LIMITED DIVIDEND
29-07-2025,UPI-NATURAL ICE CREAM-LAB TESTS,0.0,5248.0,,Health & Medical,9,307,Medical Expense Ledger,UPI NATURAL ICE CREAM LAB TESTS
17-11-2025,UPI-CREDCLUB-CRED PAYMENT-575756650,0.0,16549.0,,Credit Card Payment,11,401,Credit Card Payment Ledger,UPI CREDCLUB CRED PAYMENT
27-06-2025,MYNTRA SUBSCRIPTION-259882,0.0,3213.0,,Entertainment,8,306,Entertainment Expense Ledger,MYNTRA SUBSCRIPTION
28-04-2025,UPI-DOMINOS PIZZA-MOBILE BILL,0.0,1704.0,,Utilities & Bills,7,305,Utilities Expense Ledger,UPI DOMINOS PIZZA MOBILE BILL
17-05-2025,UPI-GOOGLEPAY-CAB RIDE,0.0,8715.0,,Transport & Travel,5,303,Travel Expense Ledger,UPI GOOGLEPAY CAB RIDE
17-05-2025,UPI-NETFLIX-LUNCH,0.0,871.0,,Groceries & Food,3,301,Groceries Expense Ledger,UPI NETFLIX LUNCH
26-05-2025,UPI-OLA CABS-FOOD,0.0,1444.0,,Groceries & Food,3,301,Groceries Expense Ledger,UPI OLA CABS FOOD
21-05-2025,NEFT CR-SALARY-HDFC BANK,67796.0,0.0,,Salary Income,1,201,Salary Ledger,NEFT CR SALARY HDFC BANK
20-11-2025,UPI-NETFLIX-GAMING,0.0,1974.0,,Entertainment,8,306,Entertainment Expense Ledger,UPI NETFLIX GAMING
06-06-2025,UPI-CREDCLUB-JUICE,0.0,2281.0,,Groceries & Food,3,301,Groceries Expense Ledger,UPI CREDCLUB JUICE
04-08-2025,UPI-MYNTRA-CLOTHING,0.0,11582.0,,Shopping & Lifestyle,6,304,Shopping Expense Ledger,UPI MYNTRA CLOTHING
21-02-2026,BANK TRANSFER-HOUSE RENT-619385,0.0,40323.0,,Rent & Housing,4,302,Rent Expense Ledger,BANK TRANSFER HOUSE RENT
20-09-2025,SEP 2025 SALARY CREDIT,51939.0,0.0,,Salary Income,1,201,Salary Ledger,SEP SALARY CREDIT
29-11-2025,NEFT-RENT-922376,0.0,11359.0,,Rent & Housing,4,302,Rent Expense Ledger,NEFT RENT
02-06-2025,BANK TRANSFER-HOUSE RENT-302834,0.0,46134.0,,Rent & Housing,4,302,Rent Expense Ledger,BANK TRANSFER HOUSE RENT
09-06-2025,UPI-NATURAL ICE CREAM-COACHING FEES,0.0,9770.0,,Education & Books,10,308,Education Expense Ledger,UPI NATURAL ICE CREAM COACHING FEES
15-04-2025,UPI-FLIPKART-MOVIE TICKETS,0.0,4991.0,,Entertainment,8,306,Entertainment Expense Ledger,UPI FLIPKART MOVIE TICKETS
01-06-2025,UPI-ZOMATO-GAMING,0.0,2756.0,,Entertainment,8,306,Entertainment Expense Ledger,UPI ZOMATO GAMING
11-07-2025,UPI-AMAZON INDIA-CONCERT TICKETS,0.0,4105.0,,Entertainment,8,306,Entertainment Expense Ledger,UPI AMAZON INDIA CONCERT TICKETS
04-06-2025,UPI-UBER-CONCERT TICKETS,0.0,3458.0,,Entertainment,8,306,Entertainment Expense Ledger,UPI UBER CONCERT TICKETS
03-05-2025,UPI-BHARGAV SANDEEP DESAI-PHARMACY,0.0,7878.0,,Health & Medical,9,307,Medical Expense Ledger,UPI BHARGAV SANDEEP DESAI PHARMACY
14-05-2025,UPI-FLIPKART-COACHING FEES,0.0,6853.0,,Education & Books,10,308,Education Expense Ledger,UPI FLIPKART COACHING FEES
15-09-2025,UPI-NATURAL ICE CREAM-LAB TESTS,0.0,1505.0,,Health & Medical,9,307,Medical Expense Ledger,UPI NATURAL ICE CREAM LAB TESTS
15-06-2025,UPI-IRCTC UTS-STATIONERY,0.0,8202.0,,Education & Books,10,308,Education Expense Ledger,UPI IRCTC UTS STATIONERY
11-08-2025,UPI-PVR CINEMAS-FOOD,0.0,2027.0,,Groceries & Food,3,301,Groceries Expense Ledger,UPI PVR CINEMAS FOOD
01-10-2025,NEFT CR-SALARY-FREELANCE CLIENT,89422.0,0.0,,Salary Income,1,201,Salary Ledger,NEFT CR SALARY FREELANCE CLIENT
08-12-2025,UPI-RELIANCE DIGITAL-LAB TESTS,0.0,3964.0,,Health & Medical,9,307,Medical Expense Ledger,UPI RELIANCE DIGITAL LAB TESTS
15-04-2025,TCS LIMITED INTEREST CREDIT-702251,2448.0,0.0,,Investment Income,2,202,Investment Income Ledger,TCS LIMITED INTEREST CREDIT
16-01-2026,UPI-STARBUCKS-ELECTRICITY BILL,0.0,4382.0,,Utilities & Bills,7,305,Utilities Expense Ledger,UPI STARBUCKS ELECTRICITY BILL
15-11-2025,UPI-BHARGAV SANDEEP DESAI-PHARMACY,0.0,1801.0,,Health & Medical,9,307,Medical Expense Ledger,UPI BHARGAV SANDEEP DESAI PHARMACY
30-04-2025,UPI-STARBUCKS-STATIONERY,0.0,5752.0,,Education & Books,10,308,Education Expense Ledger,UPI STARBUCKS STATIONERY
12-02-2026,OLA CABS PAYMENT-602182771,0.0,6689.0,,Transport & Travel,5,303,Travel Expense Ledger,OLA CABS PAYMENT
02-03-2026,POS-RELIANCE DIGITAL-MALL PURCHASE,0.0,6084.0,,Shopping & Lifestyle,6,304,Shopping Expense Ledger,POS RELIANCE DIGITAL MALL PURCHASE
23-04-2025,BANK TRANSFER-HOUSE RENT-778936,0.0,58126.0,,Rent & Housing,4,302,Rent Expense Ledger,BANK TRANSFER HOUSE RENT
10-07-2025,UPI-IRCTC UTS-TICKET-300556420,0.0,9275.0,,Transport & Travel,5,303,Travel Expense Ledger,UPI IRCTC UTS TICKET
19-01-2026,UPI-PVR CINEMAS-ONLINE SHOPPING,0.0,2872.0,,Shopping & Lifestyle,6,304,Shopping Expense Ledger,UPI PVR CINEMAS ONLINE SHOPPING
29-12-2025,UPI-SPOTIFY-MISC-702772,0.0,9568.0,,Miscellaneous,12,499,Miscellaneous Ledger,UPI SPOTIFY MISC
07-06-2025,UPI-UBER-MISC-929378,13076.0,0.0,,Miscellaneous,12,499,Miscellaneous Ledger,UPI UBER MISC
16-06-2025,UPI-LENSKART-MOVIE TICKETS,0.0,2285.0,,Entertainment,8,306,Entertainment Expense Ledger,UPI LENSKART MOVIE TICKETS
13-08-2025,UPI-IRCTC UTS-MOVIE TICKETS,0.0,4398.0,,Entertainment,8,306,Entertainment Expense Ledger,UPI IRCTC UTS MOVIE TICKETS
24-09-2025,OLA CABS PAYMENT-495858362,0.0,410.0,,Transport & Travel,5,303,Travel Expense Ledger,OLA CABS PAYMENT
12-11-2025,UPI-PVR CINEMAS-SHOPPING,0.0,11660.0,,Shopping & Lifestyle,6,304,Shopping Expense Ledger,UPI PVR CINEMAS SHOPPING
13-08-2025,DIVIDEND CREDIT TATA POWER CO LTD-789753,7666.0,0.0,,Investment Income,2,202,Investment Income Ledger,DIVIDEND CREDIT TATA POWER CO LTD
16-09-2025,UPI-CREDCLUB-CRED PAYMENT-395237045,0.0,7078.0,,Credit Card Payment,11,401,Credit Card Payment Ledger,UPI CREDCLUB CRED PAYMENT
29-12-2025,UPI-AIRTEL PAYMENTS BANK-MISC-393561,4011.0,0.0,,Miscellaneous,12,499,Miscellaneous Ledger,UPI AIRTEL PAYMENTS BANK MISC
14-04-2025,UPI-UBER-CAB RIDE,0.0,1819.0,,Transport & Travel,5,303,Travel Expense Ledger,UPI UBER CAB RIDE
01-07-2025,NEFT-RENT-810070,0.0,50571.0,,Rent & Housing,4,302,Rent Expense Ledger,NEFT RENT
16-12-2025,UPI-ZERODHA BROKING LTD-SHOPPING,0.0,10550.0,,Shopping & Lifestyle,6,304,Shopping Expense Ledger,UPI ZERODHA BROKING LTD SHOPPING
20-02-2026,UPI-STARBUCKS-PHARMACY,0.0,3462.0,,Health & Medical,9,307,Medical Expense Ledger,UPI STARBUCKS PHARMACY
04-10-2025,UPI-NETFLIX-ONLINE COURSE,0.0,4700.0,,Education & Books,10,308,Education Expense Ledger,UPI NETFLIX ONLINE COURSE
11-10-2025,UPI-SWIGGY-ONLINE SHOPPING,0.0,9069.0,,Shopping & Lifestyle,6,304,Shopping Expense Ledger,UPI SWIGGY ONLINE SHOPPING
10-05-2025,UPI-NETFLIX-MOVIE TICKETS,0.0,3858.0,,Entertainment,8,306,Entertainment Expense Ledger,UPI NETFLIX MOVIE TICKETS
10-09-2025,UPI-NETFLIX-COACHING FEES,0.0,9048.0,,Education & Books,10,308,Education Expense Ledger,UPI NETFLIX COACHING FEES
11-10-2025,UPI-CROSSWORD BOOKSTORE-CLOTHING,0.0,6709.0,,Shopping & Lifestyle,6,304,Shopping Expense Ledger,UPI CROSSWORD BOOKSTORE CLOTHING
28-06-2025,UPI-DOMINOS PIZZA-SHOPPING,0.0,16852.0,,Shopping & Lifestyle,6,304,Shopping Expense Ledger,UPI DOMINOS PIZZA SHOPPING
08-07-2025,UPI-GOOGLEPAY-CONCERT TICKETS,0.0,2822.0,,Entertainment,8,306,Entertainment Expense Ledger,UPI GOOGLEPAY CONCERT TICKETS
16-08-2025,UPI-DMART-ONLINE COURSE,0.0,8184.0,,Education & Books,10,308,Education Expense Ledger,UPI DMART ONLINE COURSE
08-04-2025,DIVIDEND CREDIT HINDUSTAN UNILEVER LTD-248441,6219.0,0.0,,Investment Income,2,202,Investment Income Ledger,DIVIDEND CREDIT HINDUSTAN UNILEVER LTD
27-07-2025,BANK TRANSFER-HOUSE RENT-561370,0.0,12485.0,,Rent & Housing,4,302,Rent Expense Ledger,BANK TRANSFER HOUSE RENT
16-06-2025,ACH C- HDFC BANK DIVIDEND-759981,6339.0,0.0,,Investment Income,2,202,Investment Income Ledger,ACH C HDFC BANK DIVIDEND
29-07-2025,UPI-BIG BAZAAR-GAS CYLINDER PAYMENT,0.0,4851.0,,Utilities & Bills,7,305,Utilities Expense Ledger,UPI BIG BAZAAR GAS CYLINDER PAYMENT
14-05-2025,UPI-MYNTRA-MISC-249395,0.0,10708.0,,Miscellaneous,12,499,Miscellaneous Ledger,UPI MYNTRA MISC
19-02-2026,BANK TRANSFER-HOUSE RENT-735311,0.0,17890.0,,Rent & Housing,4,302,Rent Expense Ledger,BANK TRANSFER HOUSE RENT
03-11-2025,UPI-NETFLIX-MISC-488422,0.0,1945.0,,Miscellaneous,12,499,Miscellaneous Ledger,UPI NETFLIX MISC
04-12-2025,UPI-CREDCLUB-CRED PAYMENT-933718626,0.0,51225.0,,Credit Card Payment,11,401,Credit Card Payment Ledger,UPI CREDCLUB CRED PAYMENT
13-01-2026,BANK TRANSFER-HOUSE RENT-279001,0.0,52172.0,,Rent & Housing,4,302,Rent Expense Ledger,BANK TRANSFER HOUSE RENT
29-09-2025,UPI-NATURAL ICE CREAM-MUMBAI TRIP,0.0,7123.0,,Transport & Travel,5,303,Travel Expense Ledger,UPI NATURAL ICE CREAM MUMBAI TRIP
02-05-2025,UPI-SWIGGY-MISC-606713,0.0,14273.0,,Miscellaneous,12,499,Miscellaneous Ledger,UPI SWIGGY MISC
13-10-2025,UPI-BHARGAV SANDEEP DESAI-MISC-870805,2334.0,0.0,,Miscellaneous,12,499,Miscellaneous Ledger,UPI BHARGAV SANDEEP DESAI MISC
31-10-2025,UPI-BIG BAZAAR-GAMING,0.0,4987.0,,Entertainment,8,306,Entertainment Expense Ledger,UPI BIG BAZAAR GAMING
28-12-2025,UPI-CREDCLUB-MEDICAL BILL,0.0,3758.0,,Health & Medical,9,307,Medical Expense Ledger,UPI CREDCLUB MEDICAL BILL
05-09-2025,UPI-MYNTRA-CONCERT TICKETS,0.0,3675.0,,Entertainment,8,306,Entertainment Expense Ledger,UPI MYNTRA CONCERT TICKETS
17-05-2025,UPI-FLIPKART-DOCTOR CONSULTATION,0.0,7319.0,,Health & Medical,9,307,Medical Expense Ledger,UPI FLIPKART DOCTOR CONSULTATION
13-07-2025,UPI-AIRTEL PAYMENTS BANK-CLOTHING,0.0,5516.0,,Shopping & Lifestyle,6,304,Shopping Expense Ledger,UPI AIRTEL PAYMENTS BANK CLOTHING
11-08-2025,UPI-SWIGGY-MISC-512310,11923.0,0.0,,Miscellaneous,12,499,Miscellaneous Ledger,UPI SWIGGY MISC
22-11-2025,UPI-APOLLO PHARMACY-CAB RIDE,0.0,10689.0,,Transport & Travel,5,303,Travel Expense Ledger,UPI APOLLO PHARMACY CAB RIDE
25-10-2025,RENT PAYMENT-927679,0.0,11164.0,,Rent & Housing,4,302,Rent Expense Ledger,RENT PAYMENT
08-08-2025,UPI-NATURAL ICE CREAM-ONLINE COURSE,0.0,3417.0,,Education & Books,10,308,Education Expense Ledger,UPI NATURAL ICE CREAM ONLINE COURSE
26-03-2026,UPI-IRCTC UTS-BOOKS,0.0,807.0,,Education & Books,10,308,Education Expense Ledger,UPI IRCTC UTS BOOKS
07-11-2025,UPI-PVR CINEMAS-COACHING FEES,0.0,9627.0,,Education & Books,10,308,Education Expense Ledger,UPI PVR CINEMAS COACHING FEES
26-06-2025,UPI-BHARGAV SANDEEP DESAI-GAMING,0.0,4062.0,,Entertainment,8,306,Entertainment Expense Ledger,UPI BHARGAV SANDEEP DESAI GAMING
08-05-2025,UPI-CREDCLUB-CRED PAYMENT-944799071,0.0,71442.0,,Credit Card Payment,11,401,Credit Card Payment Ledger,UPI CREDCLUB CRED PAYMENT
26-05-2025,NEFT-RENT-526792,0.0,29438.0,,Rent & Housing,4,302,Rent Expense Ledger,NEFT RENT
29-06-2025,UPI-STARBUCKS-FOOD,0.0,775.0,,Groceries & Food,3,301,Groceries Expense Ledger,UPI STARBUCKS FOOD
29-05-2025,MAY 2025 SALARY CREDIT,60435.0,0.0,,Salary Income,1,201,Salary Ledger,MAY SALARY CREDIT
07-06-2025,CC BILL PAYMENT-544652859,0.0,32721.0,,Credit Card Payment,11,401,Credit Card Payment Ledger,CC BILL PAYMENT
13-07-2025,UPI-SPOTIFY-MISC-212752,0.0,8840.0,,Miscellaneous,12,499,Miscellaneous Ledger,UPI SPOTIFY MISC
03-06-2025,CC BILL PAYMENT-382145481,0.0,26416.0,,Credit Card Payment,11,401,Credit Card Payment Ledger,CC BILL PAYMENT
21-02-2026,UPI-CROSSWORD BOOKSTORE-BREAKFAST,0.0,174.0,,Groceries & Food,3,301,Groceries Expense Ledger,UPI CROSSWORD BOOKSTORE BREAKFAST
30-04-2025,RENT PAYMENT-964285,0.0,54335.0,,Rent & Housing,4,302,Rent Expense Ledger,RENT PAYMENT
08-10-2025,UPI-SWIGGY-PHARMACY,0.0,3171.0,,Health & Medical,9,307,Medical Expense Ledger,UPI SWIGGY PHARMACY
28-08-2025,UPI-DMART-GAMING,0.0,2515.0,,Entertainment,8,306,Entertainment Expense Ledger,UPI DMART GAMING
24-03-2026,UPI-RELIANCE DIGITAL-COACHING FEES,0.0,9408.0,,Education & Books,10,308,Education Expense Ledger,UPI RELIANCE DIGITAL COACHING FEES
11-05-2025,UPI-APOLLO PHARMACY-ELECTRICITY BILL,0.0,2160.0,,Utilities & Bills,7,305,Utilities Expense Ledger,UPI APOLLO PHARMACY ELECTRICITY BILL
23-08-2025,UPI-FLIPKART-DINNER,0.0,165.0,,Groceries & Food,3,301,Groceries Expense Ledger,UPI FLIPKART DINNER
19-03-2026,UPI-DOMINOS PIZZA-FOOD,0.0,1532.0,,Groceries & Food,3,301,Groceries Expense Ledger,UPI DOMINOS PIZZA FOOD
10-02-2026,OLA CABS PAYMENT-681794294,0.0,7481.0,,Transport & Travel,5,303,Travel Expense Ledger,OLA CABS PAYMENT
23-01-2026,SALARY CREDIT JAN 2026,42941.0,0.0,,Salary Income,1,201,Salary Ledger,SALARY CREDIT JAN
03-07-2025,UPI-STARBUCKS-MISC-422554,0.0,14506.0,,Miscellaneous,12,499,Miscellaneous Ledger,UPI STARBUCKS MISC
02-06-2025,CC BILL PAYMENT-713729809,0.0,25816.0,,Credit Card Payment,11,401,Credit Card Payment Ledger,CC BILL PAYMENT
30-11-2025,UPI-RELIANCE DIGITAL-FOOD,0.0,1062.0,,Groceries & Food,3,301,Groceries Expense Ledger,UPI RELIANCE DIGITAL FOOD
05-03-2026,UPI-CROSSWORD BOOKSTORE-ONLINE SHOPPING,0.0,13875.0,,Shopping & Lifestyle,6,304,Shopping Expense Ledger,UPI CROSSWORD BOOKSTORE ONLINE SHOPPING
20-10-2025,UPI-SWIGGY-STATIONERY,0.0,275.0,,Education & Books,10,308,Education Expense Ledger,UPI SWIGGY STATIONERY
26-10-2025,BANK TRANSFER-HOUSE RENT-607353,0.0,13877.0,,Rent & Housing,4,302,Rent Expense Ledger,BANK TRANSFER HOUSE RENT
11-07-2025,CC BILL PAYMENT-106240327,0.0,5686.0,,Credit Card Payment,11,401,Credit Card Payment Ledger,CC BILL PAYMENT
06-01-2026,UPI-ZOMATO-WATER BILL,0.0,2102.0,,Utilities & Bills,7,305,Utilities Expense Ledger,UPI ZOMATO WATER BILL
08-06-2025,CC BILL PAYMENT-390144720,0.0,66552.0,,Credit Card Payment,11,401,Credit Card Payment Ledger,CC BILL PAYMENT
27-07-2025,UPI-NATURAL ICE CREAM-MOVIE TICKETS,0.0,1927.0,,Entertainment,8,306,Entertainment Expense Ledger,UPI NATURAL ICE CREAM MOVIE TICKETS
02-09-2025,BANK TRANSFER-HOUSE RENT-323068,0.0,10843.0,,Rent & Housing,4,302,Rent Expense Ledger,BANK TRANSFER HOUSE RENT
02-10-2025,UPI-APOLLO PHARMACY-MISC-215657,0.0,9167.0,,Miscellaneous,12,499,Miscellaneous Ledger,UPI APOLLO PHARMACY MISC
28-06-2025,UPI-IRCTC UTS-BROADBAND BILL,0.0,3395.0,,Utilities & Bills,7,305,Utilities Expense Ledger,UPI IRCTC UTS BROADBAND BILL
12-05-2025,UPI-MYNTRA-JUICE,0.0,277.0,,Groceries & Food,3,301,Groceries Expense Ledger,UPI MYNTRA JUICE
09-11-2025,UPI-IRCTC UTS-STATIONERY,0.0,3292.0,,Education & Books,10,308,Education Expense Ledger,UPI IRCTC UTS STATIONERY
15-07-2025,UPI-CREDCLUB-CRED PAYMENT-741021587,0.0,24862.0,,Credit Card Payment,11,401,Credit Card Payment Ledger,UPI CREDCLUB CRED PAYMENT
29-10-2025,UPI-AK JUICE CENTRE-DOCTOR CONSULTATION,0.0,5133.0,,Health & Medical,9,307,Medical Expense Ledger,UPI AK JUICE CENTRE DOCTOR CONSULTATION
27-05-2025,HINDUSTAN UNILEVER LTD INTEREST CREDIT-993877,3015.0,0.0,,Investment Income,2,202,Investment Income Ledger,HINDUSTAN UNILEVER LTD INTEREST CREDIT
23-09-2025,RENT PAYMENT-710774,0.0,24428.0,,Rent & Housing,4,302,Rent Expense Ledger,RENT PAYMENT
11-10-2025,TCS LIMITED INTEREST CREDIT-528565,9071.0,0.0,,Investment Income,2,202,Investment Income Ledger,TCS LIMITED INTEREST CREDIT
19-04-2025,NEFT-RENT-157062,0.0,38062.0,,Rent & Housing,4,302,Rent Expense Ledger,NEFT RENT
01-08-2025,UPI-CROSSWORD BOOKSTORE-JUICE,0.0,1988.0,,Groceries & Food,3,301,Groceries Expense Ledger,UPI CROSSWORD BOOKSTORE JUICE
19-05-2025,UPI-AK JUICE CENTRE-MEDICAL BILL,0.0,347.0,,Health & Medical,9,307,Medical Expense Ledger,UPI AK JUICE CENTRE MEDICAL BILL
24-04-2025,ACH C- TCS LIMITED DIVIDEND-683510,1923.0,0.0,,Investment Income,2,202,Investment Income Ledger,ACH C TCS LIMITED DIVIDEND
27-03-2026,NEFT CR-CREDIT CARD BILL PAYMENT-835602617,0.0,4748.0,,Credit Card Payment,11,401,Credit Card Payment Ledger,NEFT CR CREDIT CARD BILL PAYMENT
27-07-2025,BANK TRANSFER-HOUSE RENT-744905,0.0,52331.0,,Rent & Housing,4,302,Rent Expense Ledger,BANK TRANSFER HOUSE RENT
20-01-2026,UPI-AIRTEL PAYMENTS BANK-DOCTOR CONSULTATION,0.0,4913.0,,Health & Medical,9,307,Medical Expense Ledger,UPI AIRTEL PAYMENTS BANK DOCTOR CONSULTATION
02-07-2025,BANK TRANSFER-HOUSE RENT-602237,0.0,9170.0,,Rent & Housing,4,302,Rent Expense Ledger,BANK TRANSFER HOUSE RENT
05-12-2025,UPI-MYNTRA-BREAKFAST,0.0,1926.0,,Groceries & Food,3,301,Groceries Expense Ledger,UPI MYNTRA BREAKFAST
02-01-2026,UPI-LENSKART-CAB RIDE,0.0,387.0,,Transport & Travel,5,303,Travel Expense Ledger,UPI LENSKART CAB RIDE
03-11-2025,ACH C- TATA POWER CO LTD DIVIDEND-558996,6387.0,0.0,,Investment Income,2,202,Investment Income Ledger,ACH C TATA POWER CO LTD DIVIDEND
19-09-2025,UPI-CREDCLUB-CRED PAYMENT-654800010,0.0,32831.0,,Credit Card Payment,11,401,Credit Card Payment Ledger,UPI CREDCLUB CRED PAYMENT
28-08-2025,UPI-AIRTEL PAYMENTS BANK-WATER BILL,0.0,540.0,,Utilities & Bills,7,305,Utilities Expense Ledger,UPI AIRTEL PAYMENTS BANK WATER BILL
05-08-2025,UPI-NETFLIX-STATIONERY,0.0,8697.0,,Education & Books,10,308,Education Expense Ledger,UPI NETFLIX STATIONERY
05-03-2026,SALARY CREDIT MAR 2026,57755.0,0.0,,Salary Income,1,201,Salary Ledger,SALARY CREDIT MAR
28-01-2026,UPI-CREDCLUB-MISC-851209,5350.0,0.0,,Miscellaneous,12,499,Miscellaneous Ledger,UPI CREDCLUB MISC
18-03-2026,UPI-RELIANCE DIGITAL-GAMING,0.0,1231.0,,Entertainment,8,306,Entertainment Expense Ledger,UPI RELIANCE DIGITAL GAMING
16-05-2025,ACH C- INFOSYS LIMITED DIVIDEND-575147,7548.0,0.0,,Investment Income,2,202,Investment Income Ledger,ACH C INFOSYS LIMITED DIVIDEND
23-12-2025,UPI-NETFLIX-DINNER,0.0,2279.0,,Groceries & Food,3,301,Groceries Expense Ledger,UPI NETFLIX DINNER
08-03-2026,HDFC BANK INTEREST CREDIT-424703,2127.0,0.0,,Investment Income,2,202,Investment Income Ledger,HDFC BANK INTEREST CREDIT
05-06-2025,UPI-NATURAL ICE CREAM-COACHING FEES,0.0,8835.0,,Education & Books,10,308,Education Expense Ledger,UPI NATURAL ICE CREAM COACHING FEES
25-04-2025,SALARY CREDIT APR 2025,81804.0,0.0,,Salary Income,1,201,Salary Ledger,SALARY CREDIT APR
26-12-2025,UPI-STARBUCKS-CLOTHING,0.0,8945.0,,Shopping & Lifestyle,6,304,Shopping Expense Ledger,UPI STARBUCKS CLOTHING
27-10-2025,POS-DMART-MALL PURCHASE,0.0,10601.0,,Shopping & Lifestyle,6,304,Shopping Expense Ledger,POS DMART MALL PURCHASE
01-02-2026,ACH C- ICICI BANK DIVIDEND-145256,6205.0,0.0,,Investment Income,2,202,Investment Income Ledger,ACH C ICICI BANK DIVIDEND
21-05-2025,UPI-LENSKART-STATIONERY,0.0,4009.0,,Education & Books,10,308,Education Expense Ledger,UPI LENSKART STATIONERY
15-01-2026,UPI-ZERODHA BROKING LTD-MOBILE BILL,0.0,4355.0,,Utilities & Bills,7,305,Utilities Expense Ledger,UPI ZERODHA BROKING LTD MOBILE BILL
13-06-2025,UPI-CREDCLUB-FOOD,0.0,2087.0,,Groceries & Food,3,301,Groceries Expense Ledger,UPI CREDCLUB FOOD
30-05-2025,UPI-CROSSWORD BOOKSTORE-PHARMACY,0.0,5397.0,,Health & Medical,9,307,Medical Expense Ledger,UPI CROSSWORD BOOKSTORE PHARMACY
30-05-2025,UPI-AIRTEL PAYMENTS BANK-MISC-247735,10902.0,0.0,,Miscellaneous,12,499,Miscellaneous Ledger,UPI AIRTEL PAYMENTS BANK MISC
22-01-2026,OLA CABS PAYMENT-647546839,0.0,4077.0,,Transport & Travel,5,303,Travel Expense Ledger,OLA CABS PAYMENT
29-11-2025,ASIAN PAINTS LTD INTEREST CREDIT-236645,5297.0,0.0,,Investment Income,2,202,Investment Income Ledger,ASIAN PAINTS LTD INTEREST CREDIT
08-10-2025,BANK TRANSFER-HOUSE RENT-442221,0.0,21731.0,,Rent & Housing,4,302,Rent Expense Ledger,BANK TRANSFER HOUSE RENT
09-08-2025,NEFT-RENT-651852,0.0,10776.0,,Rent & Housing,4,302,Rent Expense Ledger,NEFT RENT
14-02-2026,BANK TRANSFER-HOUSE RENT-829282,0.0,15697.0,,Rent & Housing,4,302,Rent Expense Ledger,BANK TRANSFER HOUSE RENT
21-08-2025,UPI-PVR CINEMAS-BROADBAND BILL,0.0,679.0,,Utilities & Bills,7,305,Utilities Expense Ledger,UPI PVR CINEMAS BROADBAND BILL
23-01-2026,UPI-CREDCLUB-CRED PAYMENT-674286951,0.0,6060.0,,Credit Card Payment,11,401,Credit Card Payment Ledger,UPI CREDCLUB CRED PAYMENT
07-09-2025,UPI-PVR CINEMAS-JUICE,0.0,1535.0,,Groceries & Food,3,301,Groceries Expense Ledger,UPI PVR CINEMAS JUICE
16-08-2025,NEFT CR-SALARY-WIPRO,47148.0,0.0,,Salary Income,1,201,Salary Ledger,NEFT CR SALARY WIPRO
16-09-2025,UPI-NETFLIX-WATER BILL,0.0,3829.0,,Utilities & Bills,7,305,Utilities Expense Ledger,UPI NETFLIX WATER BILL
19-07-2025,UPI-ZOMATO-DOCTOR CONSULTATION,0.0,5629.0,,Health & Medical,9,307,Medical Expense Ledger,UPI ZOMATO DOCTOR CONSULTATION
29-12-2025,ACH C- TCS LIMITED DIVIDEND-647670,7990.0,0.0,,Investment Income,2,202,Investment Income Ledger,ACH C TCS LIMITED DIVIDEND
30-09-2025,UPI-BIG BAZAAR-GAMING,0.0,2353.0,,Entertainment,8,306,Entertainment Expense Ledger,UPI BIG BAZAAR GAMING
24-06-2025,UPI-NETFLIX-GOA TRIP EXPENSES,0.0,7554.0,,Transport & Travel,5,303,Travel Expense Ledger,UPI NETFLIX GOA TRIP EXPENSES
22-02-2026,UPI-LENSKART-BREAKFAST,0.0,1183.0,,Groceries & Food,3,301,Groceries Expense Ledger,UPI LENSKART BREAKFAST
18-08-2025,UPI-GOOGLEPAY-LUNCH,0.0,1718.0,,Groceries & Food,3,301,Groceries Expense Ledger,UPI GOOGLEPAY LUNCH
15-10-2025,UPI-CREDCLUB-PHARMACY,0.0,7974.0,,Health & Medical,9,307,Medical Expense Ledger,UPI CREDCLUB PHARMACY
24-02-2026,UPI-DMART-GOA TRIP EXPENSES,0.0,4703.0,,Transport & Travel,5,303,Travel Expense Ledger,UPI DMART GOA TRIP EXPENSES
14-11-2025,UPI-ZOMATO-WATER BILL,0.0,840.0,,Utilities & Bills,7,305,Utilities Expense Ledger,UPI ZOMATO WATER BILL
13-05-2025,UPI-AIRTEL PAYMENTS BANK-GAS CYLINDER PAYMENT,0.0,4903.0,,Utilities & Bills,7,305,Utilities Expense Ledger,UPI AIRTEL PAYMENTS BANK GAS CYLINDER PAYMENT
09-03-2026,UPI-STARBUCKS-ONLINE SHOPPING,0.0,17951.0,,Shopping & Lifestyle,6,304,Shopping Expense Ledger,UPI STARBUCKS ONLINE SHOPPING
15-11-2025,UPI-LENSKART-ONLINE COURSE,0.0,2775.0,,Education & Books,10,308,Education Expense Ledger,UPI LENSKART ONLINE COURSE
31-07-2025,UPI-DOMINOS PIZZA-DINNER,0.0,2290.0,,Groceries & Food,3,301,Groceries Expense Ledger,UPI DOMINOS PIZZA DINNER
21-05-2025,MAY 2025 SALARY CREDIT,78736.0,0.0,,Salary Income,1,201,Salary Ledger,MAY SALARY CREDIT
15-01-2026,NEFT-RENT-416527,0.0,15493.0,,Rent & Housing,4,302,Rent Expense Ledger,NEFT RENT
12-11-2025,UPI-BHARGAV SANDEEP DESAI-JUICE,0.0,2228.0,,Groceries & Food,3,301,Groceries Expense Ledger,UPI BHARGAV SANDEEP DESAI JUICE
12-10-2025,UPI-ZOMATO-MUMBAI TRIP,0.0,5694.0,,Transport & Travel,5,303,Travel Expense Ledger,UPI ZOMATO MUMBAI TRIP
20-02-2026,RENT PAYMENT-343459,0.0,43912.0,,Rent & Housing,4,302,Rent Expense Ledger,RENT PAYMENT
13-01-2026,UPI-SWIGGY-BREAKFAST,0.0,220.0,,Groceries & Food,3,301,Groceries Expense Ledger,UPI SWIGGY BREAKFAST
26-05-2025,UPI-LENSKART-MISC-577294,0.0,3562.0,,Miscellaneous,12,499,Miscellaneous Ledger,UPI LENSKART MISC
23-07-2025,UPI-MYNTRA-GOA TRIP EXPENSES,0.0,12217.0,,Transport & Travel,5,303,Travel Expense Ledger,UPI MYNTRA GOA TRIP EXPENSES
30-06-2025,UPI-MYNTRA-CONCERT TICKETS,0.0,957.0,,Entertainment,8,306,Entertainment Expense Ledger,UPI MYNTRA CONCERT TICKETS
27-12-2025,UPI-MYNTRA-MISC-709007,0.0,4282.0,,Miscellaneous,12,499,Miscellaneous Ledger,UPI MYNTRA MISC
13-04-2025,UPI-RELIANCE DIGITAL-GAS CYLINDER PAYMENT,0.0,4262.0,,Utilities & Bills,7,305,Utilities Expense Ledger,UPI RELIANCE DIGITAL GAS CYLINDER PAYMENT
25-10-2025,UPI-MYNTRA-ONLINE COURSE,0.0,2857.0,,Education & Books,10,308,Education Expense Ledger,UPI MYNTRA ONLINE COURSE
03-01-2026,UPI-GOOGLEPAY-ELECTRONICS,0.0,1141.0,,Shopping & Lifestyle,6,304,Shopping Expense Ledger,UPI GOOGLEPAY ELECTRONICS
14-02-2026,SALARY CREDIT FEB 2026,64489.0,0.0,,Salary Income,1,201,Salary Ledger,SALARY CREDIT FEB
03-08-2025,UPI-LENSKART-FOOD,0.0,1305.0,,Groceries & Food,3,301,Groceries Expense Ledger,UPI LENSKART FOOD
24-01-2026,UPI-AIRTEL PAYMENTS BANK-ONLINE SHOPPING,0.0,18550.0,,Shopping & Lifestyle,6,304,Shopping Expense Ledger,UPI AIRTEL PAYMENTS BANK ONLINE SHOPPING
11-05-2025,BANK TRANSFER-HOUSE RENT-888325,0.0,50904.0,,Rent & Housing,4,302,Rent Expense Ledger,BANK TRANSFER HOUSE RENT
03-02-2026,UPI-IRCTC UTS-MISC-882381,8156.0,0.0,,Miscellaneous,12,499,Miscellaneous Ledger,UPI IRCTC UTS MISC
17-05-2025,UPI-IRCTC UTS-TICKET-170984280,0.0,699.0,,Transport & Travel,5,303,Travel Expense Ledger,UPI IRCTC UTS TICKET
23-08-2025,UPI-LENSKART-SHOPPING,0.0,3837.0,,Shopping & Lifestyle,6,304,Shopping Expense Ledger,UPI LENSKART SHOPPING
16-01-2026,UPI-AIRTEL PAYMENTS BANK-SHOPPING,0.0,9490.0,,Shopping & Lifestyle,6,304,Shopping Expense Ledger,UPI AIRTEL PAYMENTS BANK SHOPPING
25-05-2025,UPI-UBER-BOOKS,0.0,7582.0,,Education & Books,10,308,Education Expense Ledger,UPI UBER BOOKS
23-06-2025,DIVIDEND CREDIT HDFC BANK-759993,7757.0,0.0,,Investment Income,2,202,Investment Income Ledger,DIVIDEND CREDIT HDFC BANK
19-12-2025,UPI-MYNTRA-MEDICAL BILL,0.0,1277.0,,Health & Medical,9,307,Medical Expense Ledger,UPI MYNTRA MEDICAL BILL
19-12-2025,DEC 2025 SALARY CREDIT,88291.0,0.0,,Salary Income,1,201,Salary Ledger,DEC SALARY CREDIT
20-11-2025,UPI-NETFLIX-JUICE,0.0,847.0,,Groceries & Food,3,301,Groceries Expense Ledger,UPI NETFLIX JUICE
09-12-2025,UPI-SWIGGY-JUICE,0.0,769.0,,Groceries & Food,3,301,Groceries Expense Ledger,UPI SWIGGY JUICE
15-10-2025,FLIPKART SUBSCRIPTION-195790,0.0,1046.0,,Entertainment,8,306,Entertainment Expense Ledger,FLIPKART SUBSCRIPTION
01-07-2025,UPI-RELIANCE DIGITAL-MUMBAI TRIP,0.0,6819.0,,Transport & Travel,5,303,Travel Expense Ledger,UPI RELIANCE DIGITAL MUMBAI TRIP
04-08-2025,UPI-SPOTIFY-ELECTRICITY BILL,0.0,3790.0,,Utilities & Bills,7,305,Utilities Expense Ledger,UPI SPOTIFY ELECTRICITY BILL
06-06-2025,JUN 2025 SALARY CREDIT,57576.0,0.0,,Salary Income,1,201,Salary Ledger,JUN SALARY CREDIT
25-02-2026,UPI-SPOTIFY-LAB TESTS,0.0,590.0,,Health & Medical,9,307,Medical Expense Ledger,UPI SPOTIFY LAB TESTS
30-10-2025,UPI-ZERODHA BROKING LTD-SHOPPING,0.0,13307.0,,Shopping & Lifestyle,6,304,Shopping Expense Ledger,UPI ZERODHA BROKING LTD SHOPPING
24-08-2025,UPI-NETFLIX-MISC-510243,0.0,1261.0,,Miscellaneous,12,499,Miscellaneous Ledger,UPI NETFLIX MISC
16-09-2025,NEFT CR-CREDIT CARD BILL PAYMENT-324910848,0.0,75229.0,,Credit Card Payment,11,401,Credit Card Payment Ledger,NEFT CR CREDIT CARD BILL PAYMENT
11-03-2026,UPI-BHARGAV SANDEEP DESAI-BROADBAND BILL,0.0,4752.0,,Utilities & Bills,7,305,Utilities Expense Ledger,UPI BHARGAV SANDEEP DESAI BROADBAND BILL
26-05-2025,UPI-MYNTRA-CONCERT TICKETS,0.0,3936.0,,Entertainment,8,306,Entertainment Expense Ledger,UPI MYNTRA CONCERT TICKETS
31-10-2025,DIVIDEND CREDIT HDFC BANK-410929,8997.0,0.0,,Investment Income,2,202,Investment Income Ledger,DIVIDEND CREDIT HDFC BANK
02-10-2025,UPI-BHARGAV SANDEEP DESAI-MISC-436430,557.0,0.0,,Miscellaneous,12,499,Miscellaneous Ledger,UPI BHARGAV SANDEEP DESAI MISC
09-11-2025,CC BILL PAYMENT-510941699,0.0,8354.0,,Credit Card Payment,11,401,Credit Card Payment Ledger,CC BILL PAYMENT
07-04-2025,UPI-PVR CINEMAS-CAB RIDE,0.0,13940.0,,Transport & Travel,5,303,Travel Expense Ledger,UPI PVR CINEMAS CAB RIDE
12-02-2026,UPI-STARBUCKS-PHARMACY,0.0,3915.0,,Health & Medical,9,307,Medical Expense Ledger,UPI STARBUCKS PHARMACY
06-03-2026,NEFT CR-CREDIT CARD BILL PAYMENT-571562019,0.0,72947.0,,Credit Card Payment,11,401,Credit Card Payment Ledger,NEFT CR CREDIT CARD BILL PAYMENT
23-10-2025,DIVIDEND CREDIT TATA POWER CO LTD-204700,742.0,0.0,,Investment Income,2,202,Investment Income Ledger,DIVIDEND CREDIT TATA POWER CO LTD
10-12-2025,DEC 2025 SALARY CREDIT,83390.0,0.0,,Salary Income,1,201,Salary Ledger,DEC SALARY CREDIT
02-03-2026,UPI-NATURAL ICE CREAM-WATER BILL,0.0,4020.0,,Utilities & Bills,7,305,Utilities Expense Ledger,UPI NATURAL ICE CREAM WATER BILL
14-12-2025,UPI-IRCTC UTS-GAMING,0.0,2745.0,,Entertainment,8,306,Entertainment Expense Ledger,UPI IRCTC UTS GAMING
26-05-2025,UPI-IRCTC UTS-TICKET-740554953,0.0,13953.0,,Transport & Travel,5,303,Travel Expense Ledger,UPI IRCTC UTS TICKET
27-10-2025,UPI-AIRTEL PAYMENTS BANK-GOA TRIP EXPENSES,0.0,9839.0,,Transport & Travel,5,303,Travel Expense Ledger,UPI AIRTEL PAYMENTS BANK GOA TRIP EXPENSES
07-11-2025,OLA CABS PAYMENT-387302378,0.0,9135.0,,Transport & Travel,5,303,Travel Expense Ledger,OLA CABS PAYMENT
02-09-2025,UPI-LENSKART-CAB RIDE,0.0,8562.0,,Transport & Travel,5,303,Travel Expense Ledger,UPI LENSKART CAB RIDE
25-12-2025,UPI-BHARGAV SANDEEP DESAI-CAB RIDE,0.0,271.0,,Transport & Travel,5,303,Travel Expense Ledger,UPI BHARGAV SANDEEP DESAI CAB RIDE
07-03-2026,NEFT CR-CREDIT CARD BILL PAYMENT-768034233,0.0,49849.0,,Credit Card Payment,11,401,Credit Card Payment Ledger,NEFT CR CREDIT CARD BILL PAYMENT
03-03-2026,NEFT CR-SALARY-HDFC BANK,72698.0,0.0,,Salary Income,1,201,Salary Ledger,NEFT CR SALARY HDFC BANK
12-09-2025,CC BILL PAYMENT-477959121,0.0,71211.0,,Credit Card Payment,11,401,Credit Card Payment Ledger,CC BILL PAYMENT
12-05-2025,NEFT-RENT-773217,0.0,37793.0,,Rent & Housing,4,302,Rent Expense Ledger,NEFT RENT
25-03-2026,UPI-DMART-MISC-417942,12720.0,0.0,,Miscellaneous,12,499,Miscellaneous Ledger,UPI DMART MISC
31-01-2026,UPI-PVR CINEMAS-DOCTOR CONSULTATION,0.0,3356.0,,Health & Medical,9,307,Medical Expense Ledger,UPI PVR CINEMAS DOCTOR CONSULTATION
16-05-2025,UPI-MYNTRA-WATER BILL,0.0,1635.0,,Utilities & Bills,7,305,Utilities Expense Ledger,UPI MYNTRA WATER BILL
02-03-2026,UPI-RELIANCE DIGITAL-ELECTRICITY BILL,0.0,4728.0,,Utilities & Bills,7,305,Utilities Expense Ledger,UPI RELIANCE DIGITAL ELECTRICITY BILL
11-02-2026,UPI-UBER-CLOTHING,0.0,6759.0,,Shopping & Lifestyle,6,304,Shopping Expense Ledger,UPI UBER CLOTHING
06-10-2025,OLA CABS PAYMENT-284675578,0.0,5773.0,,Transport & Travel,5,303,Travel Expense Ledger,OLA CABS PAYMENT
02-11-2025,UPI-CROSSWORD BOOKSTORE-BROADBAND BILL,0.0,1089.0,,Utilities & Bills,7,305,Utilities Expense Ledger,UPI CROSSWORD BOOKSTORE BROADBAND BILL
24-08-2025,UPI-CROSSWORD BOOKSTORE-DINNER,0.0,1412.0,,Groceries & Food,3,301,Groceries Expense Ledger,UPI CROSSWORD BOOKSTORE DINNER
20-04-2025,UPI-MYNTRA-BREAKFAST,0.0,1469.0,,Groceries & Food,3,301,Groceries Expense Ledger,UPI MYNTRA BREAKFAST
01-08-2025,UPI-LENSKART-DINNER,0.0,953.0,,Groceries & Food,3,301,Groceries Expense Ledger,UPI LENSKART DINNER
18-01-2026,NEFT-RENT-850018,0.0,50674.0,,Rent & Housing,4,302,Rent Expense Ledger,NEFT RENT
02-04-2025,UPI-BHARGAV SANDEEP DESAI-MOVIE TICKETS,0.0,3187.0,,Entertainment,8,306,Entertainment Expense Ledger,UPI BHARGAV SANDEEP DESAI MOVIE TICKETS
31-07-2025,UPI-SWIGGY-PHARMACY,0.0,4099.0,,Health & Medical,9,307,Medical Expense Ledger,UPI SWIGGY PHARMACY
23-08-2025,UPI-AMAZON INDIA-CAB RIDE,0.0,1116.0,,Transport & Travel,5,303,Travel Expense Ledger,UPI AMAZON INDIA CAB RIDE
13-10-2025,UPI-FLIPKART-MOVIE TICKETS,0.0,1551.0,,Entertainment,8,306,Entertainment Expense Ledger,UPI FLIPKART MOVIE TICKETS
01-03-2026,UPI-DMART-MOVIE TICKETS,0.0,3099.0,,Entertainment,8,306,Entertainment Expense Ledger,UPI DMART MOVIE TICKETS
05-08-2025,UPI-APOLLO PHARMACY-MISC-130063,11778.0,0.0,,Miscellaneous,12,499,Miscellaneous Ledger,UPI APOLLO PHARMACY MISC
05-08-2025,UPI-UBER-MEDICAL BILL,0.0,619.0,,Health & Medical,9,307,Medical Expense Ledger,UPI UBER MEDICAL BILL
25-12-2025,UPI-CREDCLUB-CRED PAYMENT-712275729,0.0,27026.0,,Credit Card Payment,11,401,Credit Card Payment Ledger,UPI CREDCLUB CRED PAYMENT
12-09-2025,NEFT CR-CREDIT CARD BILL PAYMENT-840408634,0.0,60213.0,,Credit Card Payment,11,401,Credit Card Payment Ledger,NEFT CR CREDIT CARD BILL PAYMENT
21-06-2025,UPI-MYNTRA-MISC-494295,1392.0,0.0,,Miscellaneous,12,499,Miscellaneous Ledger,UPI MYNTRA MISC
12-09-2025,CC BILL PAYMENT-802994568,0.0,47751.0,,Credit Card Payment,11,401,Credit Card Payment Ledger,CC BILL PAYMENT
22-05-2025,UPI-ZERODHA BROKING LTD-CONCERT TICKETS,0.0,4663.0,,Entertainment,8,306,Entertainment Expense Ledger,UPI ZERODHA BROKING LTD CONCERT TICKETS
04-06-2025,UPI-BHARGAV SANDEEP DESAI-LAB TESTS,0.0,5289.0,,Health & Medical,9,307,Medical Expense Ledger,UPI BHARGAV SANDEEP DESAI LAB TESTS
29-09-2025,UPI-PVR CINEMAS-COACHING FEES,0.0,9295.0,,Education & Books,10,308,Education Expense Ledger,UPI PVR CINEMAS COACHING FEES
31-08-2025,UPI-SWIGGY-GAMING,0.0,3603.0,,Entertainment,8,306,Entertainment Expense Ledger,UPI SWIGGY GAMING
28-02-2026,UPI-CROSSWORD BOOKSTORE-CAB RIDE,0.0,12535.0,,Transport & Travel,5,303,Travel Expense Ledger,UPI CROSSWORD BOOKSTORE CAB RIDE
10-08-2025,DIVIDEND CREDIT CRISIL LIMITED-956238,4091.0,0.0,,Investment Income,2,202,Investment Income Ledger,DIVIDEND CREDIT CRISIL LIMITED
29-10-2025,UPI-CROSSWORD BOOKSTORE-MISC-462232,0.0,544.0,,Miscellaneous,12,499,Miscellaneous Ledger,UPI CROSSWORD BOOKSTORE MISC
17-11-2025,UPI-BHARGAV SANDEEP DESAI-GAS CYLINDER PAYMENT,0.0,3986.0,,Utilities & Bills,7,305,Utilities Expense Ledger,UPI BHARGAV SANDEEP DESAI GAS CYLINDER PAYMENT
05-04-2025,UPI-ZOMATO-BROADBAND BILL,0.0,4669.0,,Utilities & Bills,7,305,Utilities Expense Ledger,UPI ZOMATO BROADBAND BILL
28-11-2025,UPI-MYNTRA-MOVIE TICKETS,0.0,2380.0,,Entertainment,8,306,Entertainment Expense Ledger,UPI MYNTRA MOVIE TICKETS
04-06-2025,UPI-SPOTIFY-GAS CYLINDER PAYMENT,0.0,3934.0,,Utilities & Bills,7,305,Utilities Expense Ledger,UPI SPOTIFY GAS CYLINDER PAYMENT
16-03-2026,UPI-ZERODHA BROKING LTD-MISC-496178,0.0,4584.0,,Miscellaneous,12,499,Miscellaneous Ledger,UPI ZERODHA BROKING LTD MISC
25-05-2025,UPI-NETFLIX-MISC-811716,0.0,2988.0,,Miscellaneous,12,499,Miscellaneous Ledger,UPI NETFLIX MISC
29-08-2025,UPI-BHARGAV SANDEEP DESAI-COACHING FEES,0.0,5930.0,,Education & Books,10,308,Education Expense Ledger,UPI BHARGAV SANDEEP DESAI COACHING FEES
02-05-2025,SWIGGY SUBSCRIPTION-967965,0.0,2739.0,,Entertainment,8,306,Entertainment Expense Ledger,SWIGGY SUBSCRIPTION
29-03-2026,UPI-PVR CINEMAS-WATER BILL,0.0,1219.0,,Utilities & Bills,7,305,Utilities Expense Ledger,UPI PVR CINEMAS WATER BILL
30-09-2025,UPI-APOLLO PHARMACY-BREAKFAST,0.0,493.0,,Groceries & Food,3,301,Groceries Expense Ledger,UPI APOLLO PHARMACY BREAKFAST
03-11-2025,UPI-STARBUCKS-GAMING,0.0,1562.0,,Entertainment,8,306,Entertainment Expense Ledger,UPI STARBUCKS GAMING
25-04-2025,UPI-ZERODHA BROKING LTD-BOOKS,0.0,6240.0,,Education & Books,10,308,Education Expense Ledger,UPI ZERODHA BROKING LTD BOOKS
29-12-2025,UPI-UBER-ONLINE SHOPPING,0.0,4958.0,,Shopping & Lifestyle,6,304,Shopping Expense Ledger,UPI UBER ONLINE SHOPPING
16-06-2025,CC BILL PAYMENT-482338399,0.0,50002.0,,Credit Card Payment,11,401,Credit Card Payment Ledger,CC BILL PAYMENT
21-02-2026,CC BILL PAYMENT-793456096,0.0,4729.0,,Credit Card Payment,11,401,Credit Card Payment Ledger,CC BILL PAYMENT
14-06-2025,UPI-SWIGGY-GOA TRIP EXPENSES,0.0,12700.0,,Transport & Travel,5,303,Travel Expense Ledger,UPI SWIGGY GOA TRIP EXPENSES
09-06-2025,UPI-FLIPKART-FOOD,0.0,1376.0,,Groceries & Food,3,301,Groceries Expense Ledger,UPI FLIPKART FOOD
14-04-2025,UPI-GOOGLEPAY-WATER BILL,0.0,1273.0,,Utilities & Bills,7,305,Utilities Expense Ledger,UPI GOOGLEPAY WATER BILL
19-09-2025,UPI-CREDCLUB-CRED PAYMENT-389441900,0.0,30320.0,,Credit Card Payment,11,401,Credit Card Payment Ledger,UPI CREDCLUB CRED PAYMENT
23-10-2025,UPI-NATURAL ICE CREAM-PHARMACY,0.0,2780.0,,Health & Medical,9,307,Medical Expense Ledger,UPI NATURAL ICE CREAM PHARMACY
24-04-2025,SALARY CREDIT APR 2025,54678.0,0.0,,Salary Income,1,201,Salary Ledger,SALARY CREDIT APR
08-01-2026,UPI-NETFLIX-ELECTRONICS,0.0,6972.0,,Shopping & Lifestyle,6,304,Shopping Expense Ledger,UPI NETFLIX ELECTRONICS
12-09-2025,UPI-RELIANCE DIGITAL-MISC-601233,0.0,7130.0,,Miscellaneous,12,499,Miscellaneous Ledger,UPI RELIANCE DIGITAL MISC
08-10-2025,UPI-DMART-DOCTOR CONSULTATION,0.0,2381.0,,Health & Medical,9,307,Medical Expense Ledger,UPI DMART DOCTOR CONSULTATION
08-09-2025,UPI-BIG BAZAAR-CLOTHING,0.0,1101.0,,Shopping & Lifestyle,6,304,Shopping Expense Ledger,UPI BIG BAZAAR CLOTHING
24-08-2025,ACH C- INFOSYS LIMITED DIVIDEND-576384,5672.0,0.0,,Investment Income,2,202,Investment Income Ledger,ACH C INFOSYS LIMITED DIVIDEND
21-10-2025,UPI-NETFLIX-CONCERT TICKETS,0.0,4341.0,,Entertainment,8,306,Entertainment Expense Ledger,UPI NETFLIX CONCERT TICKETS
27-05-2025,ZERODHA BROKING LTD SUBSCRIPTION-122499,0.0,1158.0,,Entertainment,8,306,Entertainment Expense Ledger,ZERODHA BROKING LTD SUBSCRIPTION
06-06-2025,UPI-BIG BAZAAR-MEDICAL BILL,0.0,2676.0,,Health & Medical,9,307,Medical Expense Ledger,UPI BIG BAZAAR MEDICAL BILL
08-02-2026,DIVIDEND CREDIT TATA POWER CO LTD-418488,270.0,0.0,,Investment Income,2,202,Investment Income Ledger,DIVIDEND CREDIT TATA POWER CO LTD
11-03-2026,UPI-ZERODHA BROKING LTD-SHOPPING,0.0,5818.0,,Shopping & Lifestyle,6,304,Shopping Expense Ledger,UPI ZERODHA BROKING LTD SHOPPING
14-08-2025,UPI-PVR CINEMAS-COACHING FEES,0.0,4776.0,,Education & Books,10,308,Education Expense Ledger,UPI PVR CINEMAS COACHING FEES
08-07-2025,UPI-DMART-MISC-968220,0.0,1512.0,,Miscellaneous,12,499,Miscellaneous Ledger,UPI DMART MISC
21-11-2025,POS-GOOGLEPAY-MALL PURCHASE,0.0,2268.0,,Shopping & Lifestyle,6,304,Shopping Expense Ledger,POS GOOGLEPAY MALL PURCHASE
27-08-2025,UPI-AIRTEL PAYMENTS BANK-DOCTOR CONSULTATION,0.0,6391.0,,Health & Medical,9,307,Medical Expense Ledger,UPI AIRTEL PAYMENTS BANK DOCTOR CONSULTATION
10-04-2025,UPI-DMART-COACHING FEES,0.0,1233.0,,Education & Books,10,308,Education Expense Ledger,UPI DMART COACHING FEES
27-05-2025,NEFT-RENT-523240,0.0,29435.0,,Rent & Housing,4,302,Rent Expense Ledger,NEFT RENT
17-12-2025,NEFT-RENT-995596,0.0,53246.0,,Rent & Housing,4,302,Rent Expense Ledger,NEFT RENT
26-11-2025,UPI-NETFLIX-LAB TESTS,0.0,6497.0,,Health & Medical,9,307,Medical Expense Ledger,UPI NETFLIX LAB TESTS
10-04-2025,UPI-IRCTC UTS-JUICE,0.0,1962.0,,Groceries & Food,3,301,Groceries Expense Ledger,UPI IRCTC UTS JUICE
20-06-2025,UPI-CROSSWORD BOOKSTORE-WATER BILL,0.0,3532.0,,Utilities & Bills,7,305,Utilities Expense Ledger,UPI CROSSWORD BOOKSTORE WATER BILL
24-06-2025,TCS LIMITED INTEREST CREDIT-629321,672.0,0.0,,Investment Income,2,202,Investment Income Ledger,TCS LIMITED INTEREST CREDIT
01-12-2025,UPI-NATURAL ICE CREAM-BOOKS,0.0,5414.0,,Education & Books,10,308,Education Expense Ledger,UPI NATURAL ICE CREAM BOOKS
08-04-2025,UPI-DOMINOS PIZZA-LUNCH,0.0,240.0,,Groceries & Food,3,301,Groceries Expense Ledger,UPI DOMINOS PIZZA LUNCH
08-05-2025,UPI-CREDCLUB-CRED PAYMENT-693243644,0.0,39498.0,,Credit Card Payment,11,401,Credit Card Payment Ledger,UPI CREDCLUB CRED PAYMENT
17-01-2026,UPI-SWIGGY-STATIONERY,0.0,9579.0,,Education & Books,10,308,Education Expense Ledger,UPI SWIGGY STATIONERY
04-06-2025,UPI-OLA CABS-MISC-124648,0.0,598.0,,Miscellaneous,12,499,Miscellaneous Ledger,UPI OLA CABS MISC
24-11-2025,BANK TRANSFER-HOUSE RENT-355733,0.0,40966.0,,Rent & Housing,4,302,Rent Expense Ledger,BANK TRANSFER HOUSE RENT
26-06-2025,UPI-AIRTEL PAYMENTS BANK-GAMING,0.0,671.0,,Entertainment,8,306,Entertainment Expense Ledger,UPI AIRTEL PAYMENTS BANK GAMING
07-05-2025,UPI-APOLLO PHARMACY-BROADBAND BILL,0.0,1374.0,,Utilities & Bills,7,305,Utilities Expense Ledger,UPI APOLLO PHARMACY BROADBAND BILL
28-06-2025,UPI-UBER-BOOKS,0.0,378.0,,Education & Books,10,308,Education Expense Ledger,UPI UBER BOOKS
19-12-2025,UPI-LENSKART-PHARMACY,0.0,998.0,,Health & Medical,9,307,Medical Expense Ledger,UPI LENSKART PHARMACY
06-02-2026,UPI-DMART-MISC-365228,0.0,12546.0,,Miscellaneous,12,499,Miscellaneous Ledger,UPI DMART MISC
28-01-2026,UPI-UBER-COACHING FEES,0.0,931.0,,Education & Books,10,308,Education Expense Ledger,UPI UBER COACHING FEES
23-08-2025,POS-BHARGAV SANDEEP DESAI-MALL PURCHASE,0.0,12170.0,,Shopping & Lifestyle,6,304,Shopping Expense Ledger,POS BHARGAV SANDEEP DESAI MALL PURCHASE
30-11-2025,ACH C- INFOSYS LIMITED DIVIDEND-474485,2983.0,0.0,,Investment Income,2,202,Investment Income Ledger,ACH C INFOSYS LIMITED DIVIDEND
14-06-2025,CC BILL PAYMENT-200533117,0.0,40867.0,,Credit Card Payment,11,401,Credit Card Payment Ledger,CC BILL PAYMENT
16-07-2025,UPI-CROSSWORD BOOKSTORE-CONCERT TICKETS,0.0,3532.0,,Entertainment,8,306,Entertainment Expense Ledger,UPI CROSSWORD BOOKSTORE CONCERT TICKETS
21-02-2026,UPI-MYNTRA-MISC-869565,0.0,6376.0,,Miscellaneous,12,499,Miscellaneous Ledger,UPI MYNTRA MISC
05-04-2025,UPI-PVR CINEMAS-LUNCH,0.0,2402.0,,Groceries & Food,3,301,Groceries Expense Ledger,UPI PVR CINEMAS LUNCH
02-05-2025,UPI-PVR CINEMAS-ELECTRONICS,0.0,3993.0,,Shopping & Lifestyle,6,304,Shopping Expense Ledger,UPI PVR CINEMAS ELECTRONICS
15-06-2025,BANK TRANSFER-HOUSE RENT-207792,0.0,31122.0,,Rent & Housing,4,302,Rent Expense Ledger,BANK TRANSFER HOUSE RENT
10-04-2025,UPI-DMART-WATER BILL,0.0,2793.0,,Utilities & Bills,7,305,Utilities Expense Ledger,UPI DMART WATER BILL
06-06-2025,UPI-DMART-CLOTHING,0.0,17497.0,,Shopping & Lifestyle,6,304,Shopping Expense Ledger,UPI DMART CLOTHING
30-10-2025,UPI-MYNTRA-MOBILE BILL,0.0,2578.0,,Utilities & Bills,7,305,Utilities Expense Ledger,UPI MYNTRA MOBILE BILL
01-09-2025,DIVIDEND CREDIT ASIAN PAINTS LTD-154460,9549.0,0.0,,Investment Income,2,202,Investment Income Ledger,DIVIDEND CREDIT ASIAN PAINTS LTD
19-02-2026,UPI-STARBUCKS-BREAKFAST,0.0,737.0,,Groceries & Food,3,301,Groceries Expense Ledger,UPI STARBUCKS BREAKFAST
23-01-2026,NATURAL ICE CREAM SUBSCRIPTION-778066,0.0,1994.0,,Entertainment,8,306,Entertainment Expense Ledger,NATURAL ICE CREAM SUBSCRIPTION
03-08-2025,BANK TRANSFER-HOUSE RENT-563930,0.0,40479.0,,Rent & Housing,4,302,Rent Expense Ledger,BANK TRANSFER HOUSE RENT
04-07-2025,UPI-NATURAL ICE CREAM-ELECTRICITY BILL,0.0,1844.0,,Utilities & Bills,7,305,Utilities Expense Ledger,UPI NATURAL ICE CREAM ELECTRICITY BILL
17-08-2025,UPI-BHARGAV SANDEEP DESAI-GAMING,0.0,4903.0,,Entertainment,8,306,Entertainment Expense Ledger,UPI BHARGAV SANDEEP DESAI GAMING
01-11-2025,UPI-PVR CINEMAS-MOVIE TICKETS,0.0,2430.0,,Entertainment,8,306,Entertainment Expense Ledger,UPI PVR CINEMAS MOVIE TICKETS
07-07-2025,UPI-BIG BAZAAR-MISC-662473,0.0,3208.0,,Miscellaneous,12,499,Miscellaneous Ledger,UPI BIG BAZAAR MISC
14-11-2025,UPI-IRCTC UTS-MUMBAI TRIP,0.0,8981.0,,Transport & Travel,5,303,Travel Expense Ledger,UPI IRCTC UTS MUMBAI TRIP
28-08-2025,UPI-CREDCLUB-CRED PAYMENT-284954287,0.0,17766.0,,Credit Card Payment,11,401,Credit Card Payment Ledger,UPI CREDCLUB CRED PAYMENT
18-10-2025,UPI-LENSKART-GOA TRIP EXPENSES,0.0,9875.0,,Transport & Travel,5,303,Travel Expense Ledger,UPI LENSKART GOA TRIP EXPENSES
06-09-2025,UPI-NETFLIX-BREAKFAST,0.0,165.0,,Groceries & Food,3,301,Groceries Expense Ledger,UPI NETFLIX BREAKFAST
17-07-2025,UPI-SPOTIFY-MISC-371409,0.0,13385.0,,Miscellaneous,12,499,Miscellaneous Ledger,UPI SPOTIFY MISC
12-03-2026,UPI-CROSSWORD BOOKSTORE-ONLINE SHOPPING,0.0,5654.0,,Shopping & Lifestyle,6,304,Shopping Expense Ledger,UPI CROSSWORD BOOKSTORE ONLINE SHOPPING
03-01-2026,DIVIDEND CREDIT RELIANCE INDUSTRIES-611566,6997.0,0.0,,Investment Income,2,202,Investment Income Ledger,DIVIDEND CREDIT RELIANCE INDUSTRIES
22-05-2025,UPI-AMAZON INDIA-BREAKFAST,0.0,751.0,,Groceries & Food,3,301,Groceries Expense Ledger,UPI AMAZON INDIA BREAKFAST
11-02-2026,ACH C- TCS LIMITED DIVIDEND-391568,1033.0,0.0,,Investment Income,2,202,Investment Income Ledger,ACH C TCS LIMITED DIVIDEND
25-09-2025,SEP 2025 SALARY CREDIT,81505.0,0.0,,Salary Income,1,201,Salary Ledger,SEP SALARY CREDIT
20-02-2026,UPI-SPOTIFY-PHARMACY,0.0,7716.0,,Health & Medical,9,307,Medical Expense Ledger,UPI SPOTIFY PHARMACY
17-01-2026,UPI-UBER-CLOTHING,0.0,2190.0,,Shopping & Lifestyle,6,304,Shopping Expense Ledger,UPI UBER CLOTHING
02-09-2025,UPI-NATURAL ICE CREAM-PHARMACY,0.0,4845.0,,Health & Medical,9,307,Medical Expense Ledger,UPI NATURAL ICE CREAM PHARMACY
09-04-2025,NEFT CR-CREDIT CARD BILL PAYMENT-415096272,0.0,15645.0,,Credit Card Payment,11,401,Credit Card Payment Ledger,NEFT CR CREDIT CARD BILL PAYMENT
07-07-2025,UPI-IRCTC UTS-TICKET-229117277,0.0,13361.0,,Transport & Travel,5,303,Travel Expense Ledger,UPI IRCTC UTS TICKET
15-10-2025,NEFT-RENT-752020,0.0,59796.0,,Rent & Housing,4,302,Rent Expense Ledger,NEFT RENT
17-11-2025,UPI-PVR CINEMAS-CLOTHING,0.0,14826.0,,Shopping & Lifestyle,6,304,Shopping Expense Ledger,UPI PVR CINEMAS CLOTHING
03-07-2025,ACH C- VEDANTA LIMITED DIVIDEND-162287,2731.0,0.0,,Investment Income,2,202,Investment Income Ledger,ACH C VEDANTA LIMITED DIVIDEND
21-05-2025,UPI-AK JUICE CENTRE-COACHING FEES,0.0,2750.0,,Education & Books,10,308,Education Expense Ledger,UPI AK JUICE CENTRE COACHING FEES
29-01-2026,UPI-GOOGLEPAY-CAB RIDE,0.0,6154.0,,Transport & Travel,5,303,Travel Expense Ledger,UPI GOOGLEPAY CAB RIDE
25-03-2026,UPI-AMAZON INDIA-GAS CYLINDER PAYMENT,0.0,3931.0,,Utilities & Bills,7,305,Utilities Expense Ledger,UPI AMAZON INDIA GAS CYLINDER PAYMENT
09-10-2025,UPI-IRCTC UTS-TICKET-581363369,0.0,13899.0,,Transport & Travel,5,303,Travel Expense Ledger,UPI IRCTC UTS TICKET
02-06-2025,UPI-BIG BAZAAR-MEDICAL BILL,0.0,6153.0,,Health & Medical,9,307,Medical Expense Ledger,UPI BIG BAZAAR MEDICAL BILL
09-07-2025,BANK TRANSFER-HOUSE RENT-549813,0.0,48277.0,,Rent & Housing,4,302,Rent Expense Ledger,BANK TRANSFER HOUSE RENT
07-04-2025,ACH C- ASIAN PAINTS LTD DIVIDEND-929690,9704.0,0.0,,Investment Income,2,202,Investment Income Ledger,ACH C ASIAN PAINTS LTD DIVIDEND
27-02-2026,APR FEB SALARY,66950.0,0.0,,Salary Income,1,201,Salary Ledger,APR FEB SALARY
13-05-2025,SALARY CREDIT MAY 2025,40215.0,0.0,,Salary Income,1,201,Salary Ledger,SALARY CREDIT MAY
27-10-2025,DIVIDEND CREDIT VEDANTA LIMITED-634633,7500.0,0.0,,Investment Income,2,202,Investment Income Ledger,DIVIDEND CREDIT VEDANTA LIMITED
09-07-2025,UPI-GOOGLEPAY-LAB TESTS,0.0,3710.0,,Health & Medical,9,307,Medical Expense Ledger,UPI GOOGLEPAY LAB TESTS
19-10-2025,ICICI BANK INTEREST CREDIT-497783,5768.0,0.0,,Investment Income,2,202,Investment Income Ledger,ICICI BANK INTEREST CREDIT
24-11-2025,STARBUCKS SUBSCRIPTION-873068,0.0,3611.0,,Entertainment,8,306,Entertainment Expense Ledger,STARBUCKS SUBSCRIPTION
28-01-2026,NEFT CR-SALARY-TCS,40228.0,0.0,,Salary Income,1,201,Salary Ledger,NEFT CR SALARY TCS
15-06-2025,UPI-STARBUCKS-ONLINE COURSE,0.0,7001.0,,Education & Books,10,308,Education Expense Ledger,UPI STARBUCKS ONLINE COURSE
05-04-2025,UPI-CREDCLUB-DINNER,0.0,1871.0,,Groceries & Food,3,301,Groceries Expense Ledger,UPI CREDCLUB DINNER
20-05-2025,UPI-AIRTEL PAYMENTS BANK-ONLINE COURSE,0.0,3979.0,,Education & Books,10,308,Education Expense Ledger,UPI AIRTEL PAYMENTS BANK ONLINE COURSE
22-02-2026,AIRTEL PAYMENTS BANK SUBSCRIPTION-850887,0.0,245.0,,Entertainment,8,306,Entertainment Expense Ledger,AIRTEL PAYMENTS BANK SUBSCRIPTION
13-02-2026,POS-ZERODHA BROKING LTD-MALL PURCHASE,0.0,4765.0,,Shopping & Lifestyle,6,304,Shopping Expense Ledger,POS ZERODHA BROKING LTD MALL PURCHASE
04-11-2025,NEFT-RENT-566995,0.0,47405.0,,Rent & Housing,4,302,Rent Expense Ledger,NEFT RENT
05-11-2025,ACH C- HINDUSTAN UNILEVER LTD DIVIDEND-617965,2460.0,0.0,,Investment Income,2,202,Investment Income Ledger,ACH C HINDUSTAN UNILEVER LTD DIVIDEND
29-11-2025,UPI-ZOMATO-DOCTOR CONSULTATION,0.0,6082.0,,Health & Medical,9,307,Medical Expense Ledger,UPI ZOMATO DOCTOR CONSULTATION
03-06-2025,UPI-MYNTRA-STATIONERY,0.0,7802.0,,Education & Books,10,308,Education Expense Ledger,UPI MYNTRA STATIONERY
27-02-2026,UPI-OLA CABS-ELECTRONICS,0.0,19783.0,,Shopping & Lifestyle,6,304,Shopping Expense Ledger,UPI OLA CABS ELECTRONICS
31-08-2025,UPI-CREDCLUB-CRED PAYMENT-964992949,0.0,78733.0,,Credit Card Payment,11,401,Credit Card Payment Ledger,UPI CREDCLUB CRED PAYMENT
18-08-2025,SALARY CREDIT AUG 2025,44631.0,0.0,,Salary Income,1,201,Salary Ledger,SALARY CREDIT AUG
06-10-2025,UPI-BHARGAV SANDEEP DESAI-ELECTRONICS,0.0,3968.0,,Shopping & Lifestyle,6,304,Shopping Expense Ledger,UPI BHARGAV SANDEEP DESAI ELECTRONICS
18-04-2025,UPI-MYNTRA-ELECTRONICS,0.0,12946.0,,Shopping & Lifestyle,6,304,Shopping Expense Ledger,UPI MYNTRA ELECTRONICS
31-05-2025,UPI-ZERODHA BROKING LTD-PHARMACY,0.0,2801.0,,Health & Medical,9,307,Medical Expense Ledger,UPI ZERODHA BROKING LTD PHARMACY
25-12-2025,VEDANTA LIMITED INTEREST CREDIT-854981,3880.0,0.0,,Investment Income,2,202,Investment Income Ledger,VEDANTA LIMITED INTEREST CREDIT
01-05-2025,UPI-OLA CABS-GAS CYLINDER PAYMENT,0.0,1430.0,,Utilities & Bills,7,305,Utilities Expense Ledger,UPI OLA CABS GAS CYLINDER PAYMENT
06-11-2025,UPI-SPOTIFY-GAS CYLINDER PAYMENT,0.0,1705.0,,Utilities & Bills,7,305,Utilities Expense Ledger,UPI SPOTIFY GAS CYLINDER PAYMENT
29-06-2025,APR JUN SALARY,69491.0,0.0,,Salary Income,1,201,Salary Ledger,APR JUN SALARY
20-08-2025,UPI-ZERODHA BROKING LTD-ONLINE SHOPPING,0.0,6664.0,,Shopping & Lifestyle,6,304,Shopping Expense Ledger,UPI ZERODHA BROKING LTD ONLINE SHOPPING
15-07-2025,CC BILL PAYMENT-546431292,0.0,75219.0,,Credit Card Payment,11,401,Credit Card Payment Ledger,CC BILL PAYMENT
08-08-2025,UPI-ZERODHA BROKING LTD-ELECTRONICS,0.0,3095.0,,Shopping & Lifestyle,6,304,Shopping Expense Ledger,UPI ZERODHA BROKING LTD ELECTRONICS
18-12-2025,RENT PAYMENT-292376,0.0,57737.0,,Rent & Housing,4,302,Rent Expense Ledger,RENT PAYMENT
18-07-2025,CC BILL PAYMENT-955642027,0.0,34302.0,,Credit Card Payment,11,401,Credit Card Payment Ledger,CC BILL PAYMENT
24-10-2025,UPI-CROSSWORD BOOKSTORE-MUMBAI TRIP,0.0,3498.0,,Transport & Travel,5,303,Travel Expense Ledger,UPI CROSSWORD BOOKSTORE MUMBAI TRIP
21-09-2025,BANK TRANSFER-HOUSE RENT-703151,0.0,29709.0,,Rent & Housing,4,302,Rent Expense Ledger,BANK TRANSFER HOUSE RENT
28-11-2025,UPI-CREDCLUB-GAS CYLINDER PAYMENT,0.0,4903.0,,Utilities & Bills,7,305,Utilities Expense Ledger,UPI CREDCLUB GAS CYLINDER PAYMENT
08-03-2026,UPI-IRCTC UTS-BOOKS,0.0,8516.0,,Education & Books,10,308,Education Expense Ledger,UPI IRCTC UTS BOOKS
23-12-2025,UPI-AMAZON INDIA-MISC-214003,1911.0,0.0,,Miscellaneous,12,499,Miscellaneous Ledger,UPI AMAZON INDIA MISC
18-06-2025,NEFT CR-SALARY-TCS,89589.0,0.0,,Salary Income,1,201,Salary Ledger,NEFT CR SALARY TCS
12-04-2025,UPI-SPOTIFY-ONLINE COURSE,0.0,9613.0,,Education & Books,10,308,Education Expense Ledger,UPI SPOTIFY ONLINE COURSE
05-07-2025,UPI-UBER-SHOPPING,0.0,14580.0,,Shopping & Lifestyle,6,304,Shopping Expense Ledger,UPI UBER SHOPPING
03-11-2025,UPI-RELIANCE DIGITAL-WATER BILL,0.0,4686.0,,Utilities & Bills,7,305,Utilities Expense Ledger,UPI RELIANCE DIGITAL WATER BILL
19-04-2025,SALARY CREDIT APR 2025,79886.0,0.0,,Salary Income,1,201,Salary Ledger,SALARY CREDIT APR
28-09-2025,UPI-DMART-GAS CYLINDER PAYMENT,0.0,903.0,,Utilities & Bills,7,305,Utilities Expense Ledger,UPI DMART GAS CYLINDER PAYMENT
04-11-2025,UPI-UBER-CAB RIDE,0.0,8096.0,,Transport & Travel,5,303,Travel Expense Ledger,UPI UBER CAB RIDE
31-07-2025,NEFT CR-SALARY-WIPRO,77711.0,0.0,,Salary Income,1,201,Salary Ledger,NEFT CR SALARY WIPRO
06-01-2026,UPI-RELIANCE DIGITAL-BROADBAND BILL,0.0,3991.0,,Utilities & Bills,7,305,Utilities Expense Ledger,UPI RELIANCE DIGITAL BROADBAND BILL
09-05-2025,UPI-UBER-FOOD,0.0,2176.0,,Groceries & Food,3,301,Groceries Expense Ledger,UPI UBER FOOD
28-04-2025,DIVIDEND CREDIT TATA POWER CO LTD-176290,2778.0,0.0,,Investment Income,2,202,Investment Income Ledger,DIVIDEND CREDIT TATA POWER CO LTD
22-12-2025,UPI-BIG BAZAAR-COACHING FEES,0.0,6630.0,,Education & Books,10,308,Education Expense Ledger,UPI BIG BAZAAR COACHING FEES
28-09-2025,UPI-APOLLO PHARMACY-ELECTRICITY BILL,0.0,816.0,,Utilities & Bills,7,305,Utilities Expense Ledger,UPI APOLLO PHARMACY ELECTRICITY BILL
07-12-2025,BANK TRANSFER-HOUSE RENT-103174,0.0,50719.0,,Rent & Housing,4,302,Rent Expense Ledger,BANK TRANSFER HOUSE RENT
06-09-2025,UPI-CREDCLUB-COACHING FEES,0.0,2830.0,,Education & Books,10,308,Education Expense Ledger,UPI CREDCLUB COACHING FEES
29-06-2025,BANK TRANSFER-HOUSE RENT-696923,0.0,53972.0,,Rent & Housing,4,302,Rent Expense Ledger,BANK TRANSFER HOUSE RENT
24-01-2026,JAN 2026 SALARY CREDIT,51360.0,0.0,,Salary Income,1,201,Salary Ledger,JAN SALARY CREDIT
16-01-2026,UPI-AMAZON INDIA-STATIONERY,0.0,4351.0,,Education & Books,10,308,Education Expense Ledger,UPI AMAZON INDIA STATIONERY
09-12-2025,NEFT CR-CREDIT CARD BILL PAYMENT-318780145,0.0,72376.0,,Credit Card Payment,11,401,Credit Card Payment Ledger,NEFT CR CREDIT CARD BILL PAYMENT
09-07-2025,UPI-AK JUICE CENTRE-ONLINE COURSE,0.0,8521.0,,Education & Books,10,308,Education Expense Ledger,UPI AK JUICE CENTRE ONLINE COURSE
01-11-2025,ACH C- HDFC BANK DIVIDEND-238454,7416.0,0.0,,Investment Income,2,202,Investment Income Ledger,ACH C HDFC BANK DIVIDEND
10-08-2025,UPI-BIG BAZAAR-MISC-429801,10736.0,0.0,,Miscellaneous,12,499,Miscellaneous Ledger,UPI BIG BAZAAR MISC
04-05-2025,UPI-BIG BAZAAR-LAB TESTS,0.0,4396.0,,Health & Medical,9,307,Medical Expense Ledger,UPI BIG BAZAAR LAB TESTS
28-02-2026,UPI-IRCTC UTS-TICKET-295379543,0.0,3337.0,,Transport & Travel,5,303,Travel Expense Ledger,UPI IRCTC UTS TICKET
20-05-2025,UPI-ZERODHA BROKING LTD-CONCERT TICKETS,0.0,4561.0,,Entertainment,8,306,Entertainment Expense Ledger,UPI ZERODHA BROKING LTD CONCERT TICKETS
12-03-2026,UPI-CREDCLUB-MOVIE TICKETS,0.0,2376.0,,Entertainment,8,306,Entertainment Expense Ledger,UPI CREDCLUB MOVIE TICKETS
10-09-2025,UPI-OLA CABS-PHARMACY,0.0,2243.0,,Health & Medical,9,307,Medical Expense Ledger,UPI OLA CABS PHARMACY
07-06-2025,UPI-NETFLIX-MEDICAL BILL,0.0,3083.0,,Health & Medical,9,307,Medical Expense Ledger,UPI NETFLIX MEDICAL BILL
15-10-2025,UPI-BIG BAZAAR-CAB RIDE,0.0,7061.0,,Transport & Travel,5,303,Travel Expense Ledger,UPI BIG BAZAAR CAB RIDE
12-02-2026,VEDANTA LIMITED INTEREST CREDIT-724913,974.0,0.0,,Investment Income,2,202,Investment Income Ledger,VEDANTA LIMITED INTEREST CREDIT
23-12-2025,UPI-IRCTC UTS-STATIONERY,0.0,695.0,,Education & Books,10,308,Education Expense Ledger,UPI IRCTC UTS STATIONERY
19-01-2026,ACH C- VEDANTA LIMITED DIVIDEND-788284,1602.0,0.0,,Investment Income,2,202,Investment Income Ledger,ACH C VEDANTA LIMITED DIVIDEND
26-11-2025,RENT PAYMENT-678963,0.0,31889.0,,Rent & Housing,4,302,Rent Expense Ledger,RENT PAYMENT
08-12-2025,UPI-ZOMATO-GAMING,0.0,4754.0,,Entertainment,8,306,Entertainment Expense Ledger,UPI ZOMATO GAMING
04-02-2026,UPI-CREDCLUB-CRED PAYMENT-626674166,0.0,41718.0,,Credit Card Payment,11,401,Credit Card Payment Ledger,UPI CREDCLUB CRED PAYMENT
30-06-2025,UPI-DMART-DINNER,0.0,2021.0,,Groceries & Food,3,301,Groceries Expense Ledger,UPI DMART DINNER
26-09-2025,UPI-NETFLIX-COACHING FEES,0.0,353.0,,Education & Books,10,308,Education Expense Ledger,UPI NETFLIX COACHING FEES
20-06-2025,ACH C- INFOSYS LIMITED DIVIDEND-475233,5649.0,0.0,,Investment Income,2,202,Investment Income Ledger,ACH C INFOSYS LIMITED DIVIDEND
26-03-2026,NEFT CR-SALARY-ASSET VANTAGE,51049.0,0.0,,Salary Income,1,201,Salary Ledger,NEFT CR SALARY ASSET VANTAGE
10-03-2026,UPI-OLA CABS-MISC-324062,0.0,8146.0,,Miscellaneous,12,499,Miscellaneous Ledger,UPI OLA CABS MISC
15-04-2025,UPI-UBER-LUNCH,0.0,1948.0,,Groceries & Food,3,301,Groceries Expense Ledger,UPI UBER LUNCH
13-12-2025,UPI-LENSKART-STATIONERY,0.0,3626.0,,Education & Books,10,308,Education Expense Ledger,UPI LENSKART STATIONERY
03-03-2026,RENT PAYMENT-568013,0.0,28085.0,,Rent & Housing,4,302,Rent Expense Ledger,RENT PAYMENT
05-06-2025,NEFT-RENT-942549,0.0,37079.0,,Rent & Housing,4,302,Rent Expense Ledger,NEFT RENT
24-10-2025,APR OCT SALARY,79472.0,0.0,,Salary Income,1,201,Salary Ledger,APR OCT SALARY
28-02-2026,POS-NATURAL ICE CREAM-MALL PURCHASE,0.0,19095.0,,Shopping & Lifestyle,6,304,Shopping Expense Ledger,POS NATURAL ICE CREAM MALL PURCHASE
13-04-2025,UPI-PVR CINEMAS-WATER BILL,0.0,3405.0,,Utilities & Bills,7,305,Utilities Expense Ledger,UPI PVR CINEMAS WATER BILL
10-12-2025,UPI-RELIANCE DIGITAL-GAS CYLINDER PAYMENT,0.0,3504.0,,Utilities & Bills,7,305,Utilities Expense Ledger,UPI RELIANCE DIGITAL GAS CYLINDER PAYMENT
18-07-2025,UPI-ZERODHA BROKING LTD-ONLINE COURSE,0.0,9749.0,,Education & Books,10,308,Education Expense Ledger,UPI ZERODHA BROKING LTD ONLINE COURSE
03-03-2026,UPI-LENSKART-BOOKS,0.0,3392.0,,Education & Books,10,308,Education Expense Ledger,UPI LENSKART BOOKS
20-03-2026,UPI-RELIANCE DIGITAL-JUICE,0.0,1509.0,,Groceries & Food,3,301,Groceries Expense Ledger,UPI RELIANCE DIGITAL JUICE
10-03-2026,NEFT CR-CREDIT CARD BILL PAYMENT-313325360,0.0,50549.0,,Credit Card Payment,11,401,Credit Card Payment Ledger,NEFT CR CREDIT CARD BILL PAYMENT
20-09-2025,UPI-SWIGGY-MISC-644333,4875.0,0.0,,Miscellaneous,12,499,Miscellaneous Ledger,UPI SWIGGY MISC
08-02-2026,ZOMATO SUBSCRIPTION-782265,0.0,3041.0,,Entertainment,8,306,Entertainment Expense Ledger,ZOMATO SUBSCRIPTION
02-02-2026,UPI-NATURAL ICE CREAM-MUMBAI TRIP,0.0,7167.0,,Transport & Travel,5,303,Travel Expense Ledger,UPI NATURAL ICE CREAM MUMBAI TRIP
26-07-2025,UPI-CROSSWORD BOOKSTORE-ONLINE COURSE,0.0,1680.0,,Education & Books,10,308,Education Expense Ledger,UPI CROSSWORD BOOKSTORE ONLINE COURSE
27-01-2026,UPI-APOLLO PHARMACY-GAS CYLINDER PAYMENT,0.0,1499.0,,Utilities & Bills,7,305,Utilities Expense Ledger,UPI APOLLO PHARMACY GAS CYLINDER PAYMENT
14-04-2025,UPI-NATURAL ICE CREAM-JUICE,0.0,1256.0,,Groceries & Food,3,301,Groceries Expense Ledger,UPI NATURAL ICE CREAM JUICE
04-11-2025,INFOSYS LIMITED INTEREST CREDIT-479553,9777.0,0.0,,Investment Income,2,202,Investment Income Ledger,INFOSYS LIMITED INTEREST CREDIT
23-06-2025,UPI-SWIGGY-MISC-875359,1582.0,0.0,,Miscellaneous,12,499,Miscellaneous Ledger,UPI SWIGGY MISC
14-05-2025,BANK TRANSFER-HOUSE RENT-985259,0.0,57429.0,,Rent & Housing,4,302,Rent Expense Ledger,BANK TRANSFER HOUSE RENT
29-04-2025,BANK TRANSFER-HOUSE RENT-720253,0.0,53178.0,,Rent & Housing,4,302,Rent Expense Ledger,BANK TRANSFER HOUSE RENT
10-12-2025,UPI-GOOGLEPAY-GOA TRIP EXPENSES,0.0,3222.0,,Transport & Travel,5,303,Travel Expense Ledger,UPI GOOGLEPAY GOA TRIP EXPENSES
02-08-2025,CC BILL PAYMENT-518963898,0.0,23884.0,,Credit Card Payment,11,401,Credit Card Payment Ledger,CC BILL PAYMENT
20-12-2025,UPI-RELIANCE DIGITAL-GOA TRIP EXPENSES,0.0,6766.0,,Transport & Travel,5,303,Travel Expense Ledger,UPI RELIANCE DIGITAL GOA TRIP EXPENSES
24-04-2025,UPI-IRCTC UTS-TICKET-703645314,0.0,3464.0,,Transport & Travel,5,303,Travel Expense Ledger,UPI IRCTC UTS TICKET
24-07-2025,UPI-NATURAL ICE CREAM-CLOTHING,0.0,13665.0,,Shopping & Lifestyle,6,304,Shopping Expense Ledger,UPI NATURAL ICE CREAM CLOTHING
14-10-2025,UPI-GOOGLEPAY-GOA TRIP EXPENSES,0.0,9180.0,,Transport & Travel,5,303,Travel Expense Ledger,UPI GOOGLEPAY GOA TRIP EXPENSES
13-01-2026,UPI-BHARGAV SANDEEP DESAI-BOOKS,0.0,671.0,,Education & Books,10,308,Education Expense Ledger,UPI BHARGAV SANDEEP DESAI BOOKS
26-07-2025,UPI-ZOMATO-MOBILE BILL,0.0,3797.0,,Utilities & Bills,7,305,Utilities Expense Ledger,UPI ZOMATO MOBILE BILL
14-11-2025,POS-AMAZON INDIA-MALL PURCHASE,0.0,563.0,,Shopping & Lifestyle,6,304,Shopping Expense Ledger,POS AMAZON INDIA MALL PURCHASE
17-02-2026,UPI-BHARGAV SANDEEP DESAI-BOOKS,0.0,2136.0,,Education & Books,10,308,Education Expense Ledger,UPI BHARGAV SANDEEP DESAI BOOKS
11-11-2025,UPI-FLIPKART-JUICE,0.0,920.0,,Groceries & Food,3,301,Groceries Expense Ledger,UPI FLIPKART JUICE
24-06-2025,HDFC BANK INTEREST CREDIT-496419,5254.0,0.0,,Investment Income,2,202,Investment Income Ledger,HDFC BANK INTEREST CREDIT
09-04-2025,DIVIDEND CREDIT CRISIL LIMITED-430763,2294.0,0.0,,Investment Income,2,202,Investment Income Ledger,DIVIDEND CREDIT CRISIL LIMITED
11-02-2026,FEB 2026 SALARY CREDIT,48521.0,0.0,,Salary Income,1,201,Salary Ledger,FEB SALARY CREDIT
08-04-2025,UPI-BIG BAZAAR-GAMING,0.0,4832.0,,Entertainment,8,306,Entertainment Expense Ledger,UPI BIG BAZAAR GAMING
13-02-2026,UPI-AMAZON INDIA-LAB TESTS,0.0,3142.0,,Health & Medical,9,307,Medical Expense Ledger,UPI AMAZON INDIA LAB TESTS
10-10-2025,HINDUSTAN UNILEVER LTD INTEREST CREDIT-298153,2617.0,0.0,,Investment Income,2,202,Investment Income Ledger,HINDUSTAN UNILEVER LTD INTEREST CREDIT
08-03-2026,UPI-FLIPKART-MUMBAI TRIP,0.0,10551.0,,Transport & Travel,5,303,Travel Expense Ledger,UPI FLIPKART MUMBAI TRIP
16-01-2026,UPI-ZOMATO-CLOTHING,0.0,9245.0,,Shopping & Lifestyle,6,304,Shopping Expense Ledger,UPI ZOMATO CLOTHING
30-03-2026,DIVIDEND CREDIT TCS LIMITED-262007,8719.0,0.0,,Investment Income,2,202,Investment Income Ledger,DIVIDEND CREDIT TCS LIMITED
06-08-2025,UPI-ZERODHA BROKING LTD-ELECTRICITY BILL,0.0,4430.0,,Utilities & Bills,7,305,Utilities Expense Ledger,UPI ZERODHA BROKING LTD ELECTRICITY BILL
05-01-2026,UPI-ZOMATO-COACHING FEES,0.0,5613.0,,Education & Books,10,308,Education Expense Ledger,UPI ZOMATO COACHING FEES
25-08-2025,POS-UBER-MALL PURCHASE,0.0,19187.0,,Shopping & Lifestyle,6,304,Shopping Expense Ledger,POS UBER MALL PURCHASE
22-09-2025,UPI-MYNTRA-BOOKS,0.0,7757.0,,Education & Books,10,308,Education Expense Ledger,UPI MYNTRA BOOKS
15-11-2025,DIVIDEND CREDIT ICICI BANK-738071,9161.0,0.0,,Investment Income,2,202,Investment Income Ledger,DIVIDEND CREDIT ICICI BANK
13-02-2026,UPI-DMART-MOVIE TICKETS,0.0,169.0,,Entertainment,8,306,Entertainment Expense Ledger,UPI DMART MOVIE TICKETS
25-03-2026,UPI-SPOTIFY-ELECTRICITY BILL,0.0,2207.0,,Utilities & Bills,7,305,Utilities Expense Ledger,UPI SPOTIFY ELECTRICITY BILL
05-01-2026,UPI-LENSKART-MOVIE TICKETS,0.0,2879.0,,Entertainment,8,306,Entertainment Expense Ledger,UPI LENSKART MOVIE TICKETS
31-08-2025,UPI-FLIPKART-MISC-222989,0.0,5985.0,,Miscellaneous,12,499,Miscellaneous Ledger,UPI FLIPKART MISC
01-09-2025,UPI-FLIPKART-PHARMACY,0.0,7547.0,,Health & Medical,9,307,Medical Expense Ledger,UPI FLIPKART PHARMACY
25-12-2025,UPI-UBER-ONLINE COURSE,0.0,8416.0,,Education & Books,10,308,Education Expense Ledger,UPI UBER ONLINE COURSE
26-06-2025,TATA POWER CO LTD INTEREST CREDIT-325756,6250.0,0.0,,Investment Income,2,202,Investment Income Ledger,TATA POWER CO LTD INTEREST CREDIT
11-05-2025,UPI-CREDCLUB-BROADBAND BILL,0.0,4584.0,,Utilities & Bills,7,305,Utilities Expense Ledger,UPI CREDCLUB BROADBAND BILL
08-08-2025,ACH C- CRISIL LIMITED DIVIDEND-157939,7122.0,0.0,,Investment Income,2,202,Investment Income Ledger,ACH C CRISIL LIMITED DIVIDEND
14-07-2025,UPI-STARBUCKS-DINNER,0.0,484.0,,Groceries & Food,3,301,Groceries Expense Ledger,UPI STARBUCKS DINNER
17-07-2025,ACH C- HINDUSTAN UNILEVER LTD DIVIDEND-655913,7983.0,0.0,,Investment Income,2,202,Investment Income Ledger,ACH C HINDUSTAN UNILEVER LTD DIVIDEND
25-06-2025,UPI-BIG BAZAAR-ELECTRICITY BILL,0.0,635.0,,Utilities & Bills,7,305,Utilities Expense Ledger,UPI BIG BAZAAR ELECTRICITY BILL
16-04-2025,TCS LIMITED INTEREST CREDIT-211776,3307.0,0.0,,Investment Income,2,202,Investment Income Ledger,TCS LIMITED INTEREST CREDIT
07-04-2025,UPI-SPOTIFY-GAMING,0.0,3213.0,,Entertainment,8,306,Entertainment Expense Ledger,UPI SPOTIFY GAMING
26-03-2026,UPI-STARBUCKS-FOOD,0.0,1003.0,,Groceries & Food,3,301,Groceries Expense Ledger,UPI STARBUCKS FOOD
03-09-2025,SEP 2025 SALARY CREDIT,61271.0,0.0,,Salary Income,1,201,Salary Ledger,SEP SALARY CREDIT
18-08-2025,UPI-DMART-PHARMACY,0.0,2127.0,,Health & Medical,9,307,Medical Expense Ledger,UPI DMART PHARMACY
04-12-2025,OLA CABS PAYMENT-500615196,0.0,11773.0,,Transport & Travel,5,303,Travel Expense Ledger,OLA CABS PAYMENT
19-06-2025,UPI-RELIANCE DIGITAL-FOOD,0.0,2187.0,,Groceries & Food,3,301,Groceries Expense Ledger,UPI RELIANCE DIGITAL FOOD
12-03-2026,UPI-CREDCLUB-STATIONERY,0.0,3526.0,,Education & Books,10,308,Education Expense Ledger,UPI CREDCLUB STATIONERY
12-01-2026,NEFT CR-CREDIT CARD BILL PAYMENT-645401420,0.0,5763.0,,Credit Card Payment,11,401,Credit Card Payment Ledger,NEFT CR CREDIT CARD BILL PAYMENT
03-05-2025,UPI-CREDCLUB-MUMBAI TRIP,0.0,11321.0,,Transport & Travel,5,303,Travel Expense Ledger,UPI CREDCLUB MUMBAI TRIP
30-08-2025,UPI-RELIANCE DIGITAL-CAB RIDE,0.0,6122.0,,Transport & Travel,5,303,Travel Expense Ledger,UPI RELIANCE DIGITAL CAB RIDE
14-02-2026,UPI-AMAZON INDIA-MISC-815295,0.0,6209.0,,Miscellaneous,12,499,Miscellaneous Ledger,UPI AMAZON INDIA MISC
10-03-2026,OLA CABS PAYMENT-741019209,0.0,9712.0,,Transport & Travel,5,303,Travel Expense Ledger,OLA CABS PAYMENT
18-09-2025,NEFT-RENT-892244,0.0,10892.0,,Rent & Housing,4,302,Rent Expense Ledger,NEFT RENT
10-11-2025,RELIANCE INDUSTRIES INTEREST CREDIT-680222,704.0,0.0,,Investment Income,2,202,Investment Income Ledger,RELIANCE INDUSTRIES INTEREST CREDIT
31-05-2025,UPI-CROSSWORD BOOKSTORE-GAS CYLINDER PAYMENT,0.0,3171.0,,Utilities & Bills,7,305,Utilities Expense Ledger,UPI CROSSWORD BOOKSTORE GAS CYLINDER PAYMENT
27-03-2026,BANK TRANSFER-HOUSE RENT-258272,0.0,59028.0,,Rent & Housing,4,302,Rent Expense Ledger,BANK TRANSFER HOUSE RENT
24-06-2025,BANK TRANSFER-HOUSE RENT-602716,0.0,30538.0,,Rent & Housing,4,302,Rent Expense Ledger,BANK TRANSFER HOUSE RENT
10-03-2026,OLA CABS PAYMENT-110867948,0.0,3834.0,,Transport & Travel,5,303,Travel Expense Ledger,OLA CABS PAYMENT
23-11-2025,NEFT CR-SALARY-TCS,60698.0,0.0,,Salary Income,1,201,Salary Ledger,NEFT CR SALARY TCS
08-11-2025,UPI-AK JUICE CENTRE-BROADBAND BILL,0.0,2882.0,,Utilities & Bills,7,305,Utilities Expense Ledger,UPI AK JUICE CENTRE BROADBAND BILL
04-10-2025,UPI-PVR CINEMAS-CONCERT TICKETS,0.0,4552.0,,Entertainment,8,306,Entertainment Expense Ledger,UPI PVR CINEMAS CONCERT TICKETS
23-06-2025,UPI-STARBUCKS-MISC-250259,7738.0,0.0,,Miscellaneous,12,499,Miscellaneous Ledger,UPI STARBUCKS MISC
04-06-2025,UPI-IRCTC UTS-ONLINE SHOPPING,0.0,4579.0,,Shopping & Lifestyle,6,304,Shopping Expense Ledger,UPI IRCTC UTS ONLINE SHOPPING
20-06-2025,TATA POWER CO LTD INTEREST CREDIT-839945,927.0,0.0,,Investment Income,2,202,Investment Income Ledger,TATA POWER CO LTD INTEREST CREDIT
07-06-2025,UPI-FLIPKART-ONLINE COURSE,0.0,2837.0,,Education & Books,10,308,Education Expense Ledger,UPI FLIPKART ONLINE COURSE
09-01-2026,UPI-ZERODHA BROKING LTD-CLOTHING,0.0,3083.0,,Shopping & Lifestyle,6,304,Shopping Expense Ledger,UPI ZERODHA BROKING LTD CLOTHING
06-08-2025,UPI-NATURAL ICE CREAM-ELECTRICITY BILL,0.0,3839.0,,Utilities & Bills,7,305,Utilities Expense Ledger,UPI NATURAL ICE CREAM ELECTRICITY BILL
22-04-2025,UPI-FLIPKART-GOA TRIP EXPENSES,0.0,9059.0,,Transport & Travel,5,303,Travel Expense Ledger,UPI FLIPKART GOA TRIP EXPENSES
19-03-2026,UPI-CROSSWORD BOOKSTORE-PHARMACY,0.0,854.0,,Health & Medical,9,307,Medical Expense Ledger,UPI CROSSWORD BOOKSTORE PHARMACY
16-02-2026,UPI-STARBUCKS-GOA TRIP EXPENSES,0.0,8512.0,,Transport & Travel,5,303,Travel Expense Ledger,UPI STARBUCKS GOA TRIP EXPENSES
04-03-2026,UPI-AK JUICE CENTRE-COACHING FEES,0.0,5715.0,,Education & Books,10,308,Education Expense Ledger,UPI AK JUICE CENTRE COACHING FEES
29-03-2026,ACH C- TATA POWER CO LTD DIVIDEND-119403,8217.0,0.0,,Investment Income,2,202,Investment Income Ledger,ACH C TATA POWER CO LTD DIVIDEND
03-06-2025,ACH C- INFOSYS LIMITED DIVIDEND-739548,9685.0,0.0,,Investment Income,2,202,Investment Income Ledger,ACH C INFOSYS LIMITED DIVIDEND
23-08-2025,UPI-BHARGAV SANDEEP DESAI-GOA TRIP EXPENSES,0.0,4853.0,,Transport & Travel,5,303,Travel Expense Ledger,UPI BHARGAV SANDEEP DESAI GOA TRIP EXPENSES
01-01-2026,UPI-AMAZON INDIA-PHARMACY,0.0,4286.0,,Health & Medical,9,307,Medical Expense Ledger,UPI AMAZON INDIA PHARMACY
10-12-2025,RENT PAYMENT-583761,0.0,56552.0,,Rent & Housing,4,302,Rent Expense Ledger,RENT PAYMENT
27-05-2025,UPI-LENSKART-MISC-635620,10971.0,0.0,,Miscellaneous,12,499,Miscellaneous Ledger,UPI LENSKART MISC
22-01-2026,ACH C- TATA POWER CO LTD DIVIDEND-823807,2843.0,0.0,,Investment Income,2,202,Investment Income Ledger,ACH C TATA POWER CO LTD DIVIDEND
21-06-2025,UPI-OLA CABS-STATIONERY,0.0,8152.0,,Education & Books,10,308,Education Expense Ledger,UPI OLA CABS STATIONERY
21-06-2025,UPI-NETFLIX-DINNER,0.0,1243.0,,Groceries & Food,3,301,Groceries Expense Ledger,UPI NETFLIX DINNER
13-10-2025,UPI-NETFLIX-ELECTRONICS,0.0,1373.0,,Shopping & Lifestyle,6,304,Shopping Expense Ledger,UPI NETFLIX ELECTRONICS
02-11-2025,CC BILL PAYMENT-127543766,0.0,1835.0,,Credit Card Payment,11,401,Credit Card Payment Ledger,CC BILL PAYMENT
29-10-2025,DIVIDEND CREDIT RELIANCE INDUSTRIES-823503,4617.0,0.0,,Investment Income,2,202,Investment Income Ledger,DIVIDEND CREDIT RELIANCE INDUSTRIES
04-05-2025,UPI-UBER-DINNER,0.0,1884.0,,Groceries & Food,3,301,Groceries Expense Ledger,UPI UBER DINNER
14-02-2026,UPI-RELIANCE DIGITAL-CONCERT TICKETS,0.0,4884.0,,Entertainment,8,306,Entertainment Expense Ledger,UPI RELIANCE DIGITAL CONCERT TICKETS
06-07-2025,UPI-CROSSWORD BOOKSTORE-MEDICAL BILL,0.0,3638.0,,Health & Medical,9,307,Medical Expense Ledger,UPI CROSSWORD BOOKSTORE MEDICAL BILL
18-05-2025,NEFT CR-CREDIT CARD BILL PAYMENT-684334315,0.0,41387.0,,Credit Card Payment,11,401,Credit Card Payment Ledger,NEFT CR CREDIT CARD BILL PAYMENT
18-02-2026,BANK TRANSFER-HOUSE RENT-771088,0.0,8706.0,,Rent & Housing,4,302,Rent Expense Ledger,BANK TRANSFER HOUSE RENT
14-03-2026,UPI-SPOTIFY-SHOPPING,0.0,5433.0,,Shopping & Lifestyle,6,304,Shopping Expense Ledger,UPI SPOTIFY SHOPPING
08-02-2026,UPI-OLA CABS-BROADBAND BILL,0.0,787.0,,Utilities & Bills,7,305,Utilities Expense Ledger,UPI OLA CABS BROADBAND BILL
20-01-2026,RENT PAYMENT-140633,0.0,20126.0,,Rent & Housing,4,302,Rent Expense Ledger,RENT PAYMENT
25-11-2025,UPI-LENSKART-BROADBAND BILL,0.0,3517.0,,Utilities & Bills,7,305,Utilities Expense Ledger,UPI LENSKART BROADBAND BILL
18-10-2025,UPI-CROSSWORD BOOKSTORE-BROADBAND BILL,0.0,364.0,,Utilities & Bills,7,305,Utilities Expense Ledger,UPI CROSSWORD BOOKSTORE BROADBAND BILL
02-05-2025,APR MAY SALARY,43057.0,0.0,,Salary Income,1,201,Salary Ledger,APR MAY SALARY
27-08-2025,UPI-SPOTIFY-BREAKFAST,0.0,463.0,,Groceries & Food,3,301,Groceries Expense Ledger,UPI SPOTIFY BREAKFAST
14-08-2025,RENT PAYMENT-919564,0.0,41635.0,,Rent & Housing,4,302,Rent Expense Ledger,RENT PAYMENT
04-07-2025,UPI-AK JUICE CENTRE-MISC-615578,0.0,12074.0,,Miscellaneous,12,499,Miscellaneous Ledger,UPI AK JUICE CENTRE MISC
20-12-2025,DIVIDEND CREDIT ICICI BANK-905855,6518.0,0.0,,Investment Income,2,202,Investment Income Ledger,DIVIDEND CREDIT ICICI BANK
28-09-2025,UPI-FLIPKART-COACHING FEES,0.0,652.0,,Education & Books,10,308,Education Expense Ledger,UPI FLIPKART COACHING FEES
30-04-2025,UPI-MYNTRA-ONLINE COURSE,0.0,1581.0,,Education & Books,10,308,Education Expense Ledger,UPI MYNTRA ONLINE COURSE
20-06-2025,UPI-IRCTC UTS-TICKET-236687334,0.0,14827.0,,Transport & Travel,5,303,Travel Expense Ledger,UPI IRCTC UTS TICKET
05-12-2025,OLA CABS PAYMENT-193830920,0.0,13441.0,,Transport & Travel,5,303,Travel Expense Ledger,OLA CABS PAYMENT
28-04-2025,APR 2025 SALARY CREDIT,85124.0,0.0,,Salary Income,1,201,Salary Ledger,APR SALARY CREDIT
04-02-2026,BANK TRANSFER-HOUSE RENT-222026,0.0,11516.0,,Rent & Housing,4,302,Rent Expense Ledger,BANK TRANSFER HOUSE RENT
28-09-2025,UPI-BIG BAZAAR-LUNCH,0.0,1919.0,,Groceries & Food,3,301,Groceries Expense Ledger,UPI BIG BAZAAR LUNCH
22-09-2025,SEP 2025 SALARY CREDIT,76643.0,0.0,,Salary Income,1,201,Salary Ledger,SEP SALARY CREDIT
02-11-2025,UPI-DMART-COACHING FEES,0.0,6438.0,,Education & Books,10,308,Education Expense Ledger,UPI DMART COACHING FEES
26-01-2026,JAN 2026 SALARY CREDIT,53382.0,0.0,,Salary Income,1,201,Salary Ledger,JAN SALARY CREDIT
05-08-2025,UPI-LENSKART-MUMBAI TRIP,0.0,8383.0,,Transport & Travel,5,303,Travel Expense Ledger,UPI LENSKART MUMBAI TRIP
03-12-2025,UPI-OLA CABS-CLOTHING,0.0,8547.0,,Shopping & Lifestyle,6,304,Shopping Expense Ledger,UPI OLA CABS CLOTHING
23-10-2025,UPI-IRCTC UTS-TICKET-765585023,0.0,13941.0,,Transport & Travel,5,303,Travel Expense Ledger,UPI IRCTC UTS TICKET
07-07-2025,NEFT CR-SALARY-HDFC BANK,87340.0,0.0,,Salary Income,1,201,Salary Ledger,NEFT CR SALARY HDFC BANK
14-02-2026,UPI-IRCTC UTS-TICKET-763661890,0.0,7494.0,,Transport & Travel,5,303,Travel Expense Ledger,UPI IRCTC UTS TICKET
16-01-2026,UPI-GOOGLEPAY-MEDICAL BILL,0.0,4934.0,,Health & Medical,9,307,Medical Expense Ledger,UPI GOOGLEPAY MEDICAL BILL
26-11-2025,UPI-CREDCLUB-BROADBAND BILL,0.0,2931.0,,Utilities & Bills,7,305,Utilities Expense Ledger,UPI CREDCLUB BROADBAND BILL
04-02-2026,UPI-DOMINOS PIZZA-GOA TRIP EXPENSES,0.0,5403.0,,Transport & Travel,5,303,Travel Expense Ledger,UPI DOMINOS PIZZA GOA TRIP EXPENSES
10-02-2026,APR FEB SALARY,55958.0,0.0,,Salary Income,1,201,Salary Ledger,APR FEB SALARY
14-12-2025,DIVIDEND CREDIT ASIAN PAINTS LTD-403806,6404.0,0.0,,Investment Income,2,202,Investment Income Ledger,DIVIDEND CREDIT ASIAN PAINTS LTD
30-01-2026,UPI-AMAZON INDIA-STATIONERY,0.0,514.0,,Education & Books,10,308,Education Expense Ledger,UPI AMAZON INDIA STATIONERY
10-12-2025,NEFT CR-SALARY-HDFC BANK,77146.0,0.0,,Salary Income,1,201,Salary Ledger,NEFT CR SALARY HDFC BANK
04-12-2025,NEFT-RENT-131556,0.0,54098.0,,Rent & Housing,4,302,Rent Expense Ledger,NEFT RENT
12-11-2025,UPI-AIRTEL PAYMENTS BANK-GAS CYLINDER PAYMENT,0.0,957.0,,Utilities & Bills,7,305,Utilities Expense Ledger,UPI AIRTEL PAYMENTS BANK GAS CYLINDER PAYMENT
30-12-2025,SALARY CREDIT DEC 2025,45670.0,0.0,,Salary Income,1,201,Salary Ledger,SALARY CREDIT DEC
28-05-2025,NEFT-RENT-296292,0.0,46885.0,,Rent & Housing,4,302,Rent Expense Ledger,NEFT RENT
15-02-2026,UPI-AMAZON INDIA-MISC-872291,14581.0,0.0,,Miscellaneous,12,499,Miscellaneous Ledger,UPI AMAZON INDIA MISC
12-02-2026,UPI-SPOTIFY-BREAKFAST,0.0,1737.0,,Groceries & Food,3,301,Groceries Expense Ledger,UPI SPOTIFY BREAKFAST
11-04-2025,UPI-ZOMATO-ONLINE COURSE,0.0,5376.0,,Education & Books,10,308,Education Expense Ledger,UPI ZOMATO ONLINE COURSE
26-01-2026,RELIANCE INDUSTRIES INTEREST CREDIT-324970,8770.0,0.0,,Investment Income,2,202,Investment Income Ledger,RELIANCE INDUSTRIES INTEREST CREDIT
17-05-2025,UPI-ZERODHA BROKING LTD-LUNCH,0.0,1352.0,,Groceries & Food,3,301,Groceries Expense Ledger,UPI ZERODHA BROKING LTD LUNCH
31-07-2025,UPI-OLA CABS-MISC-744795,11578.0,0.0,,Miscellaneous,12,499,Miscellaneous Ledger,UPI OLA CABS MISC
27-12-2025,UPI-MYNTRA-FOOD,0.0,1799.0,,Groceries & Food,3,301,Groceries Expense Ledger,UPI MYNTRA FOOD
29-05-2025,UPI-SWIGGY-MISC-565536,0.0,3442.0,,Miscellaneous,12,499,Miscellaneous Ledger,UPI SWIGGY MISC
23-01-2026,UPI-AIRTEL PAYMENTS BANK-ONLINE COURSE,0.0,1270.0,,Education & Books,10,308,Education Expense Ledger,UPI AIRTEL PAYMENTS BANK ONLINE COURSE
28-01-2026,UPI-SPOTIFY-MISC-312986,13507.0,0.0,,Miscellaneous,12,499,Miscellaneous Ledger,UPI SPOTIFY MISC
02-10-2025,UPI-ZOMATO-MOBILE BILL,0.0,1188.0,,Utilities & Bills,7,305,Utilities Expense Ledger,UPI ZOMATO MOBILE BILL
03-04-2025,UPI-CREDCLUB-GAMING,0.0,2969.0,,Entertainment,8,306,Entertainment Expense Ledger,UPI CREDCLUB GAMING
14-07-2025,ACH C- HDFC BANK DIVIDEND-524429,6704.0,0.0,,Investment Income,2,202,Investment Income Ledger,ACH C HDFC BANK DIVIDEND
11-11-2025,UPI-BHARGAV SANDEEP DESAI-GAMING,0.0,1378.0,,Entertainment,8,306,Entertainment Expense Ledger,UPI BHARGAV SANDEEP DESAI GAMING
24-03-2026,UPI-AK JUICE CENTRE-MUMBAI TRIP,0.0,5617.0,,Transport & Travel,5,303,Travel Expense Ledger,UPI AK JUICE CENTRE MUMBAI TRIP
16-11-2025,NEFT-RENT-513083,0.0,37631.0,,Rent & Housing,4,302,Rent Expense Ledger,NEFT RENT
04-07-2025,UPI-STARBUCKS-MISC-832318,2291.0,0.0,,Miscellaneous,12,499,Miscellaneous Ledger,UPI STARBUCKS MISC
17-11-2025,UPI-GOOGLEPAY-BROADBAND BILL,0.0,603.0,,Utilities & Bills,7,305,Utilities Expense Ledger,UPI GOOGLEPAY BROADBAND BILL
14-10-2025,UPI-ZERODHA BROKING LTD-ELECTRICITY BILL,0.0,4363.0,,Utilities & Bills,7,305,Utilities Expense Ledger,UPI ZERODHA BROKING LTD ELECTRICITY BILL
09-01-2026,UPI-GOOGLEPAY-MOBILE BILL,0.0,4473.0,,Utilities & Bills,7,305,Utilities Expense Ledger,UPI GOOGLEPAY MOBILE BILL
09-05-2025,UPI-CREDCLUB-MISC-669929,5053.0,0.0,,Miscellaneous,12,499,Miscellaneous Ledger,UPI CREDCLUB MISC
03-01-2026,UPI-AIRTEL PAYMENTS BANK-MISC-657373,14507.0,0.0,,Miscellaneous,12,499,Miscellaneous Ledger,UPI AIRTEL PAYMENTS BANK MISC
15-10-2025,UPI-UBER-DOCTOR CONSULTATION,0.0,1702.0,,Health & Medical,9,307,Medical Expense Ledger,UPI UBER DOCTOR CONSULTATION
17-03-2026,UPI-GOOGLEPAY-MOBILE BILL,0.0,318.0,,Utilities & Bills,7,305,Utilities Expense Ledger,UPI GOOGLEPAY MOBILE BILL
03-08-2025,ACH C- ICICI BANK DIVIDEND-922450,3607.0,0.0,,Investment Income,2,202,Investment Income Ledger,ACH C ICICI BANK DIVIDEND
17-11-2025,DIVIDEND CREDIT ASIAN PAINTS LTD-370001,2653.0,0.0,,Investment Income,2,202,Investment Income Ledger,DIVIDEND CREDIT ASIAN PAINTS LTD
06-03-2026,UPI-BHARGAV SANDEEP DESAI-GOA TRIP EXPENSES,0.0,8277.0,,Transport & Travel,5,303,Travel Expense Ledger,UPI BHARGAV SANDEEP DESAI GOA TRIP EXPENSES
08-05-2025,UPI-ZOMATO-ONLINE SHOPPING,0.0,12026.0,,Shopping & Lifestyle,6,304,Shopping Expense Ledger,UPI ZOMATO ONLINE SHOPPING
08-03-2026,APR MAR SALARY,86598.0,0.0,,Salary Income,1,201,Salary Ledger,APR MAR SALARY
07-12-2025,NEFT-RENT-727763,0.0,48166.0,,Rent & Housing,4,302,Rent Expense Ledger,NEFT RENT
25-04-2025,POS-AMAZON INDIA-MALL PURCHASE,0.0,16908.0,,Shopping & Lifestyle,6,304,Shopping Expense Ledger,POS AMAZON INDIA MALL PURCHASE
19-07-2025,CC BILL PAYMENT-698372628,0.0,46772.0,,Credit Card Payment,11,401,Credit Card Payment Ledger,CC BILL PAYMENT
14-12-2025,UPI-OLA CABS-CONCERT TICKETS,0.0,3657.0,,Entertainment,8,306,Entertainment Expense Ledger,UPI OLA CABS CONCERT TICKETS
25-04-2025,UPI-DMART-JUICE,0.0,308.0,,Groceries & Food,3,301,Groceries Expense Ledger,UPI DMART JUICE
29-10-2025,UPI-OLA CABS-GOA TRIP EXPENSES,0.0,9483.0,,Transport & Travel,5,303,Travel Expense Ledger,UPI OLA CABS GOA TRIP EXPENSES
04-08-2025,UPI-AK JUICE CENTRE-MEDICAL BILL,0.0,3567.0,,Health & Medical,9,307,Medical Expense Ledger,UPI AK JUICE CENTRE MEDICAL BILL
13-11-2025,UPI-CREDCLUB-CRED PAYMENT-885397155,0.0,64749.0,,Credit Card Payment,11,401,Credit Card Payment Ledger,UPI CREDCLUB CRED PAYMENT
17-04-2025,UPI-AMAZON INDIA-MOVIE TICKETS,0.0,454.0,,Entertainment,8,306,Entertainment Expense Ledger,UPI AMAZON INDIA MOVIE TICKETS
12-02-2026,UPI-CREDCLUB-LAB TESTS,0.0,7956.0,,Health & Medical,9,307,Medical Expense Ledger,UPI CREDCLUB LAB TESTS
21-03-2026,RENT PAYMENT-667769,0.0,20458.0,,Rent & Housing,4,302,Rent Expense Ledger,RENT PAYMENT
19-03-2026,UPI-UBER-ONLINE SHOPPING,0.0,9782.0,,Shopping & Lifestyle,6,304,Shopping Expense Ledger,UPI UBER ONLINE SHOPPING
29-12-2025,UPI-RELIANCE DIGITAL-JUICE,0.0,276.0,,Groceries & Food,3,301,Groceries Expense Ledger,UPI RELIANCE DIGITAL JUICE
18-05-2025,UPI-AIRTEL PAYMENTS BANK-MISC-373958,8969.0,0.0,,Miscellaneous,12,499,Miscellaneous Ledger,UPI AIRTEL PAYMENTS BANK MISC
02-01-2026,UPI-SWIGGY-MEDICAL BILL,0.0,6144.0,,Health & Medical,9,307,Medical Expense Ledger,UPI SWIGGY MEDICAL BILL
09-04-2025,UPI-ZERODHA BROKING LTD-MISC-361176,1598.0,0.0,,Miscellaneous,12,499,Miscellaneous Ledger,UPI ZERODHA BROKING LTD MISC
09-04-2025,UPI-SWIGGY-CONCERT TICKETS,0.0,4057.0,,Entertainment,8,306,Entertainment Expense Ledger,UPI SWIGGY CONCERT TICKETS
27-07-2025,UPI-BIG BAZAAR-DINNER,0.0,566.0,,Groceries & Food,3,301,Groceries Expense Ledger,UPI BIG BAZAAR DINNER
25-09-2025,UPI-FLIPKART-MOBILE BILL,0.0,2364.0,,Utilities & Bills,7,305,Utilities Expense Ledger,UPI FLIPKART MOBILE BILL
06-01-2026,RENT PAYMENT-701799,0.0,51169.0,,Rent & Housing,4,302,Rent Expense Ledger,RENT PAYMENT
05-12-2025,CC BILL PAYMENT-117750431,0.0,4880.0,,Credit Card Payment,11,401,Credit Card Payment Ledger,CC BILL PAYMENT
10-09-2025,BANK TRANSFER-HOUSE RENT-319057,0.0,51448.0,,Rent & Housing,4,302,Rent Expense Ledger,BANK TRANSFER HOUSE RENT
09-07-2025,UPI-AIRTEL PAYMENTS BANK-DOCTOR CONSULTATION,0.0,6739.0,,Health & Medical,9,307,Medical Expense Ledger,UPI AIRTEL PAYMENTS BANK DOCTOR CONSULTATION
29-03-2026,MAR 2026 SALARY CREDIT,87498.0,0.0,,Salary Income,1,201,Salary Ledger,MAR SALARY CREDIT
03-09-2025,UPI-STARBUCKS-MOBILE BILL,0.0,1293.0,,Utilities & Bills,7,305,Utilities Expense Ledger,UPI STARBUCKS MOBILE BILL
12-09-2025,NEFT-RENT-513532,0.0,27790.0,,Rent & Housing,4,302,Rent Expense Ledger,NEFT RENT
30-05-2025,UPI-LENSKART-MOVIE TICKETS,0.0,3848.0,,Entertainment,8,306,Entertainment Expense Ledger,UPI LENSKART MOVIE TICKETS
15-01-2026,UPI-AIRTEL PAYMENTS BANK-CLOTHING,0.0,14137.0,,Shopping & Lifestyle,6,304,Shopping Expense Ledger,UPI AIRTEL PAYMENTS BANK CLOTHING
09-12-2025,HINDUSTAN UNILEVER LTD INTEREST CREDIT-959613,5335.0,0.0,,Investment Income,2,202,Investment Income Ledger,HINDUSTAN UNILEVER LTD INTEREST CREDIT
20-06-2025,UPI-CROSSWORD BOOKSTORE-DINNER,0.0,528.0,,Groceries & Food,3,301,Groceries Expense Ledger,UPI CROSSWORD BOOKSTORE DINNER
30-04-2025,UPI-SPOTIFY-STATIONERY,0.0,2935.0,,Education & Books,10,308,Education Expense Ledger,UPI SPOTIFY STATIONERY
04-12-2025,UPI-CREDCLUB-GAS CYLINDER PAYMENT,0.0,2263.0,,Utilities & Bills,7,305,Utilities Expense Ledger,UPI CREDCLUB GAS CYLINDER PAYMENT
25-11-2025,UPI-AMAZON INDIA-MISC-332911,14899.0,0.0,,Miscellaneous,12,499,Miscellaneous Ledger,UPI AMAZON INDIA MISC
09-07-2025,UPI-CREDCLUB-CRED PAYMENT-654420966,0.0,14403.0,,Credit Card Payment,11,401,Credit Card Payment Ledger,UPI CREDCLUB CRED PAYMENT
13-03-2026,NEFT-RENT-458234,0.0,15959.0,,Rent & Housing,4,302,Rent Expense Ledger,NEFT RENT
25-05-2025,UPI-RELIANCE DIGITAL-ONLINE COURSE,0.0,6836.0,,Education & Books,10,308,Education Expense Ledger,UPI RELIANCE DIGITAL ONLINE COURSE
05-09-2025,UPI-GOOGLEPAY-BROADBAND BILL,0.0,1782.0,,Utilities & Bills,7,305,Utilities Expense Ledger,UPI GOOGLEPAY BROADBAND BILL
10-03-2026,UPI-CREDCLUB-MUMBAI TRIP,0.0,4666.0,,Transport & Travel,5,303,Travel Expense Ledger,UPI CREDCLUB MUMBAI TRIP
31-08-2025,UPI-AMAZON INDIA-ONLINE COURSE,0.0,550.0,,Education & Books,10,308,Education Expense Ledger,UPI AMAZON INDIA ONLINE COURSE
19-11-2025,POS-MYNTRA-MALL PURCHASE,0.0,4932.0,,Shopping & Lifestyle,6,304,Shopping Expense Ledger,POS MYNTRA MALL PURCHASE
23-08-2025,UPI-BIG BAZAAR-WATER BILL,0.0,4324.0,,Utilities & Bills,7,305,Utilities Expense Ledger,UPI BIG BAZAAR WATER BILL
09-07-2025,JUL 2025 SALARY CREDIT,41893.0,0.0,,Salary Income,1,201,Salary Ledger,JUL SALARY CREDIT
25-03-2026,UPI-CREDCLUB-CRED PAYMENT-778157862,0.0,77768.0,,Credit Card Payment,11,401,Credit Card Payment Ledger,UPI CREDCLUB CRED PAYMENT
27-08-2025,POS-AK JUICE CENTRE-MALL PURCHASE,0.0,3317.0,,Shopping & Lifestyle,6,304,Shopping Expense Ledger,POS AK JUICE CENTRE MALL PURCHASE
20-02-2026,NEFT CR-CREDIT CARD BILL PAYMENT-655444346,0.0,63574.0,,Credit Card Payment,11,401,Credit Card Payment Ledger,NEFT CR CREDIT CARD BILL PAYMENT
23-06-2025,NEFT CR-SALARY-INFOSYS LIMITED,65022.0,0.0,,Salary Income,1,201,Salary Ledger,NEFT CR SALARY INFOSYS LIMITED
17-06-2025,UPI-GOOGLEPAY-MISC-757346,2994.0,0.0,,Miscellaneous,12,499,Miscellaneous Ledger,UPI GOOGLEPAY MISC
12-04-2025,UPI-FLIPKART-JUICE,0.0,259.0,,Groceries & Food,3,301,Groceries Expense Ledger,UPI FLIPKART JUICE
24-11-2025,UPI-CREDCLUB-CAB RIDE,0.0,2924.0,,Transport & Travel,5,303,Travel Expense Ledger,UPI CREDCLUB CAB RIDE
13-08-2025,UPI-AK JUICE CENTRE-STATIONERY,0.0,3385.0,,Education & Books,10,308,Education Expense Ledger,UPI AK JUICE CENTRE STATIONERY
09-02-2026,UPI-BHARGAV SANDEEP DESAI-SHOPPING,0.0,248.0,,Shopping & Lifestyle,6,304,Shopping Expense Ledger,UPI BHARGAV SANDEEP DESAI SHOPPING
20-09-2025,UPI-DOMINOS PIZZA-COACHING FEES,0.0,9397.0,,Education & Books,10,308,Education Expense Ledger,UPI DOMINOS PIZZA COACHING FEES
19-03-2026,UPI-ZOMATO-ONLINE COURSE,0.0,7597.0,,Education & Books,10,308,Education Expense Ledger,UPI ZOMATO ONLINE COURSE
07-06-2025,UPI-CROSSWORD BOOKSTORE-BOOKS,0.0,9999.0,,Education & Books,10,308,Education Expense Ledger,UPI CROSSWORD BOOKSTORE BOOKS
11-02-2026,UPI-CREDCLUB-CRED PAYMENT-699974146,0.0,10472.0,,Credit Card Payment,11,401,Credit Card Payment Ledger,UPI CREDCLUB CRED PAYMENT
08-01-2026,RENT PAYMENT-690348,0.0,38766.0,,Rent & Housing,4,302,Rent Expense Ledger,RENT PAYMENT
06-01-2026,UPI-BIG BAZAAR-GAMING,0.0,307.0,,Entertainment,8,306,Entertainment Expense Ledger,UPI BIG BAZAAR GAMING
02-02-2026,DIVIDEND CREDIT ASIAN PAINTS LTD-373497,487.0,0.0,,Investment Income,2,202,Investment Income Ledger,DIVIDEND CREDIT ASIAN PAINTS LTD
03-01-2026,UPI-APOLLO PHARMACY-COACHING FEES,0.0,8386.0,,Education & Books,10,308,Education Expense Ledger,UPI APOLLO PHARMACY COACHING FEES
14-11-2025,UPI-NATURAL ICE CREAM-LAB TESTS,0.0,6226.0,,Health & Medical,9,307,Medical Expense Ledger,UPI NATURAL ICE CREAM LAB TESTS
18-05-2025,NEFT CR-SALARY-WIPRO,52916.0,0.0,,Salary Income,1,201,Salary Ledger,NEFT CR SALARY WIPRO
12-04-2025,UPI-STARBUCKS-GOA TRIP EXPENSES,0.0,8491.0,,Transport & Travel,5,303,Travel Expense Ledger,UPI STARBUCKS GOA TRIP EXPENSES
02-03-2026,UPI-NATURAL ICE CREAM-MUMBAI TRIP,0.0,9763.0,,Transport & Travel,5,303,Travel Expense Ledger,UPI NATURAL ICE CREAM MUMBAI TRIP
11-11-2025,ACH C- ICICI BANK DIVIDEND-912425,654.0,0.0,,Investment Income,2,202,Investment Income Ledger,ACH C ICICI BANK DIVIDEND
15-01-2026,UPI-SWIGGY-ELECTRONICS,0.0,12267.0,,Shopping & Lifestyle,6,304,Shopping Expense Ledger,UPI SWIGGY ELECTRONICS
23-09-2025,UPI-NATURAL ICE CREAM-SHOPPING,0.0,8940.0,,Shopping & Lifestyle,6,304,Shopping Expense Ledger,UPI NATURAL ICE CREAM SHOPPING
13-05-2025,UPI-ZERODHA BROKING LTD-CLOTHING,0.0,4707.0,,Shopping & Lifestyle,6,304,Shopping Expense Ledger,UPI ZERODHA BROKING LTD CLOTHING
16-05-2025,UPI-OLA CABS-MEDICAL BILL,0.0,5392.0,,Health & Medical,9,307,Medical Expense Ledger,UPI OLA CABS MEDICAL BILL
06-12-2025,UPI-NETFLIX-ONLINE COURSE,0.0,1764.0,,Education & Books,10,308,Education Expense Ledger,UPI NETFLIX ONLINE COURSE
04-09-2025,CC BILL PAYMENT-902907356,0.0,28867.0,,Credit Card Payment,11,401,Credit Card Payment Ledger,CC BILL PAYMENT
12-06-2025,UPI-AK JUICE CENTRE-CAB RIDE,0.0,6797.0,,Transport & Travel,5,303,Travel Expense Ledger,UPI AK JUICE CENTRE CAB RIDE
26-09-2025,NEFT CR-CREDIT CARD BILL PAYMENT-339717185,0.0,67617.0,,Credit Card Payment,11,401,Credit Card Payment Ledger,NEFT CR CREDIT CARD BILL PAYMENT
24-04-2025,UPI-ZERODHA BROKING LTD-MEDICAL BILL,0.0,7440.0,,Health & Medical,9,307,Medical Expense Ledger,UPI ZERODHA BROKING LTD MEDICAL BILL
29-10-2025,UPI-DMART-WATER BILL,0.0,3697.0,,Utilities & Bills,7,305,Utilities Expense Ledger,UPI DMART WATER BILL
07-07-2025,UPI-GOOGLEPAY-ONLINE SHOPPING,0.0,13636.0,,Shopping & Lifestyle,6,304,Shopping Expense Ledger,UPI GOOGLEPAY ONLINE SHOPPING
16-01-2026,UPI-RELIANCE DIGITAL-COACHING FEES,0.0,764.0,,Education & Books,10,308,Education Expense Ledger,UPI RELIANCE DIGITAL COACHING FEES
22-07-2025,UPI-ZOMATO-COACHING FEES,0.0,3870.0,,Education & Books,10,308,Education Expense Ledger,UPI ZOMATO COACHING FEES
13-09-2025,UPI-AIRTEL PAYMENTS BANK-ELECTRONICS,0.0,1004.0,,Shopping & Lifestyle,6,304,Shopping Expense Ledger,UPI AIRTEL PAYMENTS BANK ELECTRONICS
05-04-2025,UPI-ZERODHA BROKING LTD-CONCERT TICKETS,0.0,1491.0,,Entertainment,8,306,Entertainment Expense Ledger,UPI ZERODHA BROKING LTD CONCERT TICKETS
27-04-2025,APR APR SALARY,78784.0,0.0,,Salary Income,1,201,Salary Ledger,APR APR SALARY
21-08-2025,UPI-APOLLO PHARMACY-DOCTOR CONSULTATION,0.0,6838.0,,Health & Medical,9,307,Medical Expense Ledger,UPI APOLLO PHARMACY DOCTOR CONSULTATION
22-09-2025,UPI-SWIGGY-WATER BILL,0.0,1554.0,,Utilities & Bills,7,305,Utilities Expense Ledger,UPI SWIGGY WATER BILL
05-11-2025,UPI-OLA CABS-BOOKS,0.0,3092.0,,Education & Books,10,308,Education Expense Ledger,UPI OLA CABS BOOKS
16-07-2025,UPI-AK JUICE CENTRE-STATIONERY,0.0,3818.0,,Education & Books,10,308,Education Expense Ledger,UPI AK JUICE CENTRE STATIONERY
09-12-2025,UPI-NETFLIX-GAMING,0.0,2163.0,,Entertainment,8,306,Entertainment Expense Ledger,UPI NETFLIX GAMING
08-02-2026,UPI-CREDCLUB-SHOPPING,0.0,15766.0,,Shopping & Lifestyle,6,304,Shopping Expense Ledger,UPI CREDCLUB SHOPPING
09-01-2026,NEFT CR-CREDIT CARD BILL PAYMENT-355389810,0.0,25398.0,,Credit Card Payment,11,401,Credit Card Payment Ledger,NEFT CR CREDIT CARD BILL PAYMENT
15-04-2025,NEFT-RENT-951426,0.0,25706.0,,Rent & Housing,4,302,Rent Expense Ledger,NEFT RENT
22-09-2025,UPI-CREDCLUB-COACHING FEES,0.0,1298.0,,Education & Books,10,308,Education Expense Ledger,UPI CREDCLUB COACHING FEES
09-05-2025,UPI-SPOTIFY-MOBILE BILL,0.0,496.0,,Utilities & Bills,7,305,Utilities Expense Ledger,UPI SPOTIFY MOBILE BILL
28-06-2025,UPI-AIRTEL PAYMENTS BANK-WATER BILL,0.0,4554.0,,Utilities & Bills,7,305,Utilities Expense Ledger,UPI AIRTEL PAYMENTS BANK WATER BILL
26-03-2026,APR MAR SALARY,51801.0,0.0,,Salary Income,1,201,Salary Ledger,APR MAR SALARY
22-05-2025,DIVIDEND CREDIT TCS LIMITED-161715,6064.0,0.0,,Investment Income,2,202,Investment Income Ledger,DIVIDEND CREDIT TCS LIMITED
29-09-2025,ACH C- VEDANTA LIMITED DIVIDEND-381787,8917.0,0.0,,Investment Income,2,202,Investment Income Ledger,ACH C VEDANTA LIMITED DIVIDEND
12-11-2025,UPI-STARBUCKS-CONCERT TICKETS,0.0,646.0,,Entertainment,8,306,Entertainment Expense Ledger,UPI STARBUCKS CONCERT TICKETS
12-12-2025,UPI-MYNTRA-MOBILE BILL,0.0,1952.0,,Utilities & Bills,7,305,Utilities Expense Ledger,UPI MYNTRA MOBILE BILL
21-10-2025,NEFT CR-SALARY-WIPRO,86719.0,0.0,,Salary Income,1,201,Salary Ledger,NEFT CR SALARY WIPRO
04-04-2025,UPI-LENSKART-MOVIE TICKETS,0.0,718.0,,Entertainment,8,306,Entertainment Expense Ledger,UPI LENSKART MOVIE TICKETS
28-07-2025,UPI-AK JUICE CENTRE-MUMBAI TRIP,0.0,13767.0,,Transport & Travel,5,303,Travel Expense Ledger,UPI AK JUICE CENTRE MUMBAI TRIP
06-10-2025,BANK TRANSFER-HOUSE RENT-543855,0.0,15633.0,,Rent & Housing,4,302,Rent Expense Ledger,BANK TRANSFER HOUSE RENT
02-05-2025,UPI-CREDCLUB-PHARMACY,0.0,5209.0,,Health & Medical,9,307,Medical Expense Ledger,UPI CREDCLUB PHARMACY
06-08-2025,UPI-AIRTEL PAYMENTS BANK-MUMBAI TRIP,0.0,14023.0,,Transport & Travel,5,303,Travel Expense Ledger,UPI AIRTEL PAYMENTS BANK MUMBAI TRIP
13-04-2025,UPI-DOMINOS PIZZA-MOBILE BILL,0.0,1508.0,,Utilities & Bills,7,305,Utilities Expense Ledger,UPI DOMINOS PIZZA MOBILE BILL
29-04-2025,NEFT CR-SALARY-INFOSYS LIMITED,69883.0,0.0,,Salary Income,1,201,Salary Ledger,NEFT CR SALARY INFOSYS LIMITED
23-08-2025,UPI-NETFLIX-PHARMACY,0.0,6822.0,,Health & Medical,9,307,Medical Expense Ledger,UPI NETFLIX PHARMACY
19-05-2025,UPI-PVR CINEMAS-MUMBAI TRIP,0.0,6757.0,,Transport & Travel,5,303,Travel Expense Ledger,UPI PVR CINEMAS MUMBAI TRIP
24-10-2025,CC BILL PAYMENT-901778534,0.0,58184.0,,Credit Card Payment,11,401,Credit Card Payment Ledger,CC BILL PAYMENT
07-12-2025,UPI-LENSKART-ONLINE COURSE,0.0,2742.0,,Education & Books,10,308,Education Expense Ledger,UPI LENSKART ONLINE COURSE
17-01-2026,ACH C- INFOSYS LIMITED DIVIDEND-801562,804.0,0.0,,Investment Income,2,202,Investment Income Ledger,ACH C INFOSYS LIMITED DIVIDEND
12-06-2025,UPI-ZOMATO-MUMBAI TRIP,0.0,11957.0,,Transport & Travel,5,303,Travel Expense Ledger,UPI ZOMATO MUMBAI TRIP
31-05-2025,UPI-RELIANCE DIGITAL-ELECTRICITY BILL,0.0,3660.0,,Utilities & Bills,7,305,Utilities Expense Ledger,UPI RELIANCE DIGITAL ELECTRICITY BILL
09-05-2025,UPI-NETFLIX-ONLINE COURSE,0.0,3345.0,,Education & Books,10,308,Education Expense Ledger,UPI NETFLIX ONLINE COURSE
18-11-2025,UPI-AMAZON INDIA-CAB RIDE,0.0,13200.0,,Transport & Travel,5,303,Travel Expense Ledger,UPI AMAZON INDIA CAB RIDE
14-12-2025,SALARY CREDIT DEC 2025,44067.0,0.0,,Salary Income,1,201,Salary Ledger,SALARY CREDIT DEC
12-04-2025,UPI-SPOTIFY-MEDICAL BILL,0.0,7941.0,,Health & Medical,9,307,Medical Expense Ledger,UPI SPOTIFY MEDICAL BILL
07-03-2026,UPI-OLA CABS-PHARMACY,0.0,7510.0,,Health & Medical,9,307,Medical Expense Ledger,UPI OLA CABS PHARMACY
19-04-2025,UPI-SPOTIFY-STATIONERY,0.0,4132.0,,Education & Books,10,308,Education Expense Ledger,UPI SPOTIFY STATIONERY
15-10-2025,ACH C- TATA POWER CO LTD DIVIDEND-821615,5610.0,0.0,,Investment Income,2,202,Investment Income Ledger,ACH C TATA POWER CO LTD DIVIDEND
15-12-2025,CC BILL PAYMENT-609180529,0.0,27498.0,,Credit Card Payment,11,401,Credit Card Payment Ledger,CC BILL PAYMENT
12-02-2026,UPI-SWIGGY-COACHING FEES,0.0,8711.0,,Education & Books,10,308,Education Expense Ledger,UPI SWIGGY COACHING FEES
16-12-2025,UPI-PVR CINEMAS-COACHING FEES,0.0,9947.0,,Education & Books,10,308,Education Expense Ledger,UPI PVR CINEMAS COACHING FEES
17-01-2026,UPI-SWIGGY-PHARMACY,0.0,7680.0,,Health & Medical,9,307,Medical Expense Ledger,UPI SWIGGY PHARMACY
02-08-2025,BANK TRANSFER-HOUSE RENT-857600,0.0,49846.0,,Rent & Housing,4,302,Rent Expense Ledger,BANK TRANSFER HOUSE RENT
22-01-2026,UPI-ZOMATO-MISC-107265,1125.0,0.0,,Miscellaneous,12,499,Miscellaneous Ledger,UPI ZOMATO MISC
30-04-2025,UPI-SWIGGY-MISC-764607,0.0,10166.0,,Miscellaneous,12,499,Miscellaneous Ledger,UPI SWIGGY MISC
20-02-2026,FEB 2026 SALARY CREDIT,61058.0,0.0,,Salary Income,1,201,Salary Ledger,FEB SALARY CREDIT
17-10-2025,UPI-DMART-MISC-802716,9294.0,0.0,,Miscellaneous,12,499,Miscellaneous Ledger,UPI DMART MISC
23-01-2026,UPI-BHARGAV SANDEEP DESAI-PHARMACY,0.0,6241.0,,Health & Medical,9,307,Medical Expense Ledger,UPI BHARGAV SANDEEP DESAI PHARMACY
12-09-2025,RENT PAYMENT-248620,0.0,42328.0,,Rent & Housing,4,302,Rent Expense Ledger,RENT PAYMENT
21-11-2025,UPI-CREDCLUB-ELECTRICITY BILL,0.0,2922.0,,Utilities & Bills,7,305,Utilities Expense Ledger,UPI CREDCLUB ELECTRICITY BILL
09-10-2025,UPI-ZOMATO-ELECTRONICS,0.0,1008.0,,Shopping & Lifestyle,6,304,Shopping Expense Ledger,UPI ZOMATO ELECTRONICS
23-12-2025,ACH C- HINDUSTAN UNILEVER LTD DIVIDEND-468697,5123.0,0.0,,Investment Income,2,202,Investment Income Ledger,ACH C HINDUSTAN UNILEVER LTD DIVIDEND
30-04-2025,UPI-OLA CABS-STATIONERY,0.0,1553.0,,Education & Books,10,308,Education Expense Ledger,UPI OLA CABS STATIONERY
22-04-2025,NEFT CR-CREDIT CARD BILL PAYMENT-689708260,0.0,43968.0,,Credit Card Payment,11,401,Credit Card Payment Ledger,NEFT CR CREDIT CARD BILL PAYMENT
29-06-2025,UPI-SWIGGY-GAS CYLINDER PAYMENT,0.0,1990.0,,Utilities & Bills,7,305,Utilities Expense Ledger,UPI SWIGGY GAS CYLINDER PAYMENT
29-05-2025,UPI-OLA CABS-LUNCH,0.0,2123.0,,Groceries & Food,3,301,Groceries Expense Ledger,UPI OLA CABS LUNCH
12-02-2026,UPI-RELIANCE DIGITAL-GOA TRIP EXPENSES,0.0,5417.0,,Transport & Travel,5,303,Travel Expense Ledger,UPI RELIANCE DIGITAL GOA TRIP EXPENSES
19-06-2025,UPI-CREDCLUB-STATIONERY,0.0,2232.0,,Education & Books,10,308,Education Expense Ledger,UPI CREDCLUB STATIONERY
22-03-2026,NEFT CR-CREDIT CARD BILL PAYMENT-818904281,0.0,60238.0,,Credit Card Payment,11,401,Credit Card Payment Ledger,NEFT CR CREDIT CARD BILL PAYMENT
01-08-2025,ASIAN PAINTS LTD INTEREST CREDIT-292180,8838.0,0.0,,Investment Income,2,202,Investment Income Ledger,ASIAN PAINTS LTD INTEREST CREDIT
06-06-2025,NEFT CR-CREDIT CARD BILL PAYMENT-509158122,0.0,3013.0,,Credit Card Payment,11,401,Credit Card Payment Ledger,NEFT CR CREDIT CARD BILL PAYMENT
13-01-2026,UPI-DMART-MISC-528910,8783.0,0.0,,Miscellaneous,12,499,Miscellaneous Ledger,UPI DMART MISC
26-11-2025,UPI-NATURAL ICE CREAM-LAB TESTS,0.0,7482.0,,Health & Medical,9,307,Medical Expense Ledger,UPI NATURAL ICE CREAM LAB TESTS
29-09-2025,UPI-BIG BAZAAR-MEDICAL BILL,0.0,1498.0,,Health & Medical,9,307,Medical Expense Ledger,UPI BIG BAZAAR MEDICAL BILL
20-10-2025,UPI-NATURAL ICE CREAM-GAMING,0.0,2358.0,,Entertainment,8,306,Entertainment Expense Ledger,UPI NATURAL ICE CREAM GAMING
18-12-2025,UPI-MYNTRA-COACHING FEES,0.0,6370.0,,Education & Books,10,308,Education Expense Ledger,UPI MYNTRA COACHING FEES
23-06-2025,ACH C- TATA POWER CO LTD DIVIDEND-451931,6875.0,0.0,,Investment Income,2,202,Investment Income Ledger,ACH C TATA POWER CO LTD DIVIDEND
29-03-2026,UPI-ZERODHA BROKING LTD-DOCTOR CONSULTATION,0.0,4524.0,,Health & Medical,9,307,Medical Expense Ledger,UPI ZERODHA BROKING LTD DOCTOR CONSULTATION
21-03-2026,UPI-ZOMATO-MOBILE BILL,0.0,3918.0,,Utilities & Bills,7,305,Utilities Expense Ledger,UPI ZOMATO MOBILE BILL
23-11-2025,UPI-DOMINOS PIZZA-CONCERT TICKETS,0.0,2253.0,,Entertainment,8,306,Entertainment Expense Ledger,UPI DOMINOS PIZZA CONCERT TICKETS
12-06-2025,APR JUN SALARY,78169.0,0.0,,Salary Income,1,201,Salary Ledger,APR JUN SALARY
04-12-2025,UPI-ZERODHA BROKING LTD-MISC-560522,10962.0,0.0,,Miscellaneous,12,499,Miscellaneous Ledger,UPI ZERODHA BROKING LTD MISC
27-04-2025,TATA POWER CO LTD INTEREST CREDIT-381504,9039.0,0.0,,Investment Income,2,202,Investment Income Ledger,TATA POWER CO LTD INTEREST CREDIT
12-04-2025,UPI-CREDCLUB-COACHING FEES,0.0,952.0,,Education & Books,10,308,Education Expense Ledger,UPI CREDCLUB COACHING FEES
03-07-2025,JUL 2025 SALARY CREDIT,46789.0,0.0,,Salary Income,1,201,Salary Ledger,JUL SALARY CREDIT
16-09-2025,POS-AMAZON INDIA-MALL PURCHASE,0.0,305.0,,Shopping & Lifestyle,6,304,Shopping Expense Ledger,POS AMAZON INDIA MALL PURCHASE
11-02-2026,RELIANCE DIGITAL SUBSCRIPTION-302821,0.0,1882.0,,Entertainment,8,306,Entertainment Expense Ledger,RELIANCE DIGITAL SUBSCRIPTION
21-12-2025,POS-AIRTEL PAYMENTS BANK-MALL PURCHASE,0.0,15805.0,,Shopping & Lifestyle,6,304,Shopping Expense Ledger,POS AIRTEL PAYMENTS BANK MALL PURCHASE
27-12-2025,UPI-MYNTRA-MISC-481382,9364.0,0.0,,Miscellaneous,12,499,Miscellaneous Ledger,UPI MYNTRA MISC
02-09-2025,UPI-SWIGGY-MOVIE TICKETS,0.0,1045.0,,Entertainment,8,306,Entertainment Expense Ledger,UPI SWIGGY MOVIE TICKETS
04-08-2025,UPI-UBER-MEDICAL BILL,0.0,1617.0,,Health & Medical,9,307,Medical Expense Ledger,UPI UBER MEDICAL BILL
14-08-2025,NEFT CR-CREDIT CARD BILL PAYMENT-542932120,0.0,66614.0,,Credit Card Payment,11,401,Credit Card Payment Ledger,NEFT CR CREDIT CARD BILL PAYMENT
26-03-2026,INFOSYS LIMITED INTEREST CREDIT-883077,1259.0,0.0,,Investment Income,2,202,Investment Income Ledger,INFOSYS LIMITED INTEREST CREDIT
15-04-2025,UPI-MYNTRA-LUNCH,0.0,753.0,,Groceries & Food,3,301,Groceries Expense Ledger,UPI MYNTRA LUNCH
10-02-2026,UPI-LENSKART-LUNCH,0.0,664.0,,Groceries & Food,3,301,Groceries Expense Ledger,UPI LENSKART LUNCH
28-10-2025,UPI-DMART-MISC-237821,4278.0,0.0,,Miscellaneous,12,499,Miscellaneous Ledger,UPI DMART MISC
07-09-2025,NEFT-RENT-443130,0.0,58116.0,,Rent & Housing,4,302,Rent Expense Ledger,NEFT RENT
20-12-2025,UPI-ZOMATO-MISC-157676,0.0,5744.0,,Miscellaneous,12,499,Miscellaneous Ledger,UPI ZOMATO MISC
25-09-2025,UPI-SWIGGY-MEDICAL BILL,0.0,5449.0,,Health & Medical,9,307,Medical Expense Ledger,UPI SWIGGY MEDICAL BILL
12-02-2026,AK JUICE CENTRE SUBSCRIPTION-718634,0.0,3270.0,,Entertainment,8,306,Entertainment Expense Ledger,AK JUICE CENTRE SUBSCRIPTION
22-02-2026,UPI-BHARGAV SANDEEP DESAI-BROADBAND BILL,0.0,4097.0,,Utilities & Bills,7,305,Utilities Expense Ledger,UPI BHARGAV SANDEEP DESAI BROADBAND BILL
01-09-2025,UPI-FLIPKART-ELECTRONICS,0.0,11094.0,,Shopping & Lifestyle,6,304,Shopping Expense Ledger,UPI FLIPKART ELECTRONICS
10-07-2025,UPI-FLIPKART-LAB TESTS,0.0,498.0,,Health & Medical,9,307,Medical Expense Ledger,UPI FLIPKART LAB TESTS
02-11-2025,SALARY CREDIT NOV 2025,53503.0,0.0,,Salary Income,1,201,Salary Ledger,SALARY CREDIT NOV
27-02-2026,DIVIDEND CREDIT CRISIL LIMITED-421701,3785.0,0.0,,Investment Income,2,202,Investment Income Ledger,DIVIDEND CREDIT CRISIL LIMITED
16-06-2025,UPI-RELIANCE DIGITAL-FOOD,0.0,1614.0,,Groceries & Food,3,301,Groceries Expense Ledger,UPI RELIANCE DIGITAL FOOD
13-11-2025,UPI-DOMINOS PIZZA-MEDICAL BILL,0.0,7671.0,,Health & Medical,9,307,Medical Expense Ledger,UPI DOMINOS PIZZA MEDICAL BILL
16-11-2025,UPI-DMART-BREAKFAST,0.0,1466.0,,Groceries & Food,3,301,Groceries Expense Ledger,UPI DMART BREAKFAST
23-12-2025,DEC 2025 SALARY CREDIT,77146.0,0.0,,Salary Income,1,201,Salary Ledger,DEC SALARY CREDIT
18-05-2025,UPI-AK JUICE CENTRE-ELECTRONICS,0.0,3271.0,,Shopping & Lifestyle,6,304,Shopping Expense Ledger,UPI AK JUICE CENTRE ELECTRONICS
17-12-2025,UPI-NATURAL ICE CREAM-MISC-790681,11742.0,0.0,,Miscellaneous,12,499,Miscellaneous Ledger,UPI NATURAL ICE CREAM MISC
25-02-2026,RENT PAYMENT-318827,0.0,21186.0,,Rent & Housing,4,302,Rent Expense Ledger,RENT PAYMENT
05-06-2025,TATA POWER CO LTD INTEREST CREDIT-250685,2399.0,0.0,,Investment Income,2,202,Investment Income Ledger,TATA POWER CO LTD INTEREST CREDIT
26-06-2025,OLA CABS PAYMENT-885519684,0.0,492.0,,Transport & Travel,5,303,Travel Expense Ledger,OLA CABS PAYMENT
20-03-2026,UPI-CREDCLUB-LUNCH,0.0,1420.0,,Groceries & Food,3,301,Groceries Expense Ledger,UPI CREDCLUB LUNCH
05-06-2025,UPI-AIRTEL PAYMENTS BANK-MOVIE TICKETS,0.0,4098.0,,Entertainment,8,306,Entertainment Expense Ledger,UPI AIRTEL PAYMENTS BANK MOVIE TICKETS
05-02-2026,UPI-BIG BAZAAR-MUMBAI TRIP,0.0,14550.0,,Transport & Travel,5,303,Travel Expense Ledger,UPI BIG BAZAAR MUMBAI TRIP
27-09-2025,UPI-AMAZON INDIA-LAB TESTS,0.0,5449.0,,Health & Medical,9,307,Medical Expense Ledger,UPI AMAZON INDIA LAB TESTS
29-06-2025,NEFT CR-CREDIT CARD BILL PAYMENT-812737638,0.0,69322.0,,Credit Card Payment,11,401,Credit Card Payment Ledger,NEFT CR CREDIT CARD BILL PAYMENT
11-02-2026,UPI-IRCTC UTS-CAB RIDE,0.0,11896.0,,Transport & Travel,5,303,Travel Expense Ledger,UPI IRCTC UTS CAB RIDE
10-09-2025,UPI-GOOGLEPAY-MUMBAI TRIP,0.0,11200.0,,Transport & Travel,5,303,Travel Expense Ledger,UPI GOOGLEPAY MUMBAI TRIP
05-10-2025,HDFC BANK INTEREST CREDIT-152127,9802.0,0.0,,Investment Income,2,202,Investment Income Ledger,HDFC BANK INTEREST CREDIT
09-08-2025,UPI-DMART-BOOKS,0.0,653.0,,Education & Books,10,308,Education Expense Ledger,UPI DMART BOOKS
02-11-2025,UPI-SWIGGY-BREAKFAST,0.0,868.0,,Groceries & Food,3,301,Groceries Expense Ledger,UPI SWIGGY BREAKFAST
30-05-2025,UPI-MYNTRA-LUNCH,0.0,970.0,,Groceries & Food,3,301,Groceries Expense Ledger,UPI MYNTRA LUNCH
21-08-2025,UPI-CREDCLUB-BREAKFAST,0.0,2429.0,,Groceries & Food,3,301,Groceries Expense Ledger,UPI CREDCLUB BREAKFAST
19-03-2026,UPI-DMART-CLOTHING,0.0,16430.0,,Shopping & Lifestyle,6,304,Shopping Expense Ledger,UPI DMART CLOTHING
03-07-2025,UPI-DOMINOS PIZZA-ELECTRONICS,0.0,19018.0,,Shopping & Lifestyle,6,304,Shopping Expense Ledger,UPI DOMINOS PIZZA ELECTRONICS
26-11-2025,NEFT-RENT-627831,0.0,42206.0,,Rent & Housing,4,302,Rent Expense Ledger,NEFT RENT
28-07-2025,UPI-NATURAL ICE CREAM-MOVIE TICKETS,0.0,1881.0,,Entertainment,8,306,Entertainment Expense Ledger,UPI NATURAL ICE CREAM MOVIE TICKETS
07-01-2026,TCS LIMITED INTEREST CREDIT-165867,261.0,0.0,,Investment Income,2,202,Investment Income Ledger,TCS LIMITED INTEREST CREDIT
18-05-2025,UPI-APOLLO PHARMACY-BOOKS,0.0,8942.0,,Education & Books,10,308,Education Expense Ledger,UPI APOLLO PHARMACY BOOKS
20-03-2026,UPI-AMAZON INDIA-CONCERT TICKETS,0.0,2962.0,,Entertainment,8,306,Entertainment Expense Ledger,UPI AMAZON INDIA CONCERT TICKETS
13-09-2025,CRISIL LIMITED INTEREST CREDIT-305603,6664.0,0.0,,Investment Income,2,202,Investment Income Ledger,CRISIL LIMITED INTEREST CREDIT
25-06-2025,APR JUN SALARY,87934.0,0.0,,Salary Income,1,201,Salary Ledger,APR JUN SALARY
27-04-2025,UPI-SPOTIFY-LAB TESTS,0.0,3601.0,,Health & Medical,9,307,Medical Expense Ledger,UPI SPOTIFY LAB TESTS
01-06-2025,NEFT CR-SALARY-FREELANCE CLIENT,60625.0,0.0,,Salary Income,1,201,Salary Ledger,NEFT CR SALARY FREELANCE CLIENT
07-10-2025,UPI-PVR CINEMAS-ONLINE COURSE,0.0,4355.0,,Education & Books,10,308,Education Expense Ledger,UPI PVR CINEMAS ONLINE COURSE
01-08-2025,UPI-SPOTIFY-DINNER,0.0,1073.0,,Groceries & Food,3,301,Groceries Expense Ledger,UPI SPOTIFY DINNER
27-01-2026,UPI-DMART-ELECTRICITY BILL,0.0,632.0,,Utilities & Bills,7,305,Utilities Expense Ledger,UPI DMART ELECTRICITY BILL
04-09-2025,UPI-IRCTC UTS-TICKET-960192720,0.0,8692.0,,Transport & Travel,5,303,Travel Expense Ledger,UPI IRCTC UTS TICKET
30-06-2025,UPI-MYNTRA-STATIONERY,0.0,4900.0,,Education & Books,10,308,Education Expense Ledger,UPI MYNTRA STATIONERY
11-11-2025,OLA CABS PAYMENT-480582333,0.0,7626.0,,Transport & Travel,5,303,Travel Expense Ledger,OLA CABS PAYMENT
14-12-2025,SALARY CREDIT DEC 2025,47910.0,0.0,,Salary Income,1,201,Salary Ledger,SALARY CREDIT DEC
31-05-2025,UPI-STARBUCKS-LAB TESTS,0.0,1128.0,,Health & Medical,9,307,Medical Expense Ledger,UPI STARBUCKS LAB TESTS
01-06-2025,NEFT CR-SALARY-WIPRO,49746.0,0.0,,Salary Income,1,201,Salary Ledger,NEFT CR SALARY WIPRO
14-04-2025,UPI-LENSKART-DINNER,0.0,662.0,,Groceries & Food,3,301,Groceries Expense Ledger,UPI LENSKART DINNER
25-12-2025,UPI-OLA CABS-PHARMACY,0.0,1041.0,,Health & Medical,9,307,Medical Expense Ledger,UPI OLA CABS PHARMACY
28-11-2025,UPI-NETFLIX-CAB RIDE,0.0,958.0,,Transport & Travel,5,303,Travel Expense Ledger,UPI NETFLIX CAB RIDE
20-09-2025,UPI-RELIANCE DIGITAL-GAS CYLINDER PAYMENT,0.0,1495.0,,Utilities & Bills,7,305,Utilities Expense Ledger,UPI RELIANCE DIGITAL GAS CYLINDER PAYMENT
02-02-2026,UPI-BHARGAV SANDEEP DESAI-CONCERT TICKETS,0.0,2145.0,,Entertainment,8,306,Entertainment Expense Ledger,UPI BHARGAV SANDEEP DESAI CONCERT TICKETS
19-01-2026,UPI-AK JUICE CENTRE-GOA TRIP EXPENSES,0.0,12053.0,,Transport & Travel,5,303,Travel Expense Ledger,UPI AK JUICE CENTRE GOA TRIP EXPENSES
31-10-2025,APR OCT SALARY,49503.0,0.0,,Salary Income,1,201,Salary Ledger,APR OCT SALARY
11-02-2026,UPI-CREDCLUB-MOVIE TICKETS,0.0,2551.0,,Entertainment,8,306,Entertainment Expense Ledger,UPI CREDCLUB MOVIE TICKETS
14-06-2025,UPI-BHARGAV SANDEEP DESAI-MISC-192115,0.0,4582.0,,Miscellaneous,12,499,Miscellaneous Ledger,UPI BHARGAV SANDEEP DESAI MISC
11-05-2025,UPI-UBER-SHOPPING,0.0,12590.0,,Shopping & Lifestyle,6,304,Shopping Expense Ledger,UPI UBER SHOPPING
08-07-2025,JUL 2025 SALARY CREDIT,82084.0,0.0,,Salary Income,1,201,Salary Ledger,JUL SALARY CREDIT
21-04-2025,HDFC BANK INTEREST CREDIT-951853,8478.0,0.0,,Investment Income,2,202,Investment Income Ledger,HDFC BANK INTEREST CREDIT
11-10-2025,UPI-APOLLO PHARMACY-ONLINE COURSE,0.0,3453.0,,Education & Books,10,308,Education Expense Ledger,UPI APOLLO PHARMACY ONLINE COURSE
07-03-2026,UPI-FLIPKART-STATIONERY,0.0,7910.0,,Education & Books,10,308,Education Expense Ledger,UPI FLIPKART STATIONERY
15-04-2025,SALARY CREDIT APR 2025,89037.0,0.0,,Salary Income,1,201,Salary Ledger,SALARY CREDIT APR
15-05-2025,UPI-SWIGGY-STATIONERY,0.0,695.0,,Education & Books,10,308,Education Expense Ledger,UPI SWIGGY STATIONERY
12-09-2025,UPI-LENSKART-SHOPPING,0.0,12322.0,,Shopping & Lifestyle,6,304,Shopping Expense Ledger,UPI LENSKART SHOPPING
06-03-2026,HINDUSTAN UNILEVER LTD INTEREST CREDIT-126393,3999.0,0.0,,Investment Income,2,202,Investment Income Ledger,HINDUSTAN UNILEVER LTD INTEREST CREDIT
25-07-2025,UPI-NATURAL ICE CREAM-DOCTOR CONSULTATION,0.0,2755.0,,Health & Medical,9,307,Medical Expense Ledger,UPI NATURAL ICE CREAM DOCTOR CONSULTATION
02-10-2025,BANK TRANSFER-HOUSE RENT-193650,0.0,13993.0,,Rent & Housing,4,302,Rent Expense Ledger,BANK TRANSFER HOUSE RENT
16-04-2025,UPI-BIG BAZAAR-GOA TRIP EXPENSES,0.0,3007.0,,Transport & Travel,5,303,Travel Expense Ledger,UPI BIG BAZAAR GOA TRIP EXPENSES
24-05-2025,NEFT CR-SALARY-FREELANCE CLIENT,84527.0,0.0,,Salary Income,1,201,Salary Ledger,NEFT CR SALARY FREELANCE CLIENT
26-03-2026,UPI-IRCTC UTS-GAS CYLINDER PAYMENT,0.0,595.0,,Utilities & Bills,7,305,Utilities Expense Ledger,UPI IRCTC UTS GAS CYLINDER PAYMENT
18-03-2026,OLA CABS PAYMENT-937504618,0.0,2610.0,,Transport & Travel,5,303,Travel Expense Ledger,OLA CABS PAYMENT
02-04-2025,UPI-LENSKART-COACHING FEES,0.0,3635.0,,Education & Books,10,308,Education Expense Ledger,UPI LENSKART COACHING FEES
13-03-2026,BANK TRANSFER-HOUSE RENT-475601,0.0,37059.0,,Rent & Housing,4,302,Rent Expense Ledger,BANK TRANSFER HOUSE RENT
19-11-2025,POS-MYNTRA-MALL PURCHASE,0.0,258.0,,Shopping & Lifestyle,6,304,Shopping Expense Ledger,POS MYNTRA MALL PURCHASE
10-02-2026,NEFT CR-CREDIT CARD BILL PAYMENT-565576058,0.0,36739.0,,Credit Card Payment,11,401,Credit Card Payment Ledger,NEFT CR CREDIT CARD BILL PAYMENT
13-09-2025,UPI-IRCTC UTS-GAMING,0.0,1536.0,,Entertainment,8,306,Entertainment Expense Ledger,UPI IRCTC UTS GAMING
05-10-2025,UPI-BHARGAV SANDEEP DESAI-MOBILE BILL,0.0,761.0,,Utilities & Bills,7,305,Utilities Expense Ledger,UPI BHARGAV SANDEEP DESAI MOBILE BILL
25-09-2025,UPI-ZOMATO-DOCTOR CONSULTATION,0.0,3754.0,,Health & Medical,9,307,Medical Expense Ledger,UPI ZOMATO DOCTOR CONSULTATION
29-11-2025,UPI-APOLLO PHARMACY-MISC-490555,0.0,12148.0,,Miscellaneous,12,499,Miscellaneous Ledger,UPI APOLLO PHARMACY MISC
21-05-2025,UPI-CREDCLUB-CRED PAYMENT-684357074,0.0,1294.0,,Credit Card Payment,11,401,Credit Card Payment Ledger,UPI CREDCLUB CRED PAYMENT
11-04-2025,UPI-LENSKART-ELECTRONICS,0.0,13660.0,,Shopping & Lifestyle,6,304,Shopping Expense Ledger,UPI LENSKART ELECTRONICS
22-07-2025,UPI-SWIGGY-MISC-420580,0.0,7697.0,,Miscellaneous,12,499,Miscellaneous Ledger,UPI SWIGGY MISC
13-12-2025,NEFT-RENT-656664,0.0,34567.0,,Rent & Housing,4,302,Rent Expense Ledger,NEFT RENT
13-06-2025,UPI-DOMINOS PIZZA-BREAKFAST,0.0,1492.0,,Groceries & Food,3,301,Groceries Expense Ledger,UPI DOMINOS PIZZA BREAKFAST
02-12-2025,UPI-NETFLIX-ONLINE COURSE,0.0,7311.0,,Education & Books,10,308,Education Expense Ledger,UPI NETFLIX ONLINE COURSE
20-03-2026,MAR 2026 SALARY CREDIT,80030.0,0.0,,Salary Income,1,201,Salary Ledger,MAR SALARY CREDIT
05-05-2025,UPI-ZOMATO-ONLINE SHOPPING,0.0,2965.0,,Shopping & Lifestyle,6,304,Shopping Expense Ledger,UPI ZOMATO ONLINE SHOPPING
01-12-2025,NEFT-RENT-593377,0.0,43851.0,,Rent & Housing,4,302,Rent Expense Ledger,NEFT RENT
09-09-2025,DIVIDEND CREDIT VEDANTA LIMITED-466047,1472.0,0.0,,Investment Income,2,202,Investment Income Ledger,DIVIDEND CREDIT VEDANTA LIMITED
11-02-2026,UPI-APOLLO PHARMACY-WATER BILL,0.0,2469.0,,Utilities & Bills,7,305,Utilities Expense Ledger,UPI APOLLO PHARMACY WATER BILL
04-06-2025,UPI-APOLLO PHARMACY-MISC-507922,9423.0,0.0,,Miscellaneous,12,499,Miscellaneous Ledger,UPI APOLLO PHARMACY MISC
09-12-2025,UPI-SPOTIFY-GAMING,0.0,3433.0,,Entertainment,8,306,Entertainment Expense Ledger,UPI SPOTIFY GAMING
31-01-2026,NATURAL ICE CREAM SUBSCRIPTION-241002,0.0,1993.0,,Entertainment,8,306,Entertainment Expense Ledger,NATURAL ICE CREAM SUBSCRIPTION
10-03-2026,UPI-SPOTIFY-SHOPPING,0.0,3295.0,,Shopping & Lifestyle,6,304,Shopping Expense Ledger,UPI SPOTIFY SHOPPING
05-12-2025,UPI-NATURAL ICE CREAM-MISC-765979,0.0,4989.0,,Miscellaneous,12,499,Miscellaneous Ledger,UPI NATURAL ICE CREAM MISC
28-09-2025,UPI-BIG BAZAAR-MOBILE BILL,0.0,2204.0,,Utilities & Bills,7,305,Utilities Expense Ledger,UPI BIG BAZAAR MOBILE BILL
11-11-2025,UPI-FLIPKART-ELECTRONICS,0.0,13162.0,,Shopping & Lifestyle,6,304,Shopping Expense Ledger,UPI FLIPKART ELECTRONICS
11-02-2026,UPI-SPOTIFY-MISC-644475,0.0,10668.0,,Miscellaneous,12,499,Miscellaneous Ledger,UPI SPOTIFY MISC
25-10-2025,SWIGGY SUBSCRIPTION-663508,0.0,717.0,,Entertainment,8,306,Entertainment Expense Ledger,SWIGGY SUBSCRIPTION
12-04-2025,UPI-CREDCLUB-MOVIE TICKETS,0.0,1092.0,,Entertainment,8,306,Entertainment Expense Ledger,UPI CREDCLUB MOVIE TICKETS
05-03-2026,UPI-CROSSWORD BOOKSTORE-GAMING,0.0,3274.0,,Entertainment,8,306,Entertainment Expense Ledger,UPI CROSSWORD BOOKSTORE GAMING
07-12-2025,UPI-AIRTEL PAYMENTS BANK-PHARMACY,0.0,7660.0,,Health & Medical,9,307,Medical Expense Ledger,UPI AIRTEL PAYMENTS BANK PHARMACY
03-12-2025,UPI-APOLLO PHARMACY-GAMING,0.0,2623.0,,Entertainment,8,306,Entertainment Expense Ledger,UPI APOLLO PHARMACY GAMING
18-06-2025,CRISIL LIMITED INTEREST CREDIT-936971,4631.0,0.0,,Investment Income,2,202,Investment Income Ledger,CRISIL LIMITED INTEREST CREDIT
26-11-2025,UPI-IRCTC UTS-PHARMACY,0.0,1230.0,,Health & Medical,9,307,Medical Expense Ledger,UPI IRCTC UTS PHARMACY
22-08-2025,UPI-RELIANCE DIGITAL-DINNER,0.0,925.0,,Groceries & Food,3,301,Groceries Expense Ledger,UPI RELIANCE DIGITAL DINNER
24-11-2025,RENT PAYMENT-305671,0.0,50578.0,,Rent & Housing,4,302,Rent Expense Ledger,RENT PAYMENT
09-05-2025,UPI-AIRTEL PAYMENTS BANK-BREAKFAST,0.0,968.0,,Groceries & Food,3,301,Groceries Expense Ledger,UPI AIRTEL PAYMENTS BANK BREAKFAST
26-11-2025,DIVIDEND CREDIT ICICI BANK-299176,6043.0,0.0,,Investment Income,2,202,Investment Income Ledger,DIVIDEND CREDIT ICICI BANK
30-03-2026,UPI-PVR CINEMAS-LUNCH,0.0,259.0,,Groceries & Food,3,301,Groceries Expense Ledger,UPI PVR CINEMAS LUNCH
18-04-2025,UPI-APOLLO PHARMACY-STATIONERY,0.0,992.0,,Education & Books,10,308,Education Expense Ledger,UPI APOLLO PHARMACY STATIONERY
22-03-2026,UPI-PVR CINEMAS-MISC-574650,0.0,3160.0,,Miscellaneous,12,499,Miscellaneous Ledger,UPI PVR CINEMAS MISC
27-08-2025,UPI-MYNTRA-CONCERT TICKETS,0.0,1314.0,,Entertainment,8,306,Entertainment Expense Ledger,UPI MYNTRA CONCERT TICKETS
11-02-2026,UPI-APOLLO PHARMACY-MISC-662080,262.0,0.0,,Miscellaneous,12,499,Miscellaneous Ledger,UPI APOLLO PHARMACY MISC
10-01-2026,UPI-BHARGAV SANDEEP DESAI-COACHING FEES,0.0,6117.0,,Education & Books,10,308,Education Expense Ledger,UPI BHARGAV SANDEEP DESAI COACHING FEES
24-10-2025,UPI-BIG BAZAAR-CAB RIDE,0.0,8396.0,,Transport & Travel,5,303,Travel Expense Ledger,UPI BIG BAZAAR CAB RIDE
25-12-2025,DIVIDEND CREDIT RELIANCE INDUSTRIES-523915,3895.0,0.0,,Investment Income,2,202,Investment Income Ledger,DIVIDEND CREDIT RELIANCE INDUSTRIES
14-02-2026,NEFT CR-CREDIT CARD BILL PAYMENT-866104264,0.0,4293.0,,Credit Card Payment,11,401,Credit Card Payment Ledger,NEFT CR CREDIT CARD BILL PAYMENT
26-08-2025,CRISIL LIMITED INTEREST CREDIT-903051,274.0,0.0,,Investment Income,2,202,Investment Income Ledger,CRISIL LIMITED INTEREST CREDIT
29-07-2025,UPI-STARBUCKS-BROADBAND BILL,0.0,911.0,,Utilities & Bills,7,305,Utilities Expense Ledger,UPI STARBUCKS BROADBAND BILL
30-11-2025,UPI-ZOMATO-MISC-908062,1938.0,0.0,,Miscellaneous,12,499,Miscellaneous Ledger,UPI ZOMATO MISC
20-01-2026,UPI-ZERODHA BROKING LTD-GAMING,0.0,848.0,,Entertainment,8,306,Entertainment Expense Ledger,UPI ZERODHA BROKING LTD GAMING
03-01-2026,SALARY CREDIT JAN 2026,86631.0,0.0,,Salary Income,1,201,Salary Ledger,SALARY CREDIT JAN
16-01-2026,SALARY CREDIT JAN 2026,51133.0,0.0,,Salary Income,1,201,Salary Ledger,SALARY CREDIT JAN
06-09-2025,UPI-OLA CABS-BOOKS,0.0,7977.0,,Education & Books,10,308,Education Expense Ledger,UPI OLA CABS BOOKS
23-01-2026,UPI-STARBUCKS-BROADBAND BILL,0.0,1977.0,,Utilities & Bills,7,305,Utilities Expense Ledger,UPI STARBUCKS BROADBAND BILL
14-05-2025,NEFT-RENT-500706,0.0,26161.0,,Rent & Housing,4,302,Rent Expense Ledger,NEFT RENT
16-10-2025,UPI-OLA CABS-MISC-722561,0.0,8943.0,,Miscellaneous,12,499,Miscellaneous Ledger,UPI OLA CABS MISC
03-04-2025,UPI-BHARGAV SANDEEP DESAI-ONLINE SHOPPING,0.0,12114.0,,Shopping & Lifestyle,6,304,Shopping Expense Ledger,UPI BHARGAV SANDEEP DESAI ONLINE SHOPPING
28-07-2025,SALARY CREDIT JUL 2025,76901.0,0.0,,Salary Income,1,201,Salary Ledger,SALARY CREDIT JUL
12-08-2025,UPI-NATURAL ICE CREAM-MUMBAI TRIP,0.0,1342.0,,Transport & Travel,5,303,Travel Expense Ledger,UPI NATURAL ICE CREAM MUMBAI TRIP
23-08-2025,UPI-CROSSWORD BOOKSTORE-MISC-990733,0.0,1968.0,,Miscellaneous,12,499,Miscellaneous Ledger,UPI CROSSWORD BOOKSTORE MISC
10-12-2025,NEFT-RENT-724416,0.0,18972.0,,Rent & Housing,4,302,Rent Expense Ledger,NEFT RENT
20-08-2025,UPI-DOMINOS PIZZA-MISC-576857,7330.0,0.0,,Miscellaneous,12,499,Miscellaneous Ledger,UPI DOMINOS PIZZA MISC
11-09-2025,UPI-GOOGLEPAY-CAB RIDE,0.0,5416.0,,Transport & Travel,5,303,Travel Expense Ledger,UPI GOOGLEPAY CAB RIDE
26-06-2025,UPI-LENSKART-LUNCH,0.0,1726.0,,Groceries & Food,3,301,Groceries Expense Ledger,UPI LENSKART LUNCH
14-08-2025,UPI-NATURAL ICE CREAM-PHARMACY,0.0,6582.0,,Health & Medical,9,307,Medical Expense Ledger,UPI NATURAL ICE CREAM PHARMACY
22-06-2025,UPI-AMAZON INDIA-BOOKS,0.0,1168.0,,Education & Books,10,308,Education Expense Ledger,UPI AMAZON INDIA BOOKS
27-04-2025,UPI-FLIPKART-JUICE,0.0,956.0,,Groceries & Food,3,301,Groceries Expense Ledger,UPI FLIPKART JUICE
06-11-2025,UPI-DMART-MEDICAL BILL,0.0,888.0,,Health & Medical,9,307,Medical Expense Ledger,UPI DMART MEDICAL BILL
30-11-2025,NEFT CR-CREDIT CARD BILL PAYMENT-174125475,0.0,68005.0,,Credit Card Payment,11,401,Credit Card Payment Ledger,NEFT CR CREDIT CARD BILL PAYMENT
12-11-2025,UPI-APOLLO PHARMACY-MOBILE BILL,0.0,2300.0,,Utilities & Bills,7,305,Utilities Expense Ledger,UPI APOLLO PHARMACY MOBILE BILL
16-09-2025,UPI-OLA CABS-ELECTRICITY BILL,0.0,1023.0,,Utilities & Bills,7,305,Utilities Expense Ledger,UPI OLA CABS ELECTRICITY BILL
17-08-2025,UPI-ZOMATO-CLOTHING,0.0,15435.0,,Shopping & Lifestyle,6,304,Shopping Expense Ledger,UPI ZOMATO CLOTHING
09-02-2026,UPI-LENSKART-MOVIE TICKETS,0.0,2950.0,,Entertainment,8,306,Entertainment Expense Ledger,UPI LENSKART MOVIE TICKETS
06-10-2025,UPI-LENSKART-ELECTRONICS,0.0,3506.0,,Shopping & Lifestyle,6,304,Shopping Expense Ledger,UPI LENSKART ELECTRONICS
22-09-2025,UPI-BIG BAZAAR-BROADBAND BILL,0.0,221.0,,Utilities & Bills,7,305,Utilities Expense Ledger,UPI BIG BAZAAR BROADBAND BILL
10-04-2025,AIRTEL PAYMENTS BANK SUBSCRIPTION-698411,0.0,1860.0,,Entertainment,8,306,Entertainment Expense Ledger,AIRTEL PAYMENTS BANK SUBSCRIPTION
03-08-2025,UPI-PVR CINEMAS-MOBILE BILL,0.0,4862.0,,Utilities & Bills,7,305,Utilities Expense Ledger,UPI PVR CINEMAS MOBILE BILL
17-08-2025,UPI-CREDCLUB-BOOKS,0.0,8848.0,,Education & Books,10,308,Education Expense Ledger,UPI CREDCLUB BOOKS
24-08-2025,UPI-NETFLIX-WATER BILL,0.0,544.0,,Utilities & Bills,7,305,Utilities Expense Ledger,UPI NETFLIX WATER BILL
29-10-2025,DIVIDEND CREDIT CRISIL LIMITED-587707,6334.0,0.0,,Investment Income,2,202,Investment Income Ledger,DIVIDEND CREDIT CRISIL LIMITED
12-10-2025,UPI-NATURAL ICE CREAM-MISC-346222,4044.0,0.0,,Miscellaneous,12,499,Miscellaneous Ledger,UPI NATURAL ICE CREAM MISC
08-11-2025,NOV 2025 SALARY CREDIT,51539.0,0.0,,Salary Income,1,201,Salary Ledger,NOV SALARY CREDIT
04-01-2026,UPI-DMART-GOA TRIP EXPENSES,0.0,1836.0,,Transport & Travel,5,303,Travel Expense Ledger,UPI DMART GOA TRIP EXPENSES
21-01-2026,UPI-IRCTC UTS-BROADBAND BILL,0.0,2332.0,,Utilities & Bills,7,305,Utilities Expense Ledger,UPI IRCTC UTS BROADBAND BILL
18-12-2025,UPI-IRCTC UTS-COACHING FEES,0.0,4658.0,,Education & Books,10,308,Education Expense Ledger,UPI IRCTC UTS COACHING FEES
14-03-2026,UPI-BHARGAV SANDEEP DESAI-MISC-710278,0.0,3420.0,,Miscellaneous,12,499,Miscellaneous Ledger,UPI BHARGAV SANDEEP DESAI MISC
07-04-2025,UPI-SWIGGY-GAS CYLINDER PAYMENT,0.0,621.0,,Utilities & Bills,7,305,Utilities Expense Ledger,UPI SWIGGY GAS CYLINDER PAYMENT
11-06-2025,UPI-STARBUCKS-MOBILE BILL,0.0,3820.0,,Utilities & Bills,7,305,Utilities Expense Ledger,UPI STARBUCKS MOBILE BILL
03-04-2025,UPI-ZERODHA BROKING LTD-GAMING,0.0,1175.0,,Entertainment,8,306,Entertainment Expense Ledger,UPI ZERODHA BROKING LTD GAMING
22-11-2025,SALARY CREDIT NOV 2025,89961.0,0.0,,Salary Income,1,201,Salary Ledger,SALARY CREDIT NOV
21-02-2026,CC BILL PAYMENT-824764155,0.0,7895.0,,Credit Card Payment,11,401,Credit Card Payment Ledger,CC BILL PAYMENT
28-06-2025,UPI-SPOTIFY-BOOKS,0.0,7748.0,,Education & Books,10,308,Education Expense Ledger,UPI SPOTIFY BOOKS
04-03-2026,RENT PAYMENT-118807,0.0,46032.0,,Rent & Housing,4,302,Rent Expense Ledger,RENT PAYMENT
22-04-2025,DOMINOS PIZZA SUBSCRIPTION-856572,0.0,4361.0,,Entertainment,8,306,Entertainment Expense Ledger,DOMINOS PIZZA SUBSCRIPTION
07-03-2026,UPI-ZOMATO-PHARMACY,0.0,6955.0,,Health & Medical,9,307,Medical Expense Ledger,UPI ZOMATO PHARMACY
06-08-2025,UPI-CROSSWORD BOOKSTORE-MISC-882920,0.0,3453.0,,Miscellaneous,12,499,Miscellaneous Ledger,UPI CROSSWORD BOOKSTORE MISC
07-05-2025,UPI-DMART-WATER BILL,0.0,4209.0,,Utilities & Bills,7,305,Utilities Expense Ledger,UPI DMART WATER BILL
24-09-2025,UPI-ZOMATO-MOBILE BILL,0.0,601.0,,Utilities & Bills,7,305,Utilities Expense Ledger,UPI ZOMATO MOBILE BILL
03-07-2025,CC BILL PAYMENT-470852065,0.0,21595.0,,Credit Card Payment,11,401,Credit Card Payment Ledger,CC BILL PAYMENT
13-07-2025,UPI-IRCTC UTS-SHOPPING,0.0,8383.0,,Shopping & Lifestyle,6,304,Shopping Expense Ledger,UPI IRCTC UTS SHOPPING
21-07-2025,ACH C- ICICI BANK DIVIDEND-158453,3777.0,0.0,,Investment Income,2,202,Investment Income Ledger,ACH C ICICI BANK DIVIDEND
18-01-2026,UPI-CREDCLUB-CRED PAYMENT-165250123,0.0,34161.0,,Credit Card Payment,11,401,Credit Card Payment Ledger,UPI CREDCLUB CRED PAYMENT
14-10-2025,UPI-LENSKART-GOA TRIP EXPENSES,0.0,8895.0,,Transport & Travel,5,303,Travel Expense Ledger,UPI LENSKART GOA TRIP EXPENSES
23-07-2025,UPI-PVR CINEMAS-GAS CYLINDER PAYMENT,0.0,3585.0,,Utilities & Bills,7,305,Utilities Expense Ledger,UPI PVR CINEMAS GAS CYLINDER PAYMENT
09-11-2025,UPI-LENSKART-ONLINE SHOPPING,0.0,7413.0,,Shopping & Lifestyle,6,304,Shopping Expense Ledger,UPI LENSKART ONLINE SHOPPING
17-12-2025,UPI-SPOTIFY-BREAKFAST,0.0,1407.0,,Groceries & Food,3,301,Groceries Expense Ledger,UPI SPOTIFY BREAKFAST
09-07-2025,ACH C- ASIAN PAINTS LTD DIVIDEND-790091,1959.0,0.0,,Investment Income,2,202,Investment Income Ledger,ACH C ASIAN PAINTS LTD DIVIDEND
29-08-2025,VEDANTA LIMITED INTEREST CREDIT-709269,1016.0,0.0,,Investment Income,2,202,Investment Income Ledger,VEDANTA LIMITED INTEREST CREDIT
15-05-2025,UPI-BHARGAV SANDEEP DESAI-ELECTRICITY BILL,0.0,3829.0,,Utilities & Bills,7,305,Utilities Expense Ledger,UPI BHARGAV SANDEEP DESAI ELECTRICITY BILL
05-06-2025,NEFT CR-CREDIT CARD BILL PAYMENT-165405995,0.0,25485.0,,Credit Card Payment,11,401,Credit Card Payment Ledger,NEFT CR CREDIT CARD BILL PAYMENT
04-12-2025,UPI-FLIPKART-MISC-867842,12495.0,0.0,,Miscellaneous,12,499,Miscellaneous Ledger,UPI FLIPKART MISC
06-06-2025,BANK TRANSFER-HOUSE RENT-798412,0.0,45375.0,,Rent & Housing,4,302,Rent Expense Ledger,BANK TRANSFER HOUSE RENT
09-10-2025,UPI-NETFLIX-MISC-957759,0.0,14604.0,,Miscellaneous,12,499,Miscellaneous Ledger,UPI NETFLIX MISC
15-12-2025,UPI-GOOGLEPAY-COACHING FEES,0.0,8658.0,,Education & Books,10,308,Education Expense Ledger,UPI GOOGLEPAY COACHING FEES
09-05-2025,NEFT CR-CREDIT CARD BILL PAYMENT-744039342,0.0,21968.0,,Credit Card Payment,11,401,Credit Card Payment Ledger,NEFT CR CREDIT CARD BILL PAYMENT
24-10-2025,ACH C- RELIANCE INDUSTRIES DIVIDEND-272903,406.0,0.0,,Investment Income,2,202,Investment Income Ledger,ACH C RELIANCE INDUSTRIES DIVIDEND
03-07-2025,UPI-NATURAL ICE CREAM-CLOTHING,0.0,14739.0,,Shopping & Lifestyle,6,304,Shopping Expense Ledger,UPI NATURAL ICE CREAM CLOTHING
17-03-2026,UPI-DOMINOS PIZZA-DINNER,0.0,372.0,,Groceries & Food,3,301,Groceries Expense Ledger,UPI DOMINOS PIZZA DINNER
24-09-2025,UPI-LENSKART-DINNER,0.0,132.0,,Groceries & Food,3,301,Groceries Expense Ledger,UPI LENSKART DINNER
19-01-2026,UPI-CREDCLUB-CRED PAYMENT-215769200,0.0,43495.0,,Credit Card Payment,11,401,Credit Card Payment Ledger,UPI CREDCLUB CRED PAYMENT
18-10-2025,UPI-APOLLO PHARMACY-MISC-840150,0.0,10014.0,,Miscellaneous,12,499,Miscellaneous Ledger,UPI APOLLO PHARMACY MISC
16-04-2025,SALARY CREDIT APR 2025,52336.0,0.0,,Salary Income,1,201,Salary Ledger,SALARY CREDIT APR
17-11-2025,UPI-IRCTC UTS-TICKET-204431849,0.0,9943.0,,Transport & Travel,5,303,Travel Expense Ledger,UPI IRCTC UTS TICKET
13-03-2026,MAR 2026 SALARY CREDIT,67228.0,0.0,,Salary Income,1,201,Salary Ledger,MAR SALARY CREDIT
05-11-2025,UPI-AMAZON INDIA-GAS CYLINDER PAYMENT,0.0,1089.0,,Utilities & Bills,7,305,Utilities Expense Ledger,UPI AMAZON INDIA GAS CYLINDER PAYMENT
24-01-2026,UPI-AK JUICE CENTRE-MISC-299899,8276.0,0.0,,Miscellaneous,12,499,Miscellaneous Ledger,UPI AK JUICE CENTRE MISC
16-02-2026,UPI-MYNTRA-DOCTOR CONSULTATION,0.0,2900.0,,Health & Medical,9,307,Medical Expense Ledger,UPI MYNTRA DOCTOR CONSULTATION
23-06-2025,UPI-OLA CABS-ONLINE COURSE,0.0,2476.0,,Education & Books,10,308,Education Expense Ledger,UPI OLA CABS ONLINE COURSE
17-06-2025,JUN 2025 SALARY CREDIT,65995.0,0.0,,Salary Income,1,201,Salary Ledger,JUN SALARY CREDIT
09-11-2025,DIVIDEND CREDIT HDFC BANK-851690,9624.0,0.0,,Investment Income,2,202,Investment Income Ledger,DIVIDEND CREDIT HDFC BANK
28-08-2025,TATA POWER CO LTD INTEREST CREDIT-140524,78.0,0.0,,Investment Income,2,202,Investment Income Ledger,TATA POWER CO LTD INTEREST CREDIT
31-01-2026,OLA CABS PAYMENT-466120466,0.0,11956.0,,Transport & Travel,5,303,Travel Expense Ledger,OLA CABS PAYMENT
22-02-2026,UPI-IRCTC UTS-BROADBAND BILL,0.0,3885.0,,Utilities & Bills,7,305,Utilities Expense Ledger,UPI IRCTC UTS BROADBAND BILL
07-08-2025,DIVIDEND CREDIT RELIANCE INDUSTRIES-865893,3631.0,0.0,,Investment Income,2,202,Investment Income Ledger,DIVIDEND CREDIT RELIANCE INDUSTRIES
26-06-2025,UPI-GOOGLEPAY-ONLINE COURSE,0.0,814.0,,Education & Books,10,308,Education Expense Ledger,UPI GOOGLEPAY ONLINE COURSE
10-01-2026,CC BILL PAYMENT-559446034,0.0,16210.0,,Credit Card Payment,11,401,Credit Card Payment Ledger,CC BILL PAYMENT
10-07-2025,BANK TRANSFER-HOUSE RENT-251152,0.0,42489.0,,Rent & Housing,4,302,Rent Expense Ledger,BANK TRANSFER HOUSE RENT
25-01-2026,UPI-AIRTEL PAYMENTS BANK-MEDICAL BILL,0.0,4460.0,,Health & Medical,9,307,Medical Expense Ledger,UPI AIRTEL PAYMENTS BANK MEDICAL BILL
02-09-2025,UPI-ZERODHA BROKING LTD-MEDICAL BILL,0.0,5472.0,,Health & Medical,9,307,Medical Expense Ledger,UPI ZERODHA BROKING LTD MEDICAL BILL
29-11-2025,UPI-ZERODHA BROKING LTD-FOOD,0.0,141.0,,Groceries & Food,3,301,Groceries Expense Ledger,UPI ZERODHA BROKING LTD FOOD
05-05-2025,APR MAY SALARY,86412.0,0.0,,Salary Income,1,201,Salary Ledger,APR MAY SALARY
14-11-2025,NOV 2025 SALARY CREDIT,72450.0,0.0,,Salary Income,1,201,Salary Ledger,NOV SALARY CREDIT
12-09-2025,CC BILL PAYMENT-106877037,0.0,64888.0,,Credit Card Payment,11,401,Credit Card Payment Ledger,CC BILL PAYMENT
31-10-2025,BANK TRANSFER-HOUSE RENT-793044,0.0,31524.0,,Rent & Housing,4,302,Rent Expense Ledger,BANK TRANSFER HOUSE RENT
01-06-2025,APR JUN SALARY,73365.0,0.0,,Salary Income,1,201,Salary Ledger,APR JUN SALARY
25-12-2025,HINDUSTAN UNILEVER LTD INTEREST CREDIT-715429,5672.0,0.0,,Investment Income,2,202,Investment Income Ledger,HINDUSTAN UNILEVER LTD INTEREST CREDIT
09-02-2026,NEFT-RENT-464534,0.0,30164.0,,Rent & Housing,4,302,Rent Expense Ledger,NEFT RENT
18-06-2025,UPI-AIRTEL PAYMENTS BANK-DOCTOR CONSULTATION,0.0,865.0,,Health & Medical,9,307,Medical Expense Ledger,UPI AIRTEL PAYMENTS BANK DOCTOR CONSULTATION
05-05-2025,BANK TRANSFER-HOUSE RENT-763779,0.0,34784.0,,Rent & Housing,4,302,Rent Expense Ledger,BANK TRANSFER HOUSE RENT
09-04-2025,SALARY CREDIT APR 2025,73837.0,0.0,,Salary Income,1,201,Salary Ledger,SALARY CREDIT APR
20-11-2025,UPI-NATURAL ICE CREAM-MOVIE TICKETS,0.0,1463.0,,Entertainment,8,306,Entertainment Expense Ledger,UPI NATURAL ICE CREAM MOVIE TICKETS
07-11-2025,UPI-CREDCLUB-LUNCH,0.0,2372.0,,Groceries & Food,3,301,Groceries Expense Ledger,UPI CREDCLUB LUNCH
16-10-2025,POS-SPOTIFY-MALL PURCHASE,0.0,14147.0,,Shopping & Lifestyle,6,304,Shopping Expense Ledger,POS SPOTIFY MALL PURCHASE
24-06-2025,UPI-SWIGGY-SHOPPING,0.0,10997.0,,Shopping & Lifestyle,6,304,Shopping Expense Ledger,UPI SWIGGY SHOPPING
21-08-2025,APR AUG SALARY,69401.0,0.0,,Salary Income,1,201,Salary Ledger,APR AUG SALARY
03-11-2025,UPI-OLA CABS-PHARMACY,0.0,1607.0,,Health & Medical,9,307,Medical Expense Ledger,UPI OLA CABS PHARMACY
28-09-2025,UPI-NETFLIX-FOOD,0.0,800.0,,Groceries & Food,3,301,Groceries Expense Ledger,UPI NETFLIX FOOD
26-03-2026,UPI-ZOMATO-JUICE,0.0,1633.0,,Groceries & Food,3,301,Groceries Expense Ledger,UPI ZOMATO JUICE
20-05-2025,UPI-CREDCLUB-CRED PAYMENT-317714004,0.0,66936.0,,Credit Card Payment,11,401,Credit Card Payment Ledger,UPI CREDCLUB CRED PAYMENT
10-12-2025,UPI-BIG BAZAAR-LAB TESTS,0.0,2075.0,,Health & Medical,9,307,Medical Expense Ledger,UPI BIG BAZAAR LAB TESTS
26-08-2025,UPI-FLIPKART-PHARMACY,0.0,5952.0,,Health & Medical,9,307,Medical Expense Ledger,UPI FLIPKART PHARMACY
03-09-2025,UPI-AK JUICE CENTRE-COACHING FEES,0.0,5187.0,,Education & Books,10,308,Education Expense Ledger,UPI AK JUICE CENTRE COACHING FEES
18-12-2025,UPI-UBER-GAMING,0.0,2702.0,,Entertainment,8,306,Entertainment Expense Ledger,UPI UBER GAMING
09-12-2025,UPI-GOOGLEPAY-BOOKS,0.0,9140.0,,Education & Books,10,308,Education Expense Ledger,UPI GOOGLEPAY BOOKS
27-03-2026,MAR 2026 SALARY CREDIT,83397.0,0.0,,Salary Income,1,201,Salary Ledger,MAR SALARY CREDIT
17-05-2025,UPI-CROSSWORD BOOKSTORE-MEDICAL BILL,0.0,3871.0,,Health & Medical,9,307,Medical Expense Ledger,UPI CROSSWORD BOOKSTORE MEDICAL BILL
08-05-2025,UPI-PVR CINEMAS-STATIONERY,0.0,2298.0,,Education & Books,10,308,Education Expense Ledger,UPI PVR CINEMAS STATIONERY
20-12-2025,UPI-FLIPKART-ONLINE SHOPPING,0.0,8644.0,,Shopping & Lifestyle,6,304,Shopping Expense Ledger,UPI FLIPKART ONLINE SHOPPING
28-10-2025,OCT 2025 SALARY CREDIT,45435.0,0.0,,Salary Income,1,201,Salary Ledger,OCT SALARY CREDIT
09-07-2025,UPI-BIG BAZAAR-COACHING FEES,0.0,2963.0,,Education & Books,10,308,Education Expense Ledger,UPI BIG BAZAAR COACHING FEES
29-04-2025,UPI-AIRTEL PAYMENTS BANK-MISC-754986,3291.0,0.0,,Miscellaneous,12,499,Miscellaneous Ledger,UPI AIRTEL PAYMENTS BANK MISC
02-05-2025,RENT PAYMENT-547628,0.0,9587.0,,Rent & Housing,4,302,Rent Expense Ledger,RENT PAYMENT
20-02-2026,ACH C- TATA POWER CO LTD DIVIDEND-156572,4459.0,0.0,,Investment Income,2,202,Investment Income Ledger,ACH C TATA POWER CO LTD DIVIDEND
09-06-2025,UPI-CREDCLUB-LAB TESTS,0.0,4049.0,,Health & Medical,9,307,Medical Expense Ledger,UPI CREDCLUB LAB TESTS
27-07-2025,UPI-BIG BAZAAR-ONLINE SHOPPING,0.0,16854.0,,Shopping & Lifestyle,6,304,Shopping Expense Ledger,UPI BIG BAZAAR ONLINE SHOPPING
22-06-2025,UPI-CROSSWORD BOOKSTORE-ONLINE SHOPPING,0.0,11786.0,,Shopping & Lifestyle,6,304,Shopping Expense Ledger,UPI CROSSWORD BOOKSTORE ONLINE SHOPPING
08-08-2025,BANK TRANSFER-HOUSE RENT-539717,0.0,33179.0,,Rent & Housing,4,302,Rent Expense Ledger,BANK TRANSFER HOUSE RENT
26-04-2025,UPI-AIRTEL PAYMENTS BANK-PHARMACY,0.0,1785.0,,Health & Medical,9,307,Medical Expense Ledger,UPI AIRTEL PAYMENTS BANK PHARMACY
06-10-2025,ACH C- RELIANCE INDUSTRIES DIVIDEND-993441,9637.0,0.0,,Investment Income,2,202,Investment Income Ledger,ACH C RELIANCE INDUSTRIES DIVIDEND
25-04-2025,AIRTEL PAYMENTS BANK SUBSCRIPTION-147013,0.0,1166.0,,Entertainment,8,306,Entertainment Expense Ledger,AIRTEL PAYMENTS BANK SUBSCRIPTION
17-01-2026,UPI-OLA CABS-COACHING FEES,0.0,9480.0,,Education & Books,10,308,Education Expense Ledger,UPI OLA CABS COACHING FEES
25-06-2025,JUN 2025 SALARY CREDIT,75282.0,0.0,,Salary Income,1,201,Salary Ledger,JUN SALARY CREDIT
14-10-2025,RENT PAYMENT-495412,0.0,32124.0,,Rent & Housing,4,302,Rent Expense Ledger,RENT PAYMENT
15-02-2026,UPI-SPOTIFY-CONCERT TICKETS,0.0,889.0,,Entertainment,8,306,Entertainment Expense Ledger,UPI SPOTIFY CONCERT TICKETS
23-11-2025,NOV 2025 SALARY CREDIT,52055.0,0.0,,Salary Income,1,201,Salary Ledger,NOV SALARY CREDIT
11-10-2025,UPI-UBER-MUMBAI TRIP,0.0,12078.0,,Transport & Travel,5,303,Travel Expense Ledger,UPI UBER MUMBAI TRIP
28-07-2025,UPI-STARBUCKS-CONCERT TICKETS,0.0,3888.0,,Entertainment,8,306,Entertainment Expense Ledger,UPI STARBUCKS CONCERT TICKETS
31-07-2025,VEDANTA LIMITED INTEREST CREDIT-242832,471.0,0.0,,Investment Income,2,202,Investment Income Ledger,VEDANTA LIMITED INTEREST CREDIT
30-11-2025,CC BILL PAYMENT-173041436,0.0,26762.0,,Credit Card Payment,11,401,Credit Card Payment Ledger,CC BILL PAYMENT
28-03-2026,UPI-STARBUCKS-CAB RIDE,0.0,5044.0,,Transport & Travel,5,303,Travel Expense Ledger,UPI STARBUCKS CAB RIDE
27-11-2025,UPI-BHARGAV SANDEEP DESAI-ONLINE COURSE,0.0,1508.0,,Education & Books,10,308,Education Expense Ledger,UPI BHARGAV SANDEEP DESAI ONLINE COURSE
21-10-2025,BANK TRANSFER-HOUSE RENT-131629,0.0,11258.0,,Rent & Housing,4,302,Rent Expense Ledger,BANK TRANSFER HOUSE RENT
22-12-2025,UPI-FLIPKART-MISC-789567,0.0,6624.0,,Miscellaneous,12,499,Miscellaneous Ledger,UPI FLIPKART MISC
17-09-2025,UPI-RELIANCE DIGITAL-STATIONERY,0.0,4680.0,,Education & Books,10,308,Education Expense Ledger,UPI RELIANCE DIGITAL STATIONERY
22-04-2025,UPI-OLA CABS-BOOKS,0.0,3401.0,,Education & Books,10,308,Education Expense Ledger,UPI OLA CABS BOOKS
22-10-2025,UPI-AMAZON INDIA-WATER BILL,0.0,1166.0,,Utilities & Bills,7,305,Utilities Expense Ledger,UPI AMAZON INDIA WATER BILL
15-03-2026,UPI-ZERODHA BROKING LTD-SHOPPING,0.0,13289.0,,Shopping & Lifestyle,6,304,Shopping Expense Ledger,UPI ZERODHA BROKING LTD SHOPPING
03-06-2025,UPI-MYNTRA-MEDICAL BILL,0.0,4635.0,,Health & Medical,9,307,Medical Expense Ledger,UPI MYNTRA MEDICAL BILL
08-12-2025,NEFT-RENT-779363,0.0,59067.0,,Rent & Housing,4,302,Rent Expense Ledger,NEFT RENT
13-06-2025,UPI-STARBUCKS-LAB TESTS,0.0,304.0,,Health & Medical,9,307,Medical Expense Ledger,UPI STARBUCKS LAB TESTS
13-10-2025,DIVIDEND CREDIT TATA POWER CO LTD-392552,923.0,0.0,,Investment Income,2,202,Investment Income Ledger,DIVIDEND CREDIT TATA POWER CO LTD
06-05-2025,UPI-PVR CINEMAS-CLOTHING,0.0,15607.0,,Shopping & Lifestyle,6,304,Shopping Expense Ledger,UPI PVR CINEMAS CLOTHING
11-09-2025,APR SEP SALARY,40370.0,0.0,,Salary Income,1,201,Salary Ledger,APR SEP SALARY
01-01-2026,UPI-NETFLIX-CLOTHING,0.0,14700.0,,Shopping & Lifestyle,6,304,Shopping Expense Ledger,UPI NETFLIX CLOTHING
05-08-2025,UPI-NATURAL ICE CREAM-COACHING FEES,0.0,2461.0,,Education & Books,10,308,Education Expense Ledger,UPI NATURAL ICE CREAM COACHING FEES
29-11-2025,NOV 2025 SALARY CREDIT,68225.0,0.0,,Salary Income,1,201,Salary Ledger,NOV SALARY CREDIT
15-01-2026,UPI-FLIPKART-MISC-590391,0.0,1155.0,,Miscellaneous,12,499,Miscellaneous Ledger,UPI FLIPKART MISC
04-03-2026,UPI-AK JUICE CENTRE-MOVIE TICKETS,0.0,1767.0,,Entertainment,8,306,Entertainment Expense Ledger,UPI AK JUICE CENTRE MOVIE TICKETS
25-06-2025,UPI-OLA CABS-PHARMACY,0.0,2196.0,,Health & Medical,9,307,Medical Expense Ledger,UPI OLA CABS PHARMACY
24-08-2025,ACH C- ICICI BANK DIVIDEND-986226,3297.0,0.0,,Investment Income,2,202,Investment Income Ledger,ACH C ICICI BANK DIVIDEND
26-05-2025,UPI-DMART-DOCTOR CONSULTATION,0.0,2787.0,,Health & Medical,9,307,Medical Expense Ledger,UPI DMART DOCTOR CONSULTATION
28-03-2026,UPI-DOMINOS PIZZA-MOBILE BILL,0.0,1032.0,,Utilities & Bills,7,305,Utilities Expense Ledger,UPI DOMINOS PIZZA MOBILE BILL
04-03-2026,UPI-CROSSWORD BOOKSTORE-DOCTOR CONSULTATION,0.0,4995.0,,Health & Medical,9,307,Medical Expense Ledger,UPI CROSSWORD BOOKSTORE DOCTOR CONSULTATION
14-10-2025,UPI-AMAZON INDIA-BREAKFAST,0.0,490.0,,Groceries & Food,3,301,Groceries Expense Ledger,UPI AMAZON INDIA BREAKFAST
01-02-2026,UPI-UBER-BOOKS,0.0,2567.0,,Education & Books,10,308,Education Expense Ledger,UPI UBER BOOKS
07-10-2025,UPI-DMART-WATER BILL,0.0,4863.0,,Utilities & Bills,7,305,Utilities Expense Ledger,UPI DMART WATER BILL
13-11-2025,NEFT CR-CREDIT CARD BILL PAYMENT-410591350,0.0,45648.0,,Credit Card Payment,11,401,Credit Card Payment Ledger,NEFT CR CREDIT CARD BILL PAYMENT
03-05-2025,ACH C- VEDANTA LIMITED DIVIDEND-284544,3312.0,0.0,,Investment Income,2,202,Investment Income Ledger,ACH C VEDANTA LIMITED DIVIDEND
31-12-2025,UPI-CREDCLUB-BREAKFAST,0.0,631.0,,Groceries & Food,3,301,Groceries Expense Ledger,UPI CREDCLUB BREAKFAST
17-05-2025,UPI-RELIANCE DIGITAL-MEDICAL BILL,0.0,3333.0,,Health & Medical,9,307,Medical Expense Ledger,UPI RELIANCE DIGITAL MEDICAL BILL
26-01-2026,NEFT-RENT-933358,0.0,29923.0,,Rent & Housing,4,302,Rent Expense Ledger,NEFT RENT
10-01-2026,UPI-PVR CINEMAS-CONCERT TICKETS,0.0,1789.0,,Entertainment,8,306,Entertainment Expense Ledger,UPI PVR CINEMAS CONCERT TICKETS
14-12-2025,UPI-STARBUCKS-MISC-670059,14069.0,0.0,,Miscellaneous,12,499,Miscellaneous Ledger,UPI STARBUCKS MISC
14-04-2025,UPI-IRCTC UTS-DINNER,0.0,2201.0,,Groceries & Food,3,301,Groceries Expense Ledger,UPI IRCTC UTS DINNER
20-07-2025,TATA POWER CO LTD INTEREST CREDIT-249457,5691.0,0.0,,Investment Income,2,202,Investment Income Ledger,TATA POWER CO LTD INTEREST CREDIT
05-07-2025,NEFT CR-SALARY-FREELANCE CLIENT,63616.0,0.0,,Salary Income,1,201,Salary Ledger,NEFT CR SALARY FREELANCE CLIENT
10-08-2025,UPI-AMAZON INDIA-MISC-325825,6085.0,0.0,,Miscellaneous,12,499,Miscellaneous Ledger,UPI AMAZON INDIA MISC
02-05-2025,UPI-CREDCLUB-MISC-686470,12447.0,0.0,,Miscellaneous,12,499,Miscellaneous Ledger,UPI CREDCLUB MISC
08-03-2026,UPI-UBER-BOOKS,0.0,9174.0,,Education & Books,10,308,Education Expense Ledger,UPI UBER BOOKS
19-10-2025,NEFT CR-CREDIT CARD BILL PAYMENT-574779274,0.0,3956.0,,Credit Card Payment,11,401,Credit Card Payment Ledger,NEFT CR CREDIT CARD BILL PAYMENT
21-07-2025,UPI-NETFLIX-MISC-737384,0.0,10075.0,,Miscellaneous,12,499,Miscellaneous Ledger,UPI NETFLIX MISC
23-08-2025,UPI-SPOTIFY-BOOKS,0.0,9308.0,,Education & Books,10,308,Education Expense Ledger,UPI SPOTIFY BOOKS
10-09-2025,UPI-IRCTC UTS-TICKET-295611667,0.0,6953.0,,Transport & Travel,5,303,Travel Expense Ledger,UPI IRCTC UTS TICKET
05-11-2025,UPI-ZERODHA BROKING LTD-MEDICAL BILL,0.0,7497.0,,Health & Medical,9,307,Medical Expense Ledger,UPI ZERODHA BROKING LTD MEDICAL BILL
05-10-2025,BANK TRANSFER-HOUSE RENT-969241,0.0,47267.0,,Rent & Housing,4,302,Rent Expense Ledger,BANK TRANSFER HOUSE RENT
01-03-2026,UPI-STARBUCKS-MEDICAL BILL,0.0,3658.0,,Health & Medical,9,307,Medical Expense Ledger,UPI STARBUCKS MEDICAL BILL
28-09-2025,UPI-CREDCLUB-MOBILE BILL,0.0,3731.0,,Utilities & Bills,7,305,Utilities Expense Ledger,UPI CREDCLUB MOBILE BILL
28-03-2026,NEFT CR-CREDIT CARD BILL PAYMENT-362442113,0.0,48965.0,,Credit Card Payment,11,401,Credit Card Payment Ledger,NEFT CR CREDIT CARD BILL PAYMENT
04-02-2026,VEDANTA LIMITED INTEREST CREDIT-657639,9809.0,0.0,,Investment Income,2,202,Investment Income Ledger,VEDANTA LIMITED INTEREST CREDIT
15-06-2025,DIVIDEND CREDIT HINDUSTAN UNILEVER LTD-942667,6078.0,0.0,,Investment Income,2,202,Investment Income Ledger,DIVIDEND CREDIT HINDUSTAN UNILEVER LTD
05-03-2026,IRCTC UTS SUBSCRIPTION-250641,0.0,3501.0,,Entertainment,8,306,Entertainment Expense Ledger,IRCTC UTS SUBSCRIPTION
13-05-2025,UPI-BIG BAZAAR-FOOD,0.0,2080.0,,Groceries & Food,3,301,Groceries Expense Ledger,UPI BIG BAZAAR FOOD
23-01-2026,UPI-LENSKART-MUMBAI TRIP,0.0,8590.0,,Transport & Travel,5,303,Travel Expense Ledger,UPI LENSKART MUMBAI TRIP
17-08-2025,ICICI BANK INTEREST CREDIT-306749,2939.0,0.0,,Investment Income,2,202,Investment Income Ledger,ICICI BANK INTEREST CREDIT
14-02-2026,UPI-FLIPKART-DOCTOR CONSULTATION,0.0,1077.0,,Health & Medical,9,307,Medical Expense Ledger,UPI FLIPKART DOCTOR CONSULTATION
10-02-2026,UPI-GOOGLEPAY-BROADBAND BILL,0.0,3339.0,,Utilities & Bills,7,305,Utilities Expense Ledger,UPI GOOGLEPAY BROADBAND BILL
19-01-2026,RENT PAYMENT-988976,0.0,21934.0,,Rent & Housing,4,302,Rent Expense Ledger,RENT PAYMENT
13-01-2026,UPI-GOOGLEPAY-LUNCH,0.0,1252.0,,Groceries & Food,3,301,Groceries Expense Ledger,UPI GOOGLEPAY LUNCH
20-07-2025,NEFT CR-CREDIT CARD BILL PAYMENT-785419623,0.0,21431.0,,Credit Card Payment,11,401,Credit Card Payment Ledger,NEFT CR CREDIT CARD BILL PAYMENT
30-04-2025,CC BILL PAYMENT-408837017,0.0,39015.0,,Credit Card Payment,11,401,Credit Card Payment Ledger,CC BILL PAYMENT
25-08-2025,UPI-RELIANCE DIGITAL-GAMING,0.0,3516.0,,Entertainment,8,306,Entertainment Expense Ledger,UPI RELIANCE DIGITAL GAMING
03-06-2025,UPI-SWIGGY-DOCTOR CONSULTATION,0.0,2270.0,,Health & Medical,9,307,Medical Expense Ledger,UPI SWIGGY DOCTOR CONSULTATION
09-12-2025,UPI-AMAZON INDIA-LAB TESTS,0.0,1929.0,,Health & Medical,9,307,Medical Expense Ledger,UPI AMAZON INDIA LAB TESTS
04-08-2025,UPI-SWIGGY-MISC-840126,9854.0,0.0,,Miscellaneous,12,499,Miscellaneous Ledger,UPI SWIGGY MISC
22-03-2026,UPI-NATURAL ICE CREAM-CAB RIDE,0.0,2563.0,,Transport & Travel,5,303,Travel Expense Ledger,UPI NATURAL ICE CREAM CAB RIDE
20-11-2025,UPI-GOOGLEPAY-PHARMACY,0.0,3383.0,,Health & Medical,9,307,Medical Expense Ledger,UPI GOOGLEPAY PHARMACY
25-01-2026,POS-IRCTC UTS-MALL PURCHASE,0.0,15215.0,,Shopping & Lifestyle,6,304,Shopping Expense Ledger,POS IRCTC UTS MALL PURCHASE
19-05-2025,UPI-FLIPKART-MEDICAL BILL,0.0,1928.0,,Health & Medical,9,307,Medical Expense Ledger,UPI FLIPKART MEDICAL BILL
08-02-2026,UPI-FLIPKART-GAS CYLINDER PAYMENT,0.0,1355.0,,Utilities & Bills,7,305,Utilities Expense Ledger,UPI FLIPKART GAS CYLINDER PAYMENT
02-03-2026,NEFT CR-CREDIT CARD BILL PAYMENT-556462731,0.0,68853.0,,Credit Card Payment,11,401,Credit Card Payment Ledger,NEFT CR CREDIT CARD BILL PAYMENT
25-09-2025,NEFT CR-SALARY-HDFC BANK,42511.0,0.0,,Salary Income,1,201,Salary Ledger,NEFT CR SALARY HDFC BANK
07-11-2025,UPI-CREDCLUB-CRED PAYMENT-747509954,0.0,49380.0,,Credit Card Payment,11,401,Credit Card Payment Ledger,UPI CREDCLUB CRED PAYMENT
04-01-2026,VEDANTA LIMITED INTEREST CREDIT-373438,1343.0,0.0,,Investment Income,2,202,Investment Income Ledger,VEDANTA LIMITED INTEREST CREDIT
03-06-2025,UPI-RELIANCE DIGITAL-COACHING FEES,0.0,3375.0,,Education & Books,10,308,Education Expense Ledger,UPI RELIANCE DIGITAL COACHING FEES
30-09-2025,ACH C- INFOSYS LIMITED DIVIDEND-954727,9679.0,0.0,,Investment Income,2,202,Investment Income Ledger,ACH C INFOSYS LIMITED DIVIDEND
24-08-2025,UPI-BHARGAV SANDEEP DESAI-MISC-674699,5305.0,0.0,,Miscellaneous,12,499,Miscellaneous Ledger,UPI BHARGAV SANDEEP DESAI MISC
24-05-2025,UPI-AMAZON INDIA-ONLINE SHOPPING,0.0,15448.0,,Shopping & Lifestyle,6,304,Shopping Expense Ledger,UPI AMAZON INDIA ONLINE SHOPPING
12-08-2025,UPI-LENSKART-GOA TRIP EXPENSES,0.0,7944.0,,Transport & Travel,5,303,Travel Expense Ledger,UPI LENSKART GOA TRIP EXPENSES
25-04-2025,CC BILL PAYMENT-234007467,0.0,7791.0,,Credit Card Payment,11,401,Credit Card Payment Ledger,CC BILL PAYMENT
10-04-2025,UPI-ZOMATO-GAMING,0.0,969.0,,Entertainment,8,306,Entertainment Expense Ledger,UPI ZOMATO GAMING
20-05-2025,CC BILL PAYMENT-269898188,0.0,44220.0,,Credit Card Payment,11,401,Credit Card Payment Ledger,CC BILL PAYMENT
17-03-2026,UPI-AMAZON INDIA-LAB TESTS,0.0,3787.0,,Health & Medical,9,307,Medical Expense Ledger,UPI AMAZON INDIA LAB TESTS
18-10-2025,UPI-AIRTEL PAYMENTS BANK-BOOKS,0.0,8497.0,,Education & Books,10,308,Education Expense Ledger,UPI AIRTEL PAYMENTS BANK BOOKS
18-03-2026,UPI-MYNTRA-MISC-680464,0.0,2923.0,,Miscellaneous,12,499,Miscellaneous Ledger,UPI MYNTRA MISC
05-09-2025,UPI-FLIPKART-COACHING FEES,0.0,444.0,,Education & Books,10,308,Education Expense Ledger,UPI FLIPKART COACHING FEES
23-07-2025,UPI-ZERODHA BROKING LTD-SHOPPING,0.0,7937.0,,Shopping & Lifestyle,6,304,Shopping Expense Ledger,UPI ZERODHA BROKING LTD SHOPPING
02-10-2025,NEFT-RENT-578096,0.0,15310.0,,Rent & Housing,4,302,Rent Expense Ledger,NEFT RENT
07-09-2025,UPI-CROSSWORD BOOKSTORE-MOVIE TICKETS,0.0,1569.0,,Entertainment,8,306,Entertainment Expense Ledger,UPI CROSSWORD BOOKSTORE MOVIE TICKETS
09-05-2025,DIVIDEND CREDIT TCS LIMITED-983727,8284.0,0.0,,Investment Income,2,202,Investment Income Ledger,DIVIDEND CREDIT TCS LIMITED
20-11-2025,CC BILL PAYMENT-138404656,0.0,34725.0,,Credit Card Payment,11,401,Credit Card Payment Ledger,CC BILL PAYMENT
18-06-2025,UPI-ZOMATO-FOOD,0.0,1362.0,,Groceries & Food,3,301,Groceries Expense Ledger,UPI ZOMATO FOOD
12-11-2025,TATA POWER CO LTD INTEREST CREDIT-208237,5424.0,0.0,,Investment Income,2,202,Investment Income Ledger,TATA POWER CO LTD INTEREST CREDIT
23-11-2025,NOV 2025 SALARY CREDIT,88940.0,0.0,,Salary Income,1,201,Salary Ledger,NOV SALARY CREDIT
26-05-2025,UPI-GOOGLEPAY-STATIONERY,0.0,8949.0,,Education & Books,10,308,Education Expense Ledger,UPI GOOGLEPAY STATIONERY
23-04-2025,ZOMATO SUBSCRIPTION-150762,0.0,2396.0,,Entertainment,8,306,Entertainment Expense Ledger,ZOMATO SUBSCRIPTION
10-01-2026,UPI-OLA CABS-PHARMACY,0.0,1787.0,,Health & Medical,9,307,Medical Expense Ledger,UPI OLA CABS PHARMACY
15-09-2025,UPI-STARBUCKS-PHARMACY,0.0,6170.0,,Health & Medical,9,307,Medical Expense Ledger,UPI STARBUCKS PHARMACY
22-04-2025,NEFT-RENT-179944,0.0,40800.0,,Rent & Housing,4,302,Rent Expense Ledger,NEFT RENT
29-03-2026,ACH C- TATA POWER CO LTD DIVIDEND-112120,3464.0,0.0,,Investment Income,2,202,Investment Income Ledger,ACH C TATA POWER CO LTD DIVIDEND
22-04-2025,PVR CINEMAS SUBSCRIPTION-644748,0.0,371.0,,Entertainment,8,306,Entertainment Expense Ledger,PVR CINEMAS SUBSCRIPTION
09-12-2025,RENT PAYMENT-651616,0.0,19580.0,,Rent & Housing,4,302,Rent Expense Ledger,RENT PAYMENT
25-03-2026,UPI-SPOTIFY-ELECTRONICS,0.0,12797.0,,Shopping & Lifestyle,6,304,Shopping Expense Ledger,UPI SPOTIFY ELECTRONICS
27-06-2025,UPI-FLIPKART-DOCTOR CONSULTATION,0.0,537.0,,Health & Medical,9,307,Medical Expense Ledger,UPI FLIPKART DOCTOR CONSULTATION
22-05-2025,NEFT CR-SALARY-ASSET VANTAGE,78374.0,0.0,,Salary Income,1,201,Salary Ledger,NEFT CR SALARY ASSET VANTAGE
15-05-2025,CC BILL PAYMENT-709876938,0.0,16928.0,,Credit Card Payment,11,401,Credit Card Payment Ledger,CC BILL PAYMENT
20-07-2025,NEFT CR-SALARY-INFOSYS LIMITED,60612.0,0.0,,Salary Income,1,201,Salary Ledger,NEFT CR SALARY INFOSYS LIMITED
07-05-2025,UPI-CROSSWORD BOOKSTORE-MEDICAL BILL,0.0,4671.0,,Health & Medical,9,307,Medical Expense Ledger,UPI CROSSWORD BOOKSTORE MEDICAL BILL
08-12-2025,UPI-UBER-BREAKFAST,0.0,2208.0,,Groceries & Food,3,301,Groceries Expense Ledger,UPI UBER BREAKFAST
23-04-2025,UPI-BHARGAV SANDEEP DESAI-MISC-604136,0.0,3279.0,,Miscellaneous,12,499,Miscellaneous Ledger,UPI BHARGAV SANDEEP DESAI MISC
03-10-2025,UPI-RELIANCE DIGITAL-ONLINE COURSE,0.0,4336.0,,Education & Books,10,308,Education Expense Ledger,UPI RELIANCE DIGITAL ONLINE COURSE
29-03-2026,DIVIDEND CREDIT HINDUSTAN UNILEVER LTD-308271,7240.0,0.0,,Investment Income,2,202,Investment Income Ledger,DIVIDEND CREDIT HINDUSTAN UNILEVER LTD
22-01-2026,UPI-MYNTRA-LAB TESTS,0.0,212.0,,Health & Medical,9,307,Medical Expense Ledger,UPI MYNTRA LAB TESTS
10-11-2025,BANK TRANSFER-HOUSE RENT-218371,0.0,13328.0,,Rent & Housing,4,302,Rent Expense Ledger,BANK TRANSFER HOUSE RENT
21-07-2025,NEFT CR-SALARY-INFOSYS LIMITED,84433.0,0.0,,Salary Income,1,201,Salary Ledger,NEFT CR SALARY INFOSYS LIMITED
14-11-2025,UPI-UBER-LAB TESTS,0.0,852.0,,Health & Medical,9,307,Medical Expense Ledger,UPI UBER LAB TESTS
09-10-2025,NEFT CR-CREDIT CARD BILL PAYMENT-602016195,0.0,16659.0,,Credit Card Payment,11,401,Credit Card Payment Ledger,NEFT CR CREDIT CARD BILL PAYMENT
03-09-2025,NEFT CR-SALARY-ASSET VANTAGE,68067.0,0.0,,Salary Income,1,201,Salary Ledger,NEFT CR SALARY ASSET VANTAGE
18-05-2025,UPI-AMAZON INDIA-STATIONERY,0.0,1579.0,,Education & Books,10,308,Education Expense Ledger,UPI AMAZON INDIA STATIONERY
17-02-2026,UPI-ZOMATO-MISC-614031,7869.0,0.0,,Miscellaneous,12,499,Miscellaneous Ledger,UPI ZOMATO MISC
11-09-2025,UPI-DMART-MUMBAI TRIP,0.0,13986.0,,Transport & Travel,5,303,Travel Expense Ledger,UPI DMART MUMBAI TRIP
10-06-2025,UPI-AMAZON INDIA-GOA TRIP EXPENSES,0.0,6012.0,,Transport & Travel,5,303,Travel Expense Ledger,UPI AMAZON INDIA GOA TRIP EXPENSES
12-08-2025,DIVIDEND CREDIT HDFC BANK-225555,1775.0,0.0,,Investment Income,2,202,Investment Income Ledger,DIVIDEND CREDIT HDFC BANK
29-08-2025,APR AUG SALARY,49472.0,0.0,,Salary Income,1,201,Salary Ledger,APR AUG SALARY
27-01-2026,UPI-CREDCLUB-CRED PAYMENT-217059972,0.0,76591.0,,Credit Card Payment,11,401,Credit Card Payment Ledger,UPI CREDCLUB CRED PAYMENT
24-12-2025,UPI-UBER-DOCTOR CONSULTATION,0.0,7850.0,,Health & Medical,9,307,Medical Expense Ledger,UPI UBER DOCTOR CONSULTATION
06-01-2026,UPI-SPOTIFY-PHARMACY,0.0,4925.0,,Health & Medical,9,307,Medical Expense Ledger,UPI SPOTIFY PHARMACY
05-04-2025,APR 2025 SALARY CREDIT,41409.0,0.0,,Salary Income,1,201,Salary Ledger,APR SALARY CREDIT
30-08-2025,SALARY CREDIT AUG 2025,55704.0,0.0,,Salary Income,1,201,Salary Ledger,SALARY CREDIT AUG
23-09-2025,UPI-OLA CABS-MISC-532750,4609.0,0.0,,Miscellaneous,12,499,Miscellaneous Ledger,UPI OLA CABS MISC
07-04-2025,UPI-NATURAL ICE CREAM-GAS CYLINDER PAYMENT,0.0,3670.0,,Utilities & Bills,7,305,Utilities Expense Ledger,UPI NATURAL ICE CREAM GAS CYLINDER PAYMENT
04-07-2025,INFOSYS LIMITED INTEREST CREDIT-163190,1356.0,0.0,,Investment Income,2,202,Investment Income Ledger,INFOSYS LIMITED INTEREST CREDIT
02-01-2026,NEFT CR-SALARY-FREELANCE CLIENT,53275.0,0.0,,Salary Income,1,201,Salary Ledger,NEFT CR SALARY FREELANCE CLIENT
20-05-2025,OLA CABS PAYMENT-350290499,0.0,12749.0,,Transport & Travel,5,303,Travel Expense Ledger,OLA CABS PAYMENT
12-10-2025,OCT 2025 SALARY CREDIT,72624.0,0.0,,Salary Income,1,201,Salary Ledger,OCT SALARY CREDIT
18-06-2025,UPI-CROSSWORD BOOKSTORE-WATER BILL,0.0,1415.0,,Utilities & Bills,7,305,Utilities Expense Ledger,UPI CROSSWORD BOOKSTORE WATER BILL
05-04-2025,UPI-OLA CABS-MISC-269708,11507.0,0.0,,Miscellaneous,12,499,Miscellaneous Ledger,UPI OLA CABS MISC
27-06-2025,UPI-STARBUCKS-GAMING,0.0,110.0,,Entertainment,8,306,Entertainment Expense Ledger,UPI STARBUCKS GAMING
22-03-2026,UPI-AMAZON INDIA-ONLINE COURSE,0.0,7664.0,,Education & Books,10,308,Education Expense Ledger,UPI AMAZON INDIA ONLINE COURSE
17-01-2026,NEFT-RENT-742064,0.0,40383.0,,Rent & Housing,4,302,Rent Expense Ledger,NEFT RENT
16-03-2026,UPI-SPOTIFY-MISC-861262,0.0,14192.0,,Miscellaneous,12,499,Miscellaneous Ledger,UPI SPOTIFY MISC
25-09-2025,UPI-GOOGLEPAY-SHOPPING,0.0,5038.0,,Shopping & Lifestyle,6,304,Shopping Expense Ledger,UPI GOOGLEPAY SHOPPING
10-05-2025,UPI-APOLLO PHARMACY-MOVIE TICKETS,0.0,4399.0,,Entertainment,8,306,Entertainment Expense Ledger,UPI APOLLO PHARMACY MOVIE TICKETS
17-10-2025,UPI-CROSSWORD BOOKSTORE-WATER BILL,0.0,2065.0,,Utilities & Bills,7,305,Utilities Expense Ledger,UPI CROSSWORD BOOKSTORE WATER BILL
13-09-2025,UPI-FLIPKART-ELECTRICITY BILL,0.0,3329.0,,Utilities & Bills,7,305,Utilities Expense Ledger,UPI FLIPKART ELECTRICITY BILL
02-02-2026,UPI-AIRTEL PAYMENTS BANK-BOOKS,0.0,3767.0,,Education & Books,10,308,Education Expense Ledger,UPI AIRTEL PAYMENTS BANK BOOKS
06-05-2025,UPI-BHARGAV SANDEEP DESAI-MISC-449937,0.0,1231.0,,Miscellaneous,12,499,Miscellaneous Ledger,UPI BHARGAV SANDEEP DESAI MISC
25-09-2025,UPI-CREDCLUB-CRED PAYMENT-778964279,0.0,23228.0,,Credit Card Payment,11,401,Credit Card Payment Ledger,UPI CREDCLUB CRED PAYMENT
25-05-2025,UPI-FLIPKART-MISC-458780,0.0,1824.0,,Miscellaneous,12,499,Miscellaneous Ledger,UPI FLIPKART MISC
28-07-2025,UPI-NATURAL ICE CREAM-MISC-531915,496.0,0.0,,Miscellaneous,12,499,Miscellaneous Ledger,UPI NATURAL ICE CREAM MISC
25-12-2025,POS-RELIANCE DIGITAL-MALL PURCHASE,0.0,13946.0,,Shopping & Lifestyle,6,304,Shopping Expense Ledger,POS RELIANCE DIGITAL MALL PURCHASE
21-09-2025,SEP 2025 SALARY CREDIT,86607.0,0.0,,Salary Income,1,201,Salary Ledger,SEP SALARY CREDIT
15-08-2025,UPI-BIG BAZAAR-PHARMACY,0.0,7941.0,,Health & Medical,9,307,Medical Expense Ledger,UPI BIG BAZAAR PHARMACY
22-08-2025,ICICI BANK INTEREST CREDIT-834791,9080.0,0.0,,Investment Income,2,202,Investment Income Ledger,ICICI BANK INTEREST CREDIT
15-09-2025,POS-BIG BAZAAR-MALL PURCHASE,0.0,8421.0,,Shopping & Lifestyle,6,304,Shopping Expense Ledger,POS BIG BAZAAR MALL PURCHASE
11-01-2026,UPI-AIRTEL PAYMENTS BANK-MEDICAL BILL,0.0,564.0,,Health & Medical,9,307,Medical Expense Ledger,UPI AIRTEL PAYMENTS BANK MEDICAL BILL
19-02-2026,UPI-BHARGAV SANDEEP DESAI-PHARMACY,0.0,7636.0,,Health & Medical,9,307,Medical Expense Ledger,UPI BHARGAV SANDEEP DESAI PHARMACY
14-03-2026,UPI-CREDCLUB-JUICE,0.0,1905.0,,Groceries & Food,3,301,Groceries Expense Ledger,UPI CREDCLUB JUICE
12-01-2026,UPI-OLA CABS-DOCTOR CONSULTATION,0.0,1386.0,,Health & Medical,9,307,Medical Expense Ledger,UPI OLA CABS DOCTOR CONSULTATION
24-07-2025,UPI-DOMINOS PIZZA-CLOTHING,0.0,12997.0,,Shopping & Lifestyle,6,304,Shopping Expense Ledger,UPI DOMINOS PIZZA CLOTHING
07-12-2025,APR DEC SALARY,61586.0,0.0,,Salary Income,1,201,Salary Ledger,APR DEC SALARY
07-09-2025,UPI-CROSSWORD BOOKSTORE-CAB RIDE,0.0,217.0,,Transport & Travel,5,303,Travel Expense Ledger,UPI CROSSWORD BOOKSTORE CAB RIDE
02-07-2025,UPI-AMAZON INDIA-JUICE,0.0,156.0,,Groceries & Food,3,301,Groceries Expense Ledger,UPI AMAZON INDIA JUICE
01-02-2026,UPI-GOOGLEPAY-CAB RIDE,0.0,12855.0,,Transport & Travel,5,303,Travel Expense Ledger,UPI GOOGLEPAY CAB RIDE
14-04-2025,ACH C- TATA POWER CO LTD DIVIDEND-235090,653.0,0.0,,Investment Income,2,202,Investment Income Ledger,ACH C TATA POWER CO LTD DIVIDEND
23-02-2026,UPI-DOMINOS PIZZA-DOCTOR CONSULTATION,0.0,2215.0,,Health & Medical,9,307,Medical Expense Ledger,UPI DOMINOS PIZZA DOCTOR CONSULTATION
15-09-2025,APOLLO PHARMACY SUBSCRIPTION-997883,0.0,3870.0,,Entertainment,8,306,Entertainment Expense Ledger,APOLLO PHARMACY SUBSCRIPTION
18-11-2025,UPI-SWIGGY-BOOKS,0.0,2079.0,,Education & Books,10,308,Education Expense Ledger,UPI SWIGGY BOOKS
27-11-2025,CC BILL PAYMENT-347988372,0.0,59418.0,,Credit Card Payment,11,401,Credit Card Payment Ledger,CC BILL PAYMENT
20-02-2026,CC BILL PAYMENT-533566999,0.0,27745.0,,Credit Card Payment,11,401,Credit Card Payment Ledger,CC BILL PAYMENT
18-11-2025,UPI-APOLLO PHARMACY-STATIONERY,0.0,3956.0,,Education & Books,10,308,Education Expense Ledger,UPI APOLLO PHARMACY STATIONERY
10-11-2025,UPI-AK JUICE CENTRE-CONCERT TICKETS,0.0,4277.0,,Entertainment,8,306,Entertainment Expense Ledger,UPI AK JUICE CENTRE CONCERT TICKETS
25-04-2025,UPI-AK JUICE CENTRE-MISC-413673,3102.0,0.0,,Miscellaneous,12,499,Miscellaneous Ledger,UPI AK JUICE CENTRE MISC
06-10-2025,UPI-CROSSWORD BOOKSTORE-DOCTOR CONSULTATION,0.0,5286.0,,Health & Medical,9,307,Medical Expense Ledger,UPI CROSSWORD BOOKSTORE DOCTOR CONSULTATION
25-05-2025,ACH C- ASIAN PAINTS LTD DIVIDEND-489913,3210.0,0.0,,Investment Income,2,202,Investment Income Ledger,ACH C ASIAN PAINTS LTD DIVIDEND
25-12-2025,UPI-SPOTIFY-MOVIE TICKETS,0.0,2686.0,,Entertainment,8,306,Entertainment Expense Ledger,UPI SPOTIFY MOVIE TICKETS
04-10-2025,SALARY CREDIT OCT 2025,61692.0,0.0,,Salary Income,1,201,Salary Ledger,SALARY CREDIT OCT
04-12-2025,UPI-MYNTRA-MOBILE BILL,0.0,470.0,,Utilities & Bills,7,305,Utilities Expense Ledger,UPI MYNTRA MOBILE BILL
16-04-2025,AIRTEL PAYMENTS BANK SUBSCRIPTION-482601,0.0,4114.0,,Entertainment,8,306,Entertainment Expense Ledger,AIRTEL PAYMENTS BANK SUBSCRIPTION
01-05-2025,UPI-IRCTC UTS-ONLINE SHOPPING,0.0,19824.0,,Shopping & Lifestyle,6,304,Shopping Expense Ledger,UPI IRCTC UTS ONLINE SHOPPING
17-12-2025,UPI-RELIANCE DIGITAL-WATER BILL,0.0,2458.0,,Utilities & Bills,7,305,Utilities Expense Ledger,UPI RELIANCE DIGITAL WATER BILL
27-04-2025,UPI-DMART-MOBILE BILL,0.0,3743.0,,Utilities & Bills,7,305,Utilities Expense Ledger,UPI DMART MOBILE BILL
26-04-2025,UPI-AK JUICE CENTRE-ELECTRICITY BILL,0.0,495.0,,Utilities & Bills,7,305,Utilities Expense Ledger,UPI AK JUICE CENTRE ELECTRICITY BILL
05-04-2025,UPI-CREDCLUB-CRED PAYMENT-534495248,0.0,54450.0,,Credit Card Payment,11,401,Credit Card Payment Ledger,UPI CREDCLUB CRED PAYMENT
15-03-2026,RENT PAYMENT-316110,0.0,53382.0,,Rent & Housing,4,302,Rent Expense Ledger,RENT PAYMENT
25-12-2025,UPI-SWIGGY-PHARMACY,0.0,7958.0,,Health & Medical,9,307,Medical Expense Ledger,UPI SWIGGY PHARMACY
07-08-2025,UPI-CREDCLUB-CRED PAYMENT-723136085,0.0,72035.0,,Credit Card Payment,11,401,Credit Card Payment Ledger,UPI CREDCLUB CRED PAYMENT
17-07-2025,UPI-AK JUICE CENTRE-MISC-703760,13582.0,0.0,,Miscellaneous,12,499,Miscellaneous Ledger,UPI AK JUICE CENTRE MISC
06-08-2025,UPI-PVR CINEMAS-GAMING,0.0,4469.0,,Entertainment,8,306,Entertainment Expense Ledger,UPI PVR CINEMAS GAMING
07-01-2026,UPI-AMAZON INDIA-MOBILE BILL,0.0,4419.0,,Utilities & Bills,7,305,Utilities Expense Ledger,UPI AMAZON INDIA MOBILE BILL
27-11-2025,UPI-CREDCLUB-CRED PAYMENT-586062978,0.0,68643.0,,Credit Card Payment,11,401,Credit Card Payment Ledger,UPI CREDCLUB CRED PAYMENT
07-06-2025,POS-DMART-MALL PURCHASE,0.0,16510.0,,Shopping & Lifestyle,6,304,Shopping Expense Ledger,POS DMART MALL PURCHASE
03-06-2025,TATA POWER CO LTD INTEREST CREDIT-238595,1609.0,0.0,,Investment Income,2,202,Investment Income Ledger,TATA POWER CO LTD INTEREST CREDIT
06-05-2025,ACH C- ASIAN PAINTS LTD DIVIDEND-504189,1740.0,0.0,,Investment Income,2,202,Investment Income Ledger,ACH C ASIAN PAINTS LTD DIVIDEND
27-11-2025,CC BILL PAYMENT-251916750,0.0,23694.0,,Credit Card Payment,11,401,Credit Card Payment Ledger,CC BILL PAYMENT
04-01-2026,UPI-AK JUICE CENTRE-STATIONERY,0.0,1288.0,,Education & Books,10,308,Education Expense Ledger,UPI AK JUICE CENTRE STATIONERY
06-07-2025,UPI-SPOTIFY-DOCTOR CONSULTATION,0.0,6088.0,,Health & Medical,9,307,Medical Expense Ledger,UPI SPOTIFY DOCTOR CONSULTATION
08-04-2025,UPI-AK JUICE CENTRE-SHOPPING,0.0,8578.0,,Shopping & Lifestyle,6,304,Shopping Expense Ledger,UPI AK JUICE CENTRE SHOPPING
30-04-2025,PVR CINEMAS SUBSCRIPTION-839860,0.0,2770.0,,Entertainment,8,306,Entertainment Expense Ledger,PVR CINEMAS SUBSCRIPTION
19-03-2026,UPI-GOOGLEPAY-DOCTOR CONSULTATION,0.0,338.0,,Health & Medical,9,307,Medical Expense Ledger,UPI GOOGLEPAY DOCTOR CONSULTATION
17-07-2025,JUL 2025 SALARY CREDIT,44725.0,0.0,,Salary Income,1,201,Salary Ledger,JUL SALARY CREDIT
05-01-2026,UPI-CROSSWORD BOOKSTORE-CLOTHING,0.0,13469.0,,Shopping & Lifestyle,6,304,Shopping Expense Ledger,UPI CROSSWORD BOOKSTORE CLOTHING
14-11-2025,NEFT CR-CREDIT CARD BILL PAYMENT-940262271,0.0,26457.0,,Credit Card Payment,11,401,Credit Card Payment Ledger,NEFT CR CREDIT CARD BILL PAYMENT
18-08-2025,UPI-CREDCLUB-STATIONERY,0.0,4737.0,,Education & Books,10,308,Education Expense Ledger,UPI CREDCLUB STATIONERY
14-06-2025,UPI-SPOTIFY-MOBILE BILL,0.0,3185.0,,Utilities & Bills,7,305,Utilities Expense Ledger,UPI SPOTIFY MOBILE BILL
15-05-2025,APR MAY SALARY,55261.0,0.0,,Salary Income,1,201,Salary Ledger,APR MAY SALARY
10-11-2025,APR NOV SALARY,87342.0,0.0,,Salary Income,1,201,Salary Ledger,APR NOV SALARY
07-01-2026,UPI-ZERODHA BROKING LTD-MEDICAL BILL,0.0,4705.0,,Health & Medical,9,307,Medical Expense Ledger,UPI ZERODHA BROKING LTD MEDICAL BILL
21-11-2025,UPI-IRCTC UTS-TICKET-292765360,0.0,12770.0,,Transport & Travel,5,303,Travel Expense Ledger,UPI IRCTC UTS TICKET
11-10-2025,UPI-OLA CABS-GAMING,0.0,532.0,,Entertainment,8,306,Entertainment Expense Ledger,UPI OLA CABS GAMING
16-04-2025,UPI-GOOGLEPAY-MISC-843000,14454.0,0.0,,Miscellaneous,12,499,Miscellaneous Ledger,UPI GOOGLEPAY MISC
19-03-2026,SALARY CREDIT MAR 2026,40256.0,0.0,,Salary Income,1,201,Salary Ledger,SALARY CREDIT MAR
16-01-2026,UPI-BIG BAZAAR-ONLINE COURSE,0.0,2296.0,,Education & Books,10,308,Education Expense Ledger,UPI BIG BAZAAR ONLINE COURSE
16-07-2025,ACH C- RELIANCE INDUSTRIES DIVIDEND-299824,5171.0,0.0,,Investment Income,2,202,Investment Income Ledger,ACH C RELIANCE INDUSTRIES DIVIDEND
23-03-2026,UPI-NETFLIX-MISC-306384,0.0,9631.0,,Miscellaneous,12,499,Miscellaneous Ledger,UPI NETFLIX MISC
06-11-2025,UPI-BHARGAV SANDEEP DESAI-MISC-244938,5613.0,0.0,,Miscellaneous,12,499,Miscellaneous Ledger,UPI BHARGAV SANDEEP DESAI MISC
30-10-2025,UPI-NETFLIX-LAB TESTS,0.0,7929.0,,Health & Medical,9,307,Medical Expense Ledger,UPI NETFLIX LAB TESTS
29-12-2025,VEDANTA LIMITED INTEREST CREDIT-350703,95.0,0.0,,Investment Income,2,202,Investment Income Ledger,VEDANTA LIMITED INTEREST CREDIT
21-01-2026,NEFT CR-CREDIT CARD BILL PAYMENT-823723031,0.0,17630.0,,Credit Card Payment,11,401,Credit Card Payment Ledger,NEFT CR CREDIT CARD BILL PAYMENT
25-11-2025,UPI-OLA CABS-SHOPPING,0.0,13225.0,,Shopping & Lifestyle,6,304,Shopping Expense Ledger,UPI OLA CABS SHOPPING
17-05-2025,ZOMATO SUBSCRIPTION-548400,0.0,812.0,,Entertainment,8,306,Entertainment Expense Ledger,ZOMATO SUBSCRIPTION
02-08-2025,UPI-CROSSWORD BOOKSTORE-MEDICAL BILL,0.0,5795.0,,Health & Medical,9,307,Medical Expense Ledger,UPI CROSSWORD BOOKSTORE MEDICAL BILL
04-03-2026,UPI-RELIANCE DIGITAL-DINNER,0.0,263.0,,Groceries & Food,3,301,Groceries Expense Ledger,UPI RELIANCE DIGITAL DINNER
21-06-2025,NEFT CR-CREDIT CARD BILL PAYMENT-427101854,0.0,76787.0,,Credit Card Payment,11,401,Credit Card Payment Ledger,NEFT CR CREDIT CARD BILL PAYMENT
14-08-2025,UPI-DOMINOS PIZZA-DOCTOR CONSULTATION,0.0,4532.0,,Health & Medical,9,307,Medical Expense Ledger,UPI DOMINOS PIZZA DOCTOR CONSULTATION
05-09-2025,UPI-LENSKART-MUMBAI TRIP,0.0,13869.0,,Transport & Travel,5,303,Travel Expense Ledger,UPI LENSKART MUMBAI TRIP
07-09-2025,UPI-AK JUICE CENTRE-LAB TESTS,0.0,4407.0,,Health & Medical,9,307,Medical Expense Ledger,UPI AK JUICE CENTRE LAB TESTS
10-11-2025,UPI-SWIGGY-SHOPPING,0.0,2045.0,,Shopping & Lifestyle,6,304,Shopping Expense Ledger,UPI SWIGGY SHOPPING
10-03-2026,CC BILL PAYMENT-980256872,0.0,57221.0,,Credit Card Payment,11,401,Credit Card Payment Ledger,CC BILL PAYMENT
27-06-2025,UPI-PVR CINEMAS-ONLINE SHOPPING,0.0,12604.0,,Shopping & Lifestyle,6,304,Shopping Expense Ledger,UPI PVR CINEMAS ONLINE SHOPPING
15-05-2025,UPI-APOLLO PHARMACY-BREAKFAST,0.0,1868.0,,Groceries & Food,3,301,Groceries Expense Ledger,UPI APOLLO PHARMACY BREAKFAST
11-06-2025,SALARY CREDIT JUN 2025,52931.0,0.0,,Salary Income,1,201,Salary Ledger,SALARY CREDIT JUN
17-02-2026,UPI-MYNTRA-STATIONERY,0.0,4160.0,,Education & Books,10,308,Education Expense Ledger,UPI MYNTRA STATIONERY
22-11-2025,UPI-RELIANCE DIGITAL-BOOKS,0.0,280.0,,Education & Books,10,308,Education Expense Ledger,UPI RELIANCE DIGITAL BOOKS
14-07-2025,POS-OLA CABS-MALL PURCHASE,0.0,19006.0,,Shopping & Lifestyle,6,304,Shopping Expense Ledger,POS OLA CABS MALL PURCHASE
23-01-2026,UPI-BIG BAZAAR-MISC-763440,2546.0,0.0,,Miscellaneous,12,499,Miscellaneous Ledger,UPI BIG BAZAAR MISC
08-02-2026,UPI-AMAZON INDIA-MOVIE TICKETS,0.0,1289.0,,Entertainment,8,306,Entertainment Expense Ledger,UPI AMAZON INDIA MOVIE TICKETS
03-02-2026,CC BILL PAYMENT-848127233,0.0,79287.0,,Credit Card Payment,11,401,Credit Card Payment Ledger,CC BILL PAYMENT
01-03-2026,UPI-FLIPKART-ONLINE COURSE,0.0,271.0,,Education & Books,10,308,Education Expense Ledger,UPI FLIPKART ONLINE COURSE
01-07-2025,UPI-OLA CABS-DOCTOR CONSULTATION,0.0,2584.0,,Health & Medical,9,307,Medical Expense Ledger,UPI OLA CABS DOCTOR CONSULTATION
31-12-2025,UPI-MYNTRA-BREAKFAST,0.0,1061.0,,Groceries & Food,3,301,Groceries Expense Ledger,UPI MYNTRA BREAKFAST
15-09-2025,UPI-SWIGGY-GAS CYLINDER PAYMENT,0.0,1104.0,,Utilities & Bills,7,305,Utilities Expense Ledger,UPI SWIGGY GAS CYLINDER PAYMENT
01-02-2026,UPI-UBER-CLOTHING,0.0,6169.0,,Shopping & Lifestyle,6,304,Shopping Expense Ledger,UPI UBER CLOTHING
22-12-2025,VEDANTA LIMITED INTEREST CREDIT-502893,7395.0,0.0,,Investment Income,2,202,Investment Income Ledger,VEDANTA LIMITED INTEREST CREDIT
08-01-2026,NEFT CR-CREDIT CARD BILL PAYMENT-846500479,0.0,18824.0,,Credit Card Payment,11,401,Credit Card Payment Ledger,NEFT CR CREDIT CARD BILL PAYMENT
25-11-2025,UPI-DOMINOS PIZZA-WATER BILL,0.0,4292.0,,Utilities & Bills,7,305,Utilities Expense Ledger,UPI DOMINOS PIZZA WATER BILL
04-06-2025,CC BILL PAYMENT-178945753,0.0,39736.0,,Credit Card Payment,11,401,Credit Card Payment Ledger,CC BILL PAYMENT
16-10-2025,UPI-AMAZON INDIA-SHOPPING,0.0,10034.0,,Shopping & Lifestyle,6,304,Shopping Expense Ledger,UPI AMAZON INDIA SHOPPING
25-03-2026,DIVIDEND CREDIT ASIAN PAINTS LTD-229789,5949.0,0.0,,Investment Income,2,202,Investment Income Ledger,DIVIDEND CREDIT ASIAN PAINTS LTD
08-03-2026,UPI-AK JUICE CENTRE-MUMBAI TRIP,0.0,10574.0,,Transport & Travel,5,303,Travel Expense Ledger,UPI AK JUICE CENTRE MUMBAI TRIP
16-04-2025,UPI-AK JUICE CENTRE-MOBILE BILL,0.0,856.0,,Utilities & Bills,7,305,Utilities Expense Ledger,UPI AK JUICE CENTRE MOBILE BILL
30-05-2025,UPI-ZERODHA BROKING LTD-WATER BILL,0.0,756.0,,Utilities & Bills,7,305,Utilities Expense Ledger,UPI ZERODHA BROKING LTD WATER BILL
18-05-2025,OLA CABS PAYMENT-286426705,0.0,8246.0,,Transport & Travel,5,303,Travel Expense Ledger,OLA CABS PAYMENT
21-12-2025,CC BILL PAYMENT-880861436,0.0,54171.0,,Credit Card Payment,11,401,Credit Card Payment Ledger,CC BILL PAYMENT
23-01-2026,SALARY CREDIT JAN 2026,54635.0,0.0,,Salary Income,1,201,Salary Ledger,SALARY CREDIT JAN
17-06-2025,UPI-AK JUICE CENTRE-MOVIE TICKETS,0.0,3122.0,,Entertainment,8,306,Entertainment Expense Ledger,UPI AK JUICE CENTRE MOVIE TICKETS
02-10-2025,OLA CABS PAYMENT-216601422,0.0,1174.0,,Transport & Travel,5,303,Travel Expense Ledger,OLA CABS PAYMENT
01-02-2026,NEFT CR-SALARY-HDFC BANK,63147.0,0.0,,Salary Income,1,201,Salary Ledger,NEFT CR SALARY HDFC BANK
23-12-2025,UPI-SPOTIFY-ONLINE COURSE,0.0,6527.0,,Education & Books,10,308,Education Expense Ledger,UPI SPOTIFY ONLINE COURSE
15-10-2025,SALARY CREDIT OCT 2025,58722.0,0.0,,Salary Income,1,201,Salary Ledger,SALARY CREDIT OCT
01-11-2025,UPI-BHARGAV SANDEEP DESAI-ONLINE COURSE,0.0,4808.0,,Education & Books,10,308,Education Expense Ledger,UPI BHARGAV SANDEEP DESAI ONLINE COURSE
03-10-2025,OLA CABS PAYMENT-227137184,0.0,6710.0,,Transport & Travel,5,303,Travel Expense Ledger,OLA CABS PAYMENT
18-07-2025,BANK TRANSFER-HOUSE RENT-896505,0.0,17180.0,,Rent & Housing,4,302,Rent Expense Ledger,BANK TRANSFER HOUSE RENT
23-10-2025,BANK TRANSFER-HOUSE RENT-925329,0.0,38960.0,,Rent & Housing,4,302,Rent Expense Ledger,BANK TRANSFER HOUSE RENT
07-12-2025,NEFT CR-CREDIT CARD BILL PAYMENT-194873775,0.0,52616.0,,Credit Card Payment,11,401,Credit Card Payment Ledger,NEFT CR CREDIT CARD BILL PAYMENT
12-02-2026,UPI-AMAZON INDIA-BREAKFAST,0.0,1544.0,,Groceries & Food,3,301,Groceries Expense Ledger,UPI AMAZON INDIA BREAKFAST
18-11-2025,UPI-IRCTC UTS-BROADBAND BILL,0.0,651.0,,Utilities & Bills,7,305,Utilities Expense Ledger,UPI IRCTC UTS BROADBAND BILL
03-01-2026,UPI-CREDCLUB-CRED PAYMENT-712511001,0.0,43718.0,,Credit Card Payment,11,401,Credit Card Payment Ledger,UPI CREDCLUB CRED PAYMENT
29-05-2025,UPI-GOOGLEPAY-DOCTOR CONSULTATION,0.0,5441.0,,Health & Medical,9,307,Medical Expense Ledger,UPI GOOGLEPAY DOCTOR CONSULTATION
16-09-2025,UPI-CROSSWORD BOOKSTORE-MOVIE TICKETS,0.0,3438.0,,Entertainment,8,306,Entertainment Expense Ledger,UPI CROSSWORD BOOKSTORE MOVIE TICKETS
04-04-2025,UPI-STARBUCKS-MISC-168754,0.0,6644.0,,Miscellaneous,12,499,Miscellaneous Ledger,UPI STARBUCKS MISC
29-06-2025,JUN 2025 SALARY CREDIT,42837.0,0.0,,Salary Income,1,201,Salary Ledger,JUN SALARY CREDIT
21-12-2025,UPI-ZOMATO-PHARMACY,0.0,7234.0,,Health & Medical,9,307,Medical Expense Ledger,UPI ZOMATO PHARMACY
28-03-2026,MAR 2026 SALARY CREDIT,60812.0,0.0,,Salary Income,1,201,Salary Ledger,MAR SALARY CREDIT
07-05-2025,UPI-AIRTEL PAYMENTS BANK-MISC-781376,4200.0,0.0,,Miscellaneous,12,499,Miscellaneous Ledger,UPI AIRTEL PAYMENTS BANK MISC
25-08-2025,APR AUG SALARY,51036.0,0.0,,Salary Income,1,201,Salary Ledger,APR AUG SALARY
17-01-2026,UPI-ZERODHA BROKING LTD-PHARMACY,0.0,7479.0,,Health & Medical,9,307,Medical Expense Ledger,UPI ZERODHA BROKING LTD PHARMACY
14-06-2025,BANK TRANSFER-HOUSE RENT-940268,0.0,56777.0,,Rent & Housing,4,302,Rent Expense Ledger,BANK TRANSFER HOUSE RENT
20-10-2025,UPI-CREDCLUB-JUICE,0.0,1955.0,,Groceries & Food,3,301,Groceries Expense Ledger,UPI CREDCLUB JUICE
23-12-2025,NEFT CR-SALARY-TCS,60946.0,0.0,,Salary Income,1,201,Salary Ledger,NEFT CR SALARY TCS
11-11-2025,APR NOV SALARY,79159.0,0.0,,Salary Income,1,201,Salary Ledger,APR NOV SALARY
08-06-2025,UPI-STARBUCKS-MISC-196748,0.0,11640.0,,Miscellaneous,12,499,Miscellaneous Ledger,UPI STARBUCKS MISC
08-08-2025,UPI-AIRTEL PAYMENTS BANK-BROADBAND BILL,0.0,4185.0,,Utilities & Bills,7,305,Utilities Expense Ledger,UPI AIRTEL PAYMENTS BANK BROADBAND BILL
11-01-2026,APR JAN SALARY,67588.0,0.0,,Salary Income,1,201,Salary Ledger,APR JAN SALARY
19-10-2025,UPI-AK JUICE CENTRE-CONCERT TICKETS,0.0,1586.0,,Entertainment,8,306,Entertainment Expense Ledger,UPI AK JUICE CENTRE CONCERT TICKETS
02-04-2025,UPI-IRCTC UTS-TICKET-282066981,0.0,5124.0,,Transport & Travel,5,303,Travel Expense Ledger,UPI IRCTC UTS TICKET
03-01-2026,VEDANTA LIMITED INTEREST CREDIT-971171,4779.0,0.0,,Investment Income,2,202,Investment Income Ledger,VEDANTA LIMITED INTEREST CREDIT
13-04-2025,UPI-NATURAL ICE CREAM-ELECTRICITY BILL,0.0,1384.0,,Utilities & Bills,7,305,Utilities Expense Ledger,UPI NATURAL ICE CREAM ELECTRICITY BILL
28-12-2025,NEFT-RENT-945484,0.0,24911.0,,Rent & Housing,4,302,Rent Expense Ledger,NEFT RENT
13-06-2025,UPI-UBER-MOBILE BILL,0.0,3519.0,,Utilities & Bills,7,305,Utilities Expense Ledger,UPI UBER MOBILE BILL
15-03-2026,DIVIDEND CREDIT TCS LIMITED-942793,3183.0,0.0,,Investment Income,2,202,Investment Income Ledger,DIVIDEND CREDIT TCS LIMITED
12-08-2025,UPI-BHARGAV SANDEEP DESAI-MISC-726683,4978.0,0.0,,Miscellaneous,12,499,Miscellaneous Ledger,UPI BHARGAV SANDEEP DESAI MISC
29-07-2025,UPI-FLIPKART-LUNCH,0.0,1291.0,,Groceries & Food,3,301,Groceries Expense Ledger,UPI FLIPKART LUNCH
25-05-2025,UPI-APOLLO PHARMACY-DINNER,0.0,577.0,,Groceries & Food,3,301,Groceries Expense Ledger,UPI APOLLO PHARMACY DINNER
21-07-2025,UPI-SPOTIFY-LUNCH,0.0,1299.0,,Groceries & Food,3,301,Groceries Expense Ledger,UPI SPOTIFY LUNCH
14-02-2026,UPI-CREDCLUB-MOVIE TICKETS,0.0,3628.0,,Entertainment,8,306,Entertainment Expense Ledger,UPI CREDCLUB MOVIE TICKETS
29-03-2026,UPI-IRCTC UTS-TICKET-738374805,0.0,5878.0,,Transport & Travel,5,303,Travel Expense Ledger,UPI IRCTC UTS TICKET
13-08-2025,UPI-CREDCLUB-CRED PAYMENT-267678118,0.0,54664.0,,Credit Card Payment,11,401,Credit Card Payment Ledger,UPI CREDCLUB CRED PAYMENT
11-09-2025,BANK TRANSFER-HOUSE RENT-963204,0.0,33671.0,,Rent & Housing,4,302,Rent Expense Ledger,BANK TRANSFER HOUSE RENT
19-12-2025,UPI-ZERODHA BROKING LTD-MEDICAL BILL,0.0,6112.0,,Health & Medical,9,307,Medical Expense Ledger,UPI ZERODHA BROKING LTD MEDICAL BILL
17-02-2026,TCS LIMITED INTEREST CREDIT-971913,4420.0,0.0,,Investment Income,2,202,Investment Income Ledger,TCS LIMITED INTEREST CREDIT
02-11-2025,UPI-GOOGLEPAY-MEDICAL BILL,0.0,6833.0,,Health & Medical,9,307,Medical Expense Ledger,UPI GOOGLEPAY MEDICAL BILL
21-08-2025,APR AUG SALARY,65467.0,0.0,,Salary Income,1,201,Salary Ledger,APR AUG SALARY
29-08-2025,RENT PAYMENT-274166,0.0,43165.0,,Rent & Housing,4,302,Rent Expense Ledger,RENT PAYMENT
10-12-2025,UPI-OLA CABS-DINNER,0.0,1923.0,,Groceries & Food,3,301,Groceries Expense Ledger,UPI OLA CABS DINNER
02-04-2025,NEFT-RENT-553028,0.0,55367.0,,Rent & Housing,4,302,Rent Expense Ledger,NEFT RENT
12-11-2025,UPI-SWIGGY-DOCTOR CONSULTATION,0.0,5288.0,,Health & Medical,9,307,Medical Expense Ledger,UPI SWIGGY DOCTOR CONSULTATION
08-08-2025,BANK TRANSFER-HOUSE RENT-110207,0.0,27285.0,,Rent & Housing,4,302,Rent Expense Ledger,BANK TRANSFER HOUSE RENT
15-01-2026,UPI-IRCTC UTS-GAMING,0.0,3281.0,,Entertainment,8,306,Entertainment Expense Ledger,UPI IRCTC UTS GAMING
04-05-2025,UPI-ZOMATO-BROADBAND BILL,0.0,4072.0,,Utilities & Bills,7,305,Utilities Expense Ledger,UPI ZOMATO BROADBAND BILL
01-11-2025,UPI-CREDCLUB-CRED PAYMENT-403403173,0.0,44351.0,,Credit Card Payment,11,401,Credit Card Payment Ledger,UPI CREDCLUB CRED PAYMENT
23-09-2025,UPI-LENSKART-MISC-373363,0.0,2439.0,,Miscellaneous,12,499,Miscellaneous Ledger,UPI LENSKART MISC
20-11-2025,UPI-FLIPKART-MOVIE TICKETS,0.0,3953.0,,Entertainment,8,306,Entertainment Expense Ledger,UPI FLIPKART MOVIE TICKETS
24-04-2025,NEFT-RENT-389194,0.0,14618.0,,Rent & Housing,4,302,Rent Expense Ledger,NEFT RENT
29-10-2025,UPI-CREDCLUB-CRED PAYMENT-105516552,0.0,54010.0,,Credit Card Payment,11,401,Credit Card Payment Ledger,UPI CREDCLUB CRED PAYMENT
22-10-2025,UPI-NETFLIX-DOCTOR CONSULTATION,0.0,656.0,,Health & Medical,9,307,Medical Expense Ledger,UPI NETFLIX DOCTOR CONSULTATION
22-10-2025,UPI-PVR CINEMAS-MISC-802076,0.0,4138.0,,Miscellaneous,12,499,Miscellaneous Ledger,UPI PVR CINEMAS MISC
06-11-2025,UPI-CREDCLUB-CRED PAYMENT-934736331,0.0,55304.0,,Credit Card Payment,11,401,Credit Card Payment Ledger,UPI CREDCLUB CRED PAYMENT
03-12-2025,UPI-PVR CINEMAS-CLOTHING,0.0,14320.0,,Shopping & Lifestyle,6,304,Shopping Expense Ledger,UPI PVR CINEMAS CLOTHING
19-01-2026,VEDANTA LIMITED INTEREST CREDIT-674901,4834.0,0.0,,Investment Income,2,202,Investment Income Ledger,VEDANTA LIMITED INTEREST CREDIT
08-07-2025,DMART SUBSCRIPTION-392164,0.0,486.0,,Entertainment,8,306,Entertainment Expense Ledger,DMART SUBSCRIPTION
26-01-2026,UPI-SPOTIFY-GAS CYLINDER PAYMENT,0.0,4975.0,,Utilities & Bills,7,305,Utilities Expense Ledger,UPI SPOTIFY GAS CYLINDER PAYMENT
29-09-2025,DIVIDEND CREDIT VEDANTA LIMITED-680206,7078.0,0.0,,Investment Income,2,202,Investment Income Ledger,DIVIDEND CREDIT VEDANTA LIMITED
29-04-2025,DIVIDEND CREDIT ASIAN PAINTS LTD-455752,1002.0,0.0,,Investment Income,2,202,Investment Income Ledger,DIVIDEND CREDIT ASIAN PAINTS LTD
22-04-2025,UPI-DOMINOS PIZZA-GAS CYLINDER PAYMENT,0.0,4117.0,,Utilities & Bills,7,305,Utilities Expense Ledger,UPI DOMINOS PIZZA GAS CYLINDER PAYMENT
31-07-2025,UPI-STARBUCKS-PHARMACY,0.0,3431.0,,Health & Medical,9,307,Medical Expense Ledger,UPI STARBUCKS PHARMACY
11-01-2026,UPI-CREDCLUB-CRED PAYMENT-402950543,0.0,70519.0,,Credit Card Payment,11,401,Credit Card Payment Ledger,UPI CREDCLUB CRED PAYMENT
14-12-2025,UPI-DMART-MISC-258988,706.0,0.0,,Miscellaneous,12,499,Miscellaneous Ledger,UPI DMART MISC
13-01-2026,UPI-AMAZON INDIA-CONCERT TICKETS,0.0,1896.0,,Entertainment,8,306,Entertainment Expense Ledger,UPI AMAZON INDIA CONCERT TICKETS
06-10-2025,UPI-STARBUCKS-LUNCH,0.0,2130.0,,Groceries & Food,3,301,Groceries Expense Ledger,UPI STARBUCKS LUNCH
08-09-2025,ACH C- HDFC BANK DIVIDEND-547185,5609.0,0.0,,Investment Income,2,202,Investment Income Ledger,ACH C HDFC BANK DIVIDEND
24-05-2025,DIVIDEND CREDIT TCS LIMITED-873292,6232.0,0.0,,Investment Income,2,202,Investment Income Ledger,DIVIDEND CREDIT TCS LIMITED
29-07-2025,JUL 2025 SALARY CREDIT,67703.0,0.0,,Salary Income,1,201,Salary Ledger,JUL SALARY CREDIT
05-09-2025,UPI-UBER-FOOD,0.0,1727.0,,Groceries & Food,3,301,Groceries Expense Ledger,UPI UBER FOOD
03-05-2025,UPI-UBER-BROADBAND BILL,0.0,2484.0,,Utilities & Bills,7,305,Utilities Expense Ledger,UPI UBER BROADBAND BILL
20-06-2025,UPI-CREDCLUB-CRED PAYMENT-455151631,0.0,52672.0,,Credit Card Payment,11,401,Credit Card Payment Ledger,UPI CREDCLUB CRED PAYMENT
04-11-2025,UPI-IRCTC UTS-DOCTOR CONSULTATION,0.0,5929.0,,Health & Medical,9,307,Medical Expense Ledger,UPI IRCTC UTS DOCTOR CONSULTATION
24-12-2025,UPI-UBER-SHOPPING,0.0,13255.0,,Shopping & Lifestyle,6,304,Shopping Expense Ledger,UPI UBER SHOPPING
30-03-2026,UPI-LENSKART-SHOPPING,0.0,6904.0,,Shopping & Lifestyle,6,304,Shopping Expense Ledger,UPI LENSKART SHOPPING
06-03-2026,HINDUSTAN UNILEVER LTD INTEREST CREDIT-481050,9745.0,0.0,,Investment Income,2,202,Investment Income Ledger,HINDUSTAN UNILEVER LTD INTEREST CREDIT
20-11-2025,UPI-ZERODHA BROKING LTD-ONLINE SHOPPING,0.0,2068.0,,Shopping & Lifestyle,6,304,Shopping Expense Ledger,UPI ZERODHA BROKING LTD ONLINE SHOPPING
01-09-2025,SALARY CREDIT SEP 2025,52043.0,0.0,,Salary Income,1,201,Salary Ledger,SALARY CREDIT SEP
18-11-2025,UPI-AIRTEL PAYMENTS BANK-PHARMACY,0.0,6210.0,,Health & Medical,9,307,Medical Expense Ledger,UPI AIRTEL PAYMENTS BANK PHARMACY
11-01-2026,UPI-IRCTC UTS-BROADBAND BILL,0.0,2975.0,,Utilities & Bills,7,305,Utilities Expense Ledger,UPI IRCTC UTS BROADBAND BILL
14-05-2025,APR MAY SALARY,77405.0,0.0,,Salary Income,1,201,Salary Ledger,APR MAY SALARY
28-08-2025,UPI-DOMINOS PIZZA-LAB TESTS,0.0,6234.0,,Health & Medical,9,307,Medical Expense Ledger,UPI DOMINOS PIZZA LAB TESTS
31-01-2026,ACH C- RELIANCE INDUSTRIES DIVIDEND-100209,8507.0,0.0,,Investment Income,2,202,Investment Income Ledger,ACH C RELIANCE INDUSTRIES DIVIDEND
18-08-2025,ZERODHA BROKING LTD SUBSCRIPTION-490300,0.0,253.0,,Entertainment,8,306,Entertainment Expense Ledger,ZERODHA BROKING LTD SUBSCRIPTION
26-10-2025,UPI-IRCTC UTS-TICKET-870971111,0.0,3248.0,,Transport & Travel,5,303,Travel Expense Ledger,UPI IRCTC UTS TICKET
31-10-2025,UPI-BHARGAV SANDEEP DESAI-JUICE,0.0,628.0,,Groceries & Food,3,301,Groceries Expense Ledger,UPI BHARGAV SANDEEP DESAI JUICE
07-06-2025,AIRTEL PAYMENTS BANK SUBSCRIPTION-395761,0.0,4032.0,,Entertainment,8,306,Entertainment Expense Ledger,AIRTEL PAYMENTS BANK SUBSCRIPTION
10-08-2025,UPI-CREDCLUB-CRED PAYMENT-410772041,0.0,51624.0,,Credit Card Payment,11,401,Credit Card Payment Ledger,UPI CREDCLUB CRED PAYMENT
31-07-2025,UPI-BHARGAV SANDEEP DESAI-MISC-615882,0.0,7082.0,,Miscellaneous,12,499,Miscellaneous Ledger,UPI BHARGAV SANDEEP DESAI MISC
10-04-2025,NEFT CR-SALARY-INFOSYS LIMITED,68584.0,0.0,,Salary Income,1,201,Salary Ledger,NEFT CR SALARY INFOSYS LIMITED
09-04-2025,UPI-ZERODHA BROKING LTD-STATIONERY,0.0,9111.0,,Education & Books,10,308,Education Expense Ledger,UPI ZERODHA BROKING LTD STATIONERY
28-01-2026,NEFT-RENT-665764,0.0,41868.0,,Rent & Housing,4,302,Rent Expense Ledger,NEFT RENT
09-07-2025,UPI-UBER-GOA TRIP EXPENSES,0.0,14001.0,,Transport & Travel,5,303,Travel Expense Ledger,UPI UBER GOA TRIP EXPENSES
06-10-2025,UPI-LENSKART-GAMING,0.0,3623.0,,Entertainment,8,306,Entertainment Expense Ledger,UPI LENSKART GAMING
18-07-2025,UPI-AMAZON INDIA-ONLINE SHOPPING,0.0,5195.0,,Shopping & Lifestyle,6,304,Shopping Expense Ledger,UPI AMAZON INDIA ONLINE SHOPPING
09-03-2026,UPI-APOLLO PHARMACY-MUMBAI TRIP,0.0,9392.0,,Transport & Travel,5,303,Travel Expense Ledger,UPI APOLLO PHARMACY MUMBAI TRIP
04-07-2025,UPI-IRCTC UTS-ONLINE COURSE,0.0,823.0,,Education & Books,10,308,Education Expense Ledger,UPI IRCTC UTS ONLINE COURSE
04-09-2025,UPI-CREDCLUB-MOBILE BILL,0.0,1250.0,,Utilities & Bills,7,305,Utilities Expense Ledger,UPI CREDCLUB MOBILE BILL
12-02-2026,UPI-MYNTRA-JUICE,0.0,1379.0,,Groceries & Food,3,301,Groceries Expense Ledger,UPI MYNTRA JUICE
01-02-2026,SALARY CREDIT FEB 2026,76135.0,0.0,,Salary Income,1,201,Salary Ledger,SALARY CREDIT FEB
07-06-2025,DIVIDEND CREDIT VEDANTA LIMITED-465750,1623.0,0.0,,Investment Income,2,202,Investment Income Ledger,DIVIDEND CREDIT VEDANTA LIMITED
18-01-2026,UPI-NATURAL ICE CREAM-JUICE,0.0,2204.0,,Groceries & Food,3,301,Groceries Expense Ledger,UPI NATURAL ICE CREAM JUICE
14-09-2025,UPI-RELIANCE DIGITAL-SHOPPING,0.0,16015.0,,Shopping & Lifestyle,6,304,Shopping Expense Ledger,UPI RELIANCE DIGITAL SHOPPING
23-09-2025,DIVIDEND CREDIT ASIAN PAINTS LTD-728468,2433.0,0.0,,Investment Income,2,202,Investment Income Ledger,DIVIDEND CREDIT ASIAN PAINTS LTD
19-05-2025,UPI-MYNTRA-GOA TRIP EXPENSES,0.0,12989.0,,Transport & Travel,5,303,Travel Expense Ledger,UPI MYNTRA GOA TRIP EXPENSES
30-04-2025,UPI-ZOMATO-CONCERT TICKETS,0.0,123.0,,Entertainment,8,306,Entertainment Expense Ledger,UPI ZOMATO CONCERT TICKETS
21-12-2025,UPI-MYNTRA-CONCERT TICKETS,0.0,4418.0,,Entertainment,8,306,Entertainment Expense Ledger,UPI MYNTRA CONCERT TICKETS
28-09-2025,HDFC BANK INTEREST CREDIT-301587,2010.0,0.0,,Investment Income,2,202,Investment Income Ledger,HDFC BANK INTEREST CREDIT
07-09-2025,UPI-ZERODHA BROKING LTD-MISC-985155,0.0,1262.0,,Miscellaneous,12,499,Miscellaneous Ledger,UPI ZERODHA BROKING LTD MISC
22-12-2025,UPI-AK JUICE CENTRE-MEDICAL BILL,0.0,3859.0,,Health & Medical,9,307,Medical Expense Ledger,UPI AK JUICE CENTRE MEDICAL BILL
04-01-2026,UPI-GOOGLEPAY-LAB TESTS,0.0,1478.0,,Health & Medical,9,307,Medical Expense Ledger,UPI GOOGLEPAY LAB TESTS
28-05-2025,MAY 2025 SALARY CREDIT,74108.0,0.0,,Salary Income,1,201,Salary Ledger,MAY SALARY CREDIT
09-11-2025,UPI-GOOGLEPAY-PHARMACY,0.0,6788.0,,Health & Medical,9,307,Medical Expense Ledger,UPI GOOGLEPAY PHARMACY
20-05-2025,DIVIDEND CREDIT RELIANCE INDUSTRIES-199596,641.0,0.0,,Investment Income,2,202,Investment Income Ledger,DIVIDEND CREDIT RELIANCE INDUSTRIES
30-12-2025,UPI-DMART-BROADBAND BILL,0.0,387.0,,Utilities & Bills,7,305,Utilities Expense Ledger,UPI DMART BROADBAND BILL
26-11-2025,UPI-STARBUCKS-MOBILE BILL,0.0,728.0,,Utilities & Bills,7,305,Utilities Expense Ledger,UPI STARBUCKS MOBILE BILL
15-03-2026,UPI-CROSSWORD BOOKSTORE-BROADBAND BILL,0.0,3712.0,,Utilities & Bills,7,305,Utilities Expense Ledger,UPI CROSSWORD BOOKSTORE BROADBAND BILL
26-04-2025,UPI-STARBUCKS-BROADBAND BILL,0.0,637.0,,Utilities & Bills,7,305,Utilities Expense Ledger,UPI STARBUCKS BROADBAND BILL
21-04-2025,SALARY CREDIT APR 2025,81756.0,0.0,,Salary Income,1,201,Salary Ledger,SALARY CREDIT APR
12-07-2025,UPI-FLIPKART-ONLINE COURSE,0.0,5994.0,,Education & Books,10,308,#NAME?,UPI FLIPKART ONLINE COURSE
